date,day_of_week,month,item_name,time_slot,price,quantity_sold,inventory_level
2023-01-01,Sunday,1,Pizza,Lunch,350,182,419
2023-01-01,Sunday,1,Pizza,Dinner,350,206,393
2023-01-01,Sunday,1,Burger,Lunch,200,126,261
2023-01-01,Sunday,1,Burger,Dinner,200,163,237
2023-01-01,Sunday,1,Pasta,Lunch,300,125,301
2023-01-01,Sunday,1,Pasta,Dinner,300,153,218
2023-01-01,Sunday,1,Sandwich,Lunch,180,95,287
2023-01-01,Sunday,1,Sandwich,Dinner,180,110,403
2023-01-01,Sunday,1,Salad,Lunch,150,88,496
2023-01-01,Sunday,1,Salad,Dinner,150,84,433
2023-01-01,Sunday,1,Biryani,Lunch,250,189,452
2023-01-01,Sunday,1,Biryani,Dinner,250,234,471
2023-01-01,Sunday,1,Fried Rice,Lunch,220,133,221
2023-01-01,Sunday,1,Fried Rice,Dinner,220,166,268
2023-01-01,Sunday,1,Noodles,Lunch,210,121,350
2023-01-01,Sunday,1,Noodles,Dinner,210,139,237
2023-01-01,Sunday,1,Ice Cream,Lunch,120,90,293
2023-01-01,Sunday,1,Ice Cream,Dinner,120,86,492
2023-01-01,Sunday,1,Coffee,Lunch,100,149,389
2023-01-01,Sunday,1,Coffee,Dinner,100,171,206
2023-01-02,Monday,1,Pizza,Lunch,350,101,242
2023-01-02,Monday,1,Pizza,Dinner,350,142,226
2023-01-02,Monday,1,Burger,Lunch,200,89,303
2023-01-02,Monday,1,Burger,Dinner,200,133,429
2023-01-02,Monday,1,Pasta,Lunch,300,62,207
2023-01-02,Monday,1,Pasta,Dinner,300,81,390
2023-01-02,Monday,1,Sandwich,Lunch,180,74,441
2023-01-02,Monday,1,Sandwich,Dinner,180,97,410
2023-01-02,Monday,1,Salad,Lunch,150,58,272
2023-01-02,Monday,1,Salad,Dinner,150,63,460
2023-01-02,Monday,1,Biryani,Lunch,250,140,429
2023-01-02,Monday,1,Biryani,Dinner,250,172,270
2023-01-02,Monday,1,Fried Rice,Lunch,220,81,352
2023-01-02,Monday,1,Fried Rice,Dinner,220,90,414
2023-01-02,Monday,1,Noodles,Lunch,210,91,494
2023-01-02,Monday,1,Noodles,Dinner,210,102,484
2023-01-02,Monday,1,Ice Cream,Lunch,120,43,419
2023-01-02,Monday,1,Ice Cream,Dinner,120,62,484
2023-01-02,Monday,1,Coffee,Lunch,100,126,360
2023-01-02,Monday,1,Coffee,Dinner,100,134,333
2023-01-03,Tuesday,1,Pizza,Lunch,350,132,448
2023-01-03,Tuesday,1,Pizza,Dinner,350,144,325
2023-01-03,Tuesday,1,Burger,Lunch,200,92,462
2023-01-03,Tuesday,1,Burger,Dinner,200,114,310
2023-01-03,Tuesday,1,Pasta,Lunch,300,61,279
2023-01-03,Tuesday,1,Pasta,Dinner,300,96,294
2023-01-03,Tuesday,1,Sandwich,Lunch,180,82,338
2023-01-03,Tuesday,1,Sandwich,Dinner,180,86,289
2023-01-03,Tuesday,1,Salad,Lunch,150,45,444
2023-01-03,Tuesday,1,Salad,Dinner,150,64,418
2023-01-03,Tuesday,1,Biryani,Lunch,250,150,484
2023-01-03,Tuesday,1,Biryani,Dinner,250,157,218
2023-01-03,Tuesday,1,Fried Rice,Lunch,220,91,222
2023-01-03,Tuesday,1,Fried Rice,Dinner,220,104,227
2023-01-03,Tuesday,1,Noodles,Lunch,210,97,243
2023-01-03,Tuesday,1,Noodles,Dinner,210,103,257
2023-01-03,Tuesday,1,Ice Cream,Lunch,120,80,446
2023-01-03,Tuesday,1,Ice Cream,Dinner,120,66,484
2023-01-03,Tuesday,1,Coffee,Lunch,100,94,453
2023-01-03,Tuesday,1,Coffee,Dinner,100,141,356
2023-01-04,Wednesday,1,Pizza,Lunch,350,106,410
2023-01-04,Wednesday,1,Pizza,Dinner,350,158,498
2023-01-04,Wednesday,1,Burger,Lunch,200,86,330
2023-01-04,Wednesday,1,Burger,Dinner,200,107,480
2023-01-04,Wednesday,1,Pasta,Lunch,300,87,315
2023-01-04,Wednesday,1,Pasta,Dinner,300,87,480
2023-01-04,Wednesday,1,Sandwich,Lunch,180,85,230
2023-01-04,Wednesday,1,Sandwich,Dinner,180,90,245
2023-01-04,Wednesday,1,Salad,Lunch,150,53,433
2023-01-04,Wednesday,1,Salad,Dinner,150,64,405
2023-01-04,Wednesday,1,Biryani,Lunch,250,119,500
2023-01-04,Wednesday,1,Biryani,Dinner,250,176,266
2023-01-04,Wednesday,1,Fried Rice,Lunch,220,77,364
2023-01-04,Wednesday,1,Fried Rice,Dinner,220,89,246
2023-01-04,Wednesday,1,Noodles,Lunch,210,77,392
2023-01-04,Wednesday,1,Noodles,Dinner,210,98,321
2023-01-04,Wednesday,1,Ice Cream,Lunch,120,50,491
2023-01-04,Wednesday,1,Ice Cream,Dinner,120,79,497
2023-01-04,Wednesday,1,Coffee,Lunch,100,118,436
2023-01-04,Wednesday,1,Coffee,Dinner,100,128,461
2023-01-05,Thursday,1,Pizza,Lunch,350,137,435
2023-01-05,Thursday,1,Pizza,Dinner,350,149,379
2023-01-05,Thursday,1,Burger,Lunch,200,80,351
2023-01-05,Thursday,1,Burger,Dinner,200,124,484
2023-01-05,Thursday,1,Pasta,Lunch,300,83,416
2023-01-05,Thursday,1,Pasta,Dinner,300,84,246
2023-01-05,Thursday,1,Sandwich,Lunch,180,52,214
2023-01-05,Thursday,1,Sandwich,Dinner,180,71,208
2023-01-05,Thursday,1,Salad,Lunch,150,43,295
2023-01-05,Thursday,1,Salad,Dinner,150,54,442
2023-01-05,Thursday,1,Biryani,Lunch,250,148,309
2023-01-05,Thursday,1,Biryani,Dinner,250,170,436
2023-01-05,Thursday,1,Fried Rice,Lunch,220,70,369
2023-01-05,Thursday,1,Fried Rice,Dinner,220,115,307
2023-01-05,Thursday,1,Noodles,Lunch,210,92,487
2023-01-05,Thursday,1,Noodles,Dinner,210,89,435
2023-01-05,Thursday,1,Ice Cream,Lunch,120,52,209
2023-01-05,Thursday,1,Ice Cream,Dinner,120,67,437
2023-01-05,Thursday,1,Coffee,Lunch,100,96,277
2023-01-05,Thursday,1,Coffee,Dinner,100,149,369
2023-01-06,Friday,1,Pizza,Lunch,350,126,419
2023-01-06,Friday,1,Pizza,Dinner,350,154,329
2023-01-06,Friday,1,Burger,Lunch,200,120,421
2023-01-06,Friday,1,Burger,Dinner,200,135,395
2023-01-06,Friday,1,Pasta,Lunch,300,96,400
2023-01-06,Friday,1,Pasta,Dinner,300,111,276
2023-01-06,Friday,1,Sandwich,Lunch,180,74,426
2023-01-06,Friday,1,Sandwich,Dinner,180,71,324
2023-01-06,Friday,1,Salad,Lunch,150,56,410
2023-01-06,Friday,1,Salad,Dinner,150,60,476
2023-01-06,Friday,1,Biryani,Lunch,250,133,275
2023-01-06,Friday,1,Biryani,Dinner,250,140,322
2023-01-06,Friday,1,Fried Rice,Lunch,220,93,435
2023-01-06,Friday,1,Fried Rice,Dinner,220,91,279
2023-01-06,Friday,1,Noodles,Lunch,210,73,448
2023-01-06,Friday,1,Noodles,Dinner,210,95,285
2023-01-06,Friday,1,Ice Cream,Lunch,120,66,227
2023-01-06,Friday,1,Ice Cream,Dinner,120,91,466
2023-01-06,Friday,1,Coffee,Lunch,100,112,260
2023-01-06,Friday,1,Coffee,Dinner,100,133,296
2023-01-07,Saturday,1,Pizza,Lunch,350,167,206
2023-01-07,Saturday,1,Pizza,Dinner,350,187,423
2023-01-07,Saturday,1,Burger,Lunch,200,123,403
2023-01-07,Saturday,1,Burger,Dinner,200,171,436
2023-01-07,Saturday,1,Pasta,Lunch,300,127,267
2023-01-07,Saturday,1,Pasta,Dinner,300,121,399
2023-01-07,Saturday,1,Sandwich,Lunch,180,116,392
2023-01-07,Saturday,1,Sandwich,Dinner,180,99,423
2023-01-07,Saturday,1,Salad,Lunch,150,61,238
2023-01-07,Saturday,1,Salad,Dinner,150,90,314
2023-01-07,Saturday,1,Biryani,Lunch,250,187,275
2023-01-07,Saturday,1,Biryani,Dinner,250,229,398
2023-01-07,Saturday,1,Fried Rice,Lunch,220,106,263
2023-01-07,Saturday,1,Fried Rice,Dinner,220,160,500
2023-01-07,Saturday,1,Noodles,Lunch,210,111,303
2023-01-07,Saturday,1,Noodles,Dinner,210,125,472
2023-01-07,Saturday,1,Ice Cream,Lunch,120,103,355
2023-01-07,Saturday,1,Ice Cream,Dinner,120,112,314
2023-01-07,Saturday,1,Coffee,Lunch,100,136,257
2023-01-07,Saturday,1,Coffee,Dinner,100,203,305
2023-01-08,Sunday,1,Pizza,Lunch,350,176,478
2023-01-08,Sunday,1,Pizza,Dinner,350,197,261
2023-01-08,Sunday,1,Burger,Lunch,200,121,288
2023-01-08,Sunday,1,Burger,Dinner,200,158,212
2023-01-08,Sunday,1,Pasta,Lunch,300,110,307
2023-01-08,Sunday,1,Pasta,Dinner,300,116,330
2023-01-08,Sunday,1,Sandwich,Lunch,180,92,280
2023-01-08,Sunday,1,Sandwich,Dinner,180,116,356
2023-01-08,Sunday,1,Salad,Lunch,150,54,220
2023-01-08,Sunday,1,Salad,Dinner,150,92,366
2023-01-08,Sunday,1,Biryani,Lunch,250,167,480
2023-01-08,Sunday,1,Biryani,Dinner,250,230,480
2023-01-08,Sunday,1,Fried Rice,Lunch,220,139,442
2023-01-08,Sunday,1,Fried Rice,Dinner,220,144,448
2023-01-08,Sunday,1,Noodles,Lunch,210,119,367
2023-01-08,Sunday,1,Noodles,Dinner,210,128,416
2023-01-08,Sunday,1,Ice Cream,Lunch,120,100,378
2023-01-08,Sunday,1,Ice Cream,Dinner,120,109,404
2023-01-08,Sunday,1,Coffee,Lunch,100,167,253
2023-01-08,Sunday,1,Coffee,Dinner,100,190,350
2023-01-09,Monday,1,Pizza,Lunch,350,133,284
2023-01-09,Monday,1,Pizza,Dinner,350,133,321
2023-01-09,Monday,1,Burger,Lunch,200,98,490
2023-01-09,Monday,1,Burger,Dinner,200,125,336
2023-01-09,Monday,1,Pasta,Lunch,300,62,383
2023-01-09,Monday,1,Pasta,Dinner,300,109,242
2023-01-09,Monday,1,Sandwich,Lunch,180,71,398
2023-01-09,Monday,1,Sandwich,Dinner,180,103,389
2023-01-09,Monday,1,Salad,Lunch,150,30,315
2023-01-09,Monday,1,Salad,Dinner,150,61,298
2023-01-09,Monday,1,Biryani,Lunch,250,115,493
2023-01-09,Monday,1,Biryani,Dinner,250,166,200
2023-01-09,Monday,1,Fried Rice,Lunch,220,80,372
2023-01-09,Monday,1,Fried Rice,Dinner,220,116,337
2023-01-09,Monday,1,Noodles,Lunch,210,71,253
2023-01-09,Monday,1,Noodles,Dinner,210,110,430
2023-01-09,Monday,1,Ice Cream,Lunch,120,76,467
2023-01-09,Monday,1,Ice Cream,Dinner,120,55,424
2023-01-09,Monday,1,Coffee,Lunch,100,115,454
2023-01-09,Monday,1,Coffee,Dinner,100,152,459
2023-01-10,Tuesday,1,Pizza,Lunch,350,117,447
2023-01-10,Tuesday,1,Pizza,Dinner,350,163,332
2023-01-10,Tuesday,1,Burger,Lunch,200,88,495
2023-01-10,Tuesday,1,Burger,Dinner,200,106,492
2023-01-10,Tuesday,1,Pasta,Lunch,300,80,292
2023-01-10,Tuesday,1,Pasta,Dinner,300,89,222
2023-01-10,Tuesday,1,Sandwich,Lunch,180,85,489
2023-01-10,Tuesday,1,Sandwich,Dinner,180,82,273
2023-01-10,Tuesday,1,Salad,Lunch,150,69,337
2023-01-10,Tuesday,1,Salad,Dinner,150,51,391
2023-01-10,Tuesday,1,Biryani,Lunch,250,115,308
2023-01-10,Tuesday,1,Biryani,Dinner,250,157,376
2023-01-10,Tuesday,1,Fried Rice,Lunch,220,78,386
2023-01-10,Tuesday,1,Fried Rice,Dinner,220,94,346
2023-01-10,Tuesday,1,Noodles,Lunch,210,86,347
2023-01-10,Tuesday,1,Noodles,Dinner,210,96,286
2023-01-10,Tuesday,1,Ice Cream,Lunch,120,43,217
2023-01-10,Tuesday,1,Ice Cream,Dinner,120,91,227
2023-01-10,Tuesday,1,Coffee,Lunch,100,97,369
2023-01-10,Tuesday,1,Coffee,Dinner,100,143,265
2023-01-11,Wednesday,1,Pizza,Lunch,350,133,471
2023-01-11,Wednesday,1,Pizza,Dinner,350,132,354
2023-01-11,Wednesday,1,Burger,Lunch,200,103,235
2023-01-11,Wednesday,1,Burger,Dinner,200,108,236
2023-01-11,Wednesday,1,Pasta,Lunch,300,62,331
2023-01-11,Wednesday,1,Pasta,Dinner,300,102,264
2023-01-11,Wednesday,1,Sandwich,Lunch,180,56,495
2023-01-11,Wednesday,1,Sandwich,Dinner,180,92,225
2023-01-11,Wednesday,1,Salad,Lunch,150,54,349
2023-01-11,Wednesday,1,Salad,Dinner,150,67,460
2023-01-11,Wednesday,1,Biryani,Lunch,250,112,245
2023-01-11,Wednesday,1,Biryani,Dinner,250,161,280
2023-01-11,Wednesday,1,Fried Rice,Lunch,220,101,446
2023-01-11,Wednesday,1,Fried Rice,Dinner,220,97,486
2023-01-11,Wednesday,1,Noodles,Lunch,210,101,260
2023-01-11,Wednesday,1,Noodles,Dinner,210,108,294
2023-01-11,Wednesday,1,Ice Cream,Lunch,120,73,246
2023-01-11,Wednesday,1,Ice Cream,Dinner,120,53,453
2023-01-11,Wednesday,1,Coffee,Lunch,100,91,468
2023-01-11,Wednesday,1,Coffee,Dinner,100,145,281
2023-01-12,Thursday,1,Pizza,Lunch,350,138,495
2023-01-12,Thursday,1,Pizza,Dinner,350,140,393
2023-01-12,Thursday,1,Burger,Lunch,200,94,445
2023-01-12,Thursday,1,Burger,Dinner,200,112,265
2023-01-12,Thursday,1,Pasta,Lunch,300,67,362
2023-01-12,Thursday,1,Pasta,Dinner,300,108,345
2023-01-12,Thursday,1,Sandwich,Lunch,180,72,259
2023-01-12,Thursday,1,Sandwich,Dinner,180,92,354
2023-01-12,Thursday,1,Salad,Lunch,150,60,416
2023-01-12,Thursday,1,Salad,Dinner,150,45,261
2023-01-12,Thursday,1,Biryani,Lunch,250,136,397
2023-01-12,Thursday,1,Biryani,Dinner,250,156,383
2023-01-12,Thursday,1,Fried Rice,Lunch,220,108,243
2023-01-12,Thursday,1,Fried Rice,Dinner,220,92,423
2023-01-12,Thursday,1,Noodles,Lunch,210,72,381
2023-01-12,Thursday,1,Noodles,Dinner,210,108,315
2023-01-12,Thursday,1,Ice Cream,Lunch,120,59,360
2023-01-12,Thursday,1,Ice Cream,Dinner,120,69,257
2023-01-12,Thursday,1,Coffee,Lunch,100,114,204
2023-01-12,Thursday,1,Coffee,Dinner,100,114,250
2023-01-13,Friday,1,Pizza,Lunch,350,135,385
2023-01-13,Friday,1,Pizza,Dinner,350,141,346
2023-01-13,Friday,1,Burger,Lunch,200,104,258
2023-01-13,Friday,1,Burger,Dinner,200,130,358
2023-01-13,Friday,1,Pasta,Lunch,300,82,357
2023-01-13,Friday,1,Pasta,Dinner,300,85,261
2023-01-13,Friday,1,Sandwich,Lunch,180,83,467
2023-01-13,Friday,1,Sandwich,Dinner,180,96,461
2023-01-13,Friday,1,Salad,Lunch,150,66,256
2023-01-13,Friday,1,Salad,Dinner,150,53,235
2023-01-13,Friday,1,Biryani,Lunch,250,112,237
2023-01-13,Friday,1,Biryani,Dinner,250,164,346
2023-01-13,Friday,1,Fried Rice,Lunch,220,73,438
2023-01-13,Friday,1,Fried Rice,Dinner,220,116,476
2023-01-13,Friday,1,Noodles,Lunch,210,97,393
2023-01-13,Friday,1,Noodles,Dinner,210,113,460
2023-01-13,Friday,1,Ice Cream,Lunch,120,72,288
2023-01-13,Friday,1,Ice Cream,Dinner,120,79,381
2023-01-13,Friday,1,Coffee,Lunch,100,121,363
2023-01-13,Friday,1,Coffee,Dinner,100,134,413
2023-01-14,Saturday,1,Pizza,Lunch,350,178,289
2023-01-14,Saturday,1,Pizza,Dinner,350,210,389
2023-01-14,Saturday,1,Burger,Lunch,200,145,240
2023-01-14,Saturday,1,Burger,Dinner,200,172,434
2023-01-14,Saturday,1,Pasta,Lunch,300,109,377
2023-01-14,Saturday,1,Pasta,Dinner,300,141,275
2023-01-14,Saturday,1,Sandwich,Lunch,180,80,401
2023-01-14,Saturday,1,Sandwich,Dinner,180,130,281
2023-01-14,Saturday,1,Salad,Lunch,150,76,335
2023-01-14,Saturday,1,Salad,Dinner,150,67,268
2023-01-14,Saturday,1,Biryani,Lunch,250,188,329
2023-01-14,Saturday,1,Biryani,Dinner,250,200,319
2023-01-14,Saturday,1,Fried Rice,Lunch,220,116,324
2023-01-14,Saturday,1,Fried Rice,Dinner,220,131,214
2023-01-14,Saturday,1,Noodles,Lunch,210,98,381
2023-01-14,Saturday,1,Noodles,Dinner,210,151,421
2023-01-14,Saturday,1,Ice Cream,Lunch,120,69,429
2023-01-14,Saturday,1,Ice Cream,Dinner,120,109,279
2023-01-14,Saturday,1,Coffee,Lunch,100,161,406
2023-01-14,Saturday,1,Coffee,Dinner,100,174,381
2023-01-15,Sunday,1,Pizza,Lunch,350,165,206
2023-01-15,Sunday,1,Pizza,Dinner,350,187,465
2023-01-15,Sunday,1,Burger,Lunch,200,155,217
2023-01-15,Sunday,1,Burger,Dinner,200,178,460
2023-01-15,Sunday,1,Pasta,Lunch,300,115,293
2023-01-15,Sunday,1,Pasta,Dinner,300,123,465
2023-01-15,Sunday,1,Sandwich,Lunch,180,99,486
2023-01-15,Sunday,1,Sandwich,Dinner,180,107,206
2023-01-15,Sunday,1,Salad,Lunch,150,90,341
2023-01-15,Sunday,1,Salad,Dinner,150,89,406
2023-01-15,Sunday,1,Biryani,Lunch,250,202,451
2023-01-15,Sunday,1,Biryani,Dinner,250,235,331
2023-01-15,Sunday,1,Fried Rice,Lunch,220,105,487
2023-01-15,Sunday,1,Fried Rice,Dinner,220,149,313
2023-01-15,Sunday,1,Noodles,Lunch,210,120,293
2023-01-15,Sunday,1,Noodles,Dinner,210,137,493
2023-01-15,Sunday,1,Ice Cream,Lunch,120,85,272
2023-01-15,Sunday,1,Ice Cream,Dinner,120,102,352
2023-01-15,Sunday,1,Coffee,Lunch,100,155,218
2023-01-15,Sunday,1,Coffee,Dinner,100,196,427
2023-01-16,Monday,1,Pizza,Lunch,350,114,411
2023-01-16,Monday,1,Pizza,Dinner,350,146,302
2023-01-16,Monday,1,Burger,Lunch,200,100,326
2023-01-16,Monday,1,Burger,Dinner,200,106,297
2023-01-16,Monday,1,Pasta,Lunch,300,92,332
2023-01-16,Monday,1,Pasta,Dinner,300,98,229
2023-01-16,Monday,1,Sandwich,Lunch,180,88,342
2023-01-16,Monday,1,Sandwich,Dinner,180,85,214
2023-01-16,Monday,1,Salad,Lunch,150,61,296
2023-01-16,Monday,1,Salad,Dinner,150,60,283
2023-01-16,Monday,1,Biryani,Lunch,250,150,453
2023-01-16,Monday,1,Biryani,Dinner,250,172,423
2023-01-16,Monday,1,Fried Rice,Lunch,220,88,397
2023-01-16,Monday,1,Fried Rice,Dinner,220,97,201
2023-01-16,Monday,1,Noodles,Lunch,210,89,318
2023-01-16,Monday,1,Noodles,Dinner,210,99,336
2023-01-16,Monday,1,Ice Cream,Lunch,120,47,469
2023-01-16,Monday,1,Ice Cream,Dinner,120,52,397
2023-01-16,Monday,1,Coffee,Lunch,100,128,273
2023-01-16,Monday,1,Coffee,Dinner,100,119,474
2023-01-17,Tuesday,1,Pizza,Lunch,350,113,393
2023-01-17,Tuesday,1,Pizza,Dinner,350,161,476
2023-01-17,Tuesday,1,Burger,Lunch,200,117,284
2023-01-17,Tuesday,1,Burger,Dinner,200,106,225
2023-01-17,Tuesday,1,Pasta,Lunch,300,79,259
2023-01-17,Tuesday,1,Pasta,Dinner,300,110,437
2023-01-17,Tuesday,1,Sandwich,Lunch,180,77,470
2023-01-17,Tuesday,1,Sandwich,Dinner,180,89,272
2023-01-17,Tuesday,1,Salad,Lunch,150,56,407
2023-01-17,Tuesday,1,Salad,Dinner,150,50,440
2023-01-17,Tuesday,1,Biryani,Lunch,250,128,322
2023-01-17,Tuesday,1,Biryani,Dinner,250,153,253
2023-01-17,Tuesday,1,Fried Rice,Lunch,220,84,293
2023-01-17,Tuesday,1,Fried Rice,Dinner,220,127,229
2023-01-17,Tuesday,1,Noodles,Lunch,210,77,312
2023-01-17,Tuesday,1,Noodles,Dinner,210,109,307
2023-01-17,Tuesday,1,Ice Cream,Lunch,120,46,405
2023-01-17,Tuesday,1,Ice Cream,Dinner,120,57,431
2023-01-17,Tuesday,1,Coffee,Lunch,100,107,422
2023-01-17,Tuesday,1,Coffee,Dinner,100,146,355
2023-01-18,Wednesday,1,Pizza,Lunch,350,114,484
2023-01-18,Wednesday,1,Pizza,Dinner,350,153,271
2023-01-18,Wednesday,1,Burger,Lunch,200,112,383
2023-01-18,Wednesday,1,Burger,Dinner,200,134,240
2023-01-18,Wednesday,1,Pasta,Lunch,300,98,433
2023-01-18,Wednesday,1,Pasta,Dinner,300,98,413
2023-01-18,Wednesday,1,Sandwich,Lunch,180,88,283
2023-01-18,Wednesday,1,Sandwich,Dinner,180,101,397
2023-01-18,Wednesday,1,Salad,Lunch,150,46,404
2023-01-18,Wednesday,1,Salad,Dinner,150,44,470
2023-01-18,Wednesday,1,Biryani,Lunch,250,122,331
2023-01-18,Wednesday,1,Biryani,Dinner,250,171,291
2023-01-18,Wednesday,1,Fried Rice,Lunch,220,81,402
2023-01-18,Wednesday,1,Fried Rice,Dinner,220,114,241
2023-01-18,Wednesday,1,Noodles,Lunch,210,84,375
2023-01-18,Wednesday,1,Noodles,Dinner,210,98,377
2023-01-18,Wednesday,1,Ice Cream,Lunch,120,77,266
2023-01-18,Wednesday,1,Ice Cream,Dinner,120,75,424
2023-01-18,Wednesday,1,Coffee,Lunch,100,110,372
2023-01-18,Wednesday,1,Coffee,Dinner,100,133,359
2023-01-19,Thursday,1,Pizza,Lunch,350,109,432
2023-01-19,Thursday,1,Pizza,Dinner,350,126,495
2023-01-19,Thursday,1,Burger,Lunch,200,101,218
2023-01-19,Thursday,1,Burger,Dinner,200,123,219
2023-01-19,Thursday,1,Pasta,Lunch,300,79,474
2023-01-19,Thursday,1,Pasta,Dinner,300,106,441
2023-01-19,Thursday,1,Sandwich,Lunch,180,52,266
2023-01-19,Thursday,1,Sandwich,Dinner,180,68,200
2023-01-19,Thursday,1,Salad,Lunch,150,31,269
2023-01-19,Thursday,1,Salad,Dinner,150,55,426
2023-01-19,Thursday,1,Biryani,Lunch,250,127,428
2023-01-19,Thursday,1,Biryani,Dinner,250,159,498
2023-01-19,Thursday,1,Fried Rice,Lunch,220,72,311
2023-01-19,Thursday,1,Fried Rice,Dinner,220,115,386
2023-01-19,Thursday,1,Noodles,Lunch,210,67,345
2023-01-19,Thursday,1,Noodles,Dinner,210,92,278
2023-01-19,Thursday,1,Ice Cream,Lunch,120,79,217
2023-01-19,Thursday,1,Ice Cream,Dinner,120,62,369
2023-01-19,Thursday,1,Coffee,Lunch,100,105,350
2023-01-19,Thursday,1,Coffee,Dinner,100,142,363
2023-01-20,Friday,1,Pizza,Lunch,350,103,335
2023-01-20,Friday,1,Pizza,Dinner,350,142,262
2023-01-20,Friday,1,Burger,Lunch,200,90,253
2023-01-20,Friday,1,Burger,Dinner,200,108,499
2023-01-20,Friday,1,Pasta,Lunch,300,73,242
2023-01-20,Friday,1,Pasta,Dinner,300,96,263
2023-01-20,Friday,1,Sandwich,Lunch,180,76,400
2023-01-20,Friday,1,Sandwich,Dinner,180,104,213
2023-01-20,Friday,1,Salad,Lunch,150,53,301
2023-01-20,Friday,1,Salad,Dinner,150,51,412
2023-01-20,Friday,1,Biryani,Lunch,250,140,402
2023-01-20,Friday,1,Biryani,Dinner,250,156,355
2023-01-20,Friday,1,Fried Rice,Lunch,220,79,429
2023-01-20,Friday,1,Fried Rice,Dinner,220,108,218
2023-01-20,Friday,1,Noodles,Lunch,210,82,399
2023-01-20,Friday,1,Noodles,Dinner,210,87,451
2023-01-20,Friday,1,Ice Cream,Lunch,120,42,310
2023-01-20,Friday,1,Ice Cream,Dinner,120,90,349
2023-01-20,Friday,1,Coffee,Lunch,100,111,285
2023-01-20,Friday,1,Coffee,Dinner,100,123,366
2023-01-21,Saturday,1,Pizza,Lunch,350,175,493
2023-01-21,Saturday,1,Pizza,Dinner,350,217,326
2023-01-21,Saturday,1,Burger,Lunch,200,135,272
2023-01-21,Saturday,1,Burger,Dinner,200,178,386
2023-01-21,Saturday,1,Pasta,Lunch,300,122,292
2023-01-21,Saturday,1,Pasta,Dinner,300,119,298
2023-01-21,Saturday,1,Sandwich,Lunch,180,90,330
2023-01-21,Saturday,1,Sandwich,Dinner,180,108,491
2023-01-21,Saturday,1,Salad,Lunch,150,80,283
2023-01-21,Saturday,1,Salad,Dinner,150,65,400
2023-01-21,Saturday,1,Biryani,Lunch,250,189,450
2023-01-21,Saturday,1,Biryani,Dinner,250,207,259
2023-01-21,Saturday,1,Fried Rice,Lunch,220,112,332
2023-01-21,Saturday,1,Fried Rice,Dinner,220,171,373
2023-01-21,Saturday,1,Noodles,Lunch,210,137,215
2023-01-21,Saturday,1,Noodles,Dinner,210,145,328
2023-01-21,Saturday,1,Ice Cream,Lunch,120,104,227
2023-01-21,Saturday,1,Ice Cream,Dinner,120,87,477
2023-01-21,Saturday,1,Coffee,Lunch,100,156,222
2023-01-21,Saturday,1,Coffee,Dinner,100,180,316
2023-01-22,Sunday,1,Pizza,Lunch,350,180,337
2023-01-22,Sunday,1,Pizza,Dinner,350,191,484
2023-01-22,Sunday,1,Burger,Lunch,200,126,315
2023-01-22,Sunday,1,Burger,Dinner,200,159,230
2023-01-22,Sunday,1,Pasta,Lunch,300,115,455
2023-01-22,Sunday,1,Pasta,Dinner,300,134,298
2023-01-22,Sunday,1,Sandwich,Lunch,180,101,295
2023-01-22,Sunday,1,Sandwich,Dinner,180,111,351
2023-01-22,Sunday,1,Salad,Lunch,150,85,289
2023-01-22,Sunday,1,Salad,Dinner,150,67,415
2023-01-22,Sunday,1,Biryani,Lunch,250,181,216
2023-01-22,Sunday,1,Biryani,Dinner,250,231,328
2023-01-22,Sunday,1,Fried Rice,Lunch,220,119,383
2023-01-22,Sunday,1,Fried Rice,Dinner,220,171,338
2023-01-22,Sunday,1,Noodles,Lunch,210,136,300
2023-01-22,Sunday,1,Noodles,Dinner,210,131,247
2023-01-22,Sunday,1,Ice Cream,Lunch,120,81,498
2023-01-22,Sunday,1,Ice Cream,Dinner,120,84,373
2023-01-22,Sunday,1,Coffee,Lunch,100,155,203
2023-01-22,Sunday,1,Coffee,Dinner,100,196,259
2023-01-23,Monday,1,Pizza,Lunch,350,123,271
2023-01-23,Monday,1,Pizza,Dinner,350,143,391
2023-01-23,Monday,1,Burger,Lunch,200,113,269
2023-01-23,Monday,1,Burger,Dinner,200,138,242
2023-01-23,Monday,1,Pasta,Lunch,300,73,445
2023-01-23,Monday,1,Pasta,Dinner,300,114,453
2023-01-23,Monday,1,Sandwich,Lunch,180,55,285
2023-01-23,Monday,1,Sandwich,Dinner,180,99,392
2023-01-23,Monday,1,Salad,Lunch,150,50,269
2023-01-23,Monday,1,Salad,Dinner,150,41,208
2023-01-23,Monday,1,Biryani,Lunch,250,122,297
2023-01-23,Monday,1,Biryani,Dinner,250,152,408
2023-01-23,Monday,1,Fried Rice,Lunch,220,79,497
2023-01-23,Monday,1,Fried Rice,Dinner,220,110,294
2023-01-23,Monday,1,Noodles,Lunch,210,97,457
2023-01-23,Monday,1,Noodles,Dinner,210,104,474
2023-01-23,Monday,1,Ice Cream,Lunch,120,48,350
2023-01-23,Monday,1,Ice Cream,Dinner,120,83,419
2023-01-23,Monday,1,Coffee,Lunch,100,92,286
2023-01-23,Monday,1,Coffee,Dinner,100,121,374
2023-01-24,Tuesday,1,Pizza,Lunch,350,125,270
2023-01-24,Tuesday,1,Pizza,Dinner,350,142,309
2023-01-24,Tuesday,1,Burger,Lunch,200,119,213
2023-01-24,Tuesday,1,Burger,Dinner,200,109,379
2023-01-24,Tuesday,1,Pasta,Lunch,300,76,222
2023-01-24,Tuesday,1,Pasta,Dinner,300,92,424
2023-01-24,Tuesday,1,Sandwich,Lunch,180,58,487
2023-01-24,Tuesday,1,Sandwich,Dinner,180,86,318
2023-01-24,Tuesday,1,Salad,Lunch,150,47,453
2023-01-24,Tuesday,1,Salad,Dinner,150,48,240
2023-01-24,Tuesday,1,Biryani,Lunch,250,113,335
2023-01-24,Tuesday,1,Biryani,Dinner,250,165,289
2023-01-24,Tuesday,1,Fried Rice,Lunch,220,89,351
2023-01-24,Tuesday,1,Fried Rice,Dinner,220,101,244
2023-01-24,Tuesday,1,Noodles,Lunch,210,88,461
2023-01-24,Tuesday,1,Noodles,Dinner,210,98,415
2023-01-24,Tuesday,1,Ice Cream,Lunch,120,60,323
2023-01-24,Tuesday,1,Ice Cream,Dinner,120,66,370
2023-01-24,Tuesday,1,Coffee,Lunch,100,125,238
2023-01-24,Tuesday,1,Coffee,Dinner,100,146,488
2023-01-25,Wednesday,1,Pizza,Lunch,350,116,438
2023-01-25,Wednesday,1,Pizza,Dinner,350,137,392
2023-01-25,Wednesday,1,Burger,Lunch,200,114,253
2023-01-25,Wednesday,1,Burger,Dinner,200,106,417
2023-01-25,Wednesday,1,Pasta,Lunch,300,70,463
2023-01-25,Wednesday,1,Pasta,Dinner,300,105,367
2023-01-25,Wednesday,1,Sandwich,Lunch,180,77,244
2023-01-25,Wednesday,1,Sandwich,Dinner,180,78,402
2023-01-25,Wednesday,1,Salad,Lunch,150,32,298
2023-01-25,Wednesday,1,Salad,Dinner,150,79,235
2023-01-25,Wednesday,1,Biryani,Lunch,250,138,294
2023-01-25,Wednesday,1,Biryani,Dinner,250,173,312
2023-01-25,Wednesday,1,Fried Rice,Lunch,220,79,414
2023-01-25,Wednesday,1,Fried Rice,Dinner,220,122,263
2023-01-25,Wednesday,1,Noodles,Lunch,210,65,324
2023-01-25,Wednesday,1,Noodles,Dinner,210,88,307
2023-01-25,Wednesday,1,Ice Cream,Lunch,120,55,239
2023-01-25,Wednesday,1,Ice Cream,Dinner,120,63,395
2023-01-25,Wednesday,1,Coffee,Lunch,100,123,341
2023-01-25,Wednesday,1,Coffee,Dinner,100,114,241
2023-01-26,Thursday,1,Pizza,Lunch,350,111,335
2023-01-26,Thursday,1,Pizza,Dinner,350,140,480
2023-01-26,Thursday,1,Burger,Lunch,200,92,386
2023-01-26,Thursday,1,Burger,Dinner,200,118,294
2023-01-26,Thursday,1,Pasta,Lunch,300,76,278
2023-01-26,Thursday,1,Pasta,Dinner,300,82,363
2023-01-26,Thursday,1,Sandwich,Lunch,180,56,449
2023-01-26,Thursday,1,Sandwich,Dinner,180,101,269
2023-01-26,Thursday,1,Salad,Lunch,150,70,467
2023-01-26,Thursday,1,Salad,Dinner,150,49,445
2023-01-26,Thursday,1,Biryani,Lunch,250,128,438
2023-01-26,Thursday,1,Biryani,Dinner,250,176,367
2023-01-26,Thursday,1,Fried Rice,Lunch,220,70,467
2023-01-26,Thursday,1,Fried Rice,Dinner,220,121,427
2023-01-26,Thursday,1,Noodles,Lunch,210,91,288
2023-01-26,Thursday,1,Noodles,Dinner,210,116,351
2023-01-26,Thursday,1,Ice Cream,Lunch,120,68,274
2023-01-26,Thursday,1,Ice Cream,Dinner,120,55,381
2023-01-26,Thursday,1,Coffee,Lunch,100,127,275
2023-01-26,Thursday,1,Coffee,Dinner,100,125,392
2023-01-27,Friday,1,Pizza,Lunch,350,108,256
2023-01-27,Friday,1,Pizza,Dinner,350,135,467
2023-01-27,Friday,1,Burger,Lunch,200,117,205
2023-01-27,Friday,1,Burger,Dinner,200,131,212
2023-01-27,Friday,1,Pasta,Lunch,300,84,206
2023-01-27,Friday,1,Pasta,Dinner,300,106,282
2023-01-27,Friday,1,Sandwich,Lunch,180,90,422
2023-01-27,Friday,1,Sandwich,Dinner,180,64,496
2023-01-27,Friday,1,Salad,Lunch,150,67,420
2023-01-27,Friday,1,Salad,Dinner,150,40,360
2023-01-27,Friday,1,Biryani,Lunch,250,119,446
2023-01-27,Friday,1,Biryani,Dinner,250,158,217
2023-01-27,Friday,1,Fried Rice,Lunch,220,87,469
2023-01-27,Friday,1,Fried Rice,Dinner,220,104,390
2023-01-27,Friday,1,Noodles,Lunch,210,97,458
2023-01-27,Friday,1,Noodles,Dinner,210,100,392
2023-01-27,Friday,1,Ice Cream,Lunch,120,63,429
2023-01-27,Friday,1,Ice Cream,Dinner,120,64,320
2023-01-27,Friday,1,Coffee,Lunch,100,115,225
2023-01-27,Friday,1,Coffee,Dinner,100,148,321
2023-01-28,Saturday,1,Pizza,Lunch,350,180,312
2023-01-28,Saturday,1,Pizza,Dinner,350,185,381
2023-01-28,Saturday,1,Burger,Lunch,200,149,358
2023-01-28,Saturday,1,Burger,Dinner,200,164,200
2023-01-28,Saturday,1,Pasta,Lunch,300,95,388
2023-01-28,Saturday,1,Pasta,Dinner,300,138,392
2023-01-28,Saturday,1,Sandwich,Lunch,180,83,497
2023-01-28,Saturday,1,Sandwich,Dinner,180,137,396
2023-01-28,Saturday,1,Salad,Lunch,150,75,481
2023-01-28,Saturday,1,Salad,Dinner,150,74,476
2023-01-28,Saturday,1,Biryani,Lunch,250,168,299
2023-01-28,Saturday,1,Biryani,Dinner,250,227,424
2023-01-28,Saturday,1,Fried Rice,Lunch,220,132,424
2023-01-28,Saturday,1,Fried Rice,Dinner,220,136,449
2023-01-28,Saturday,1,Noodles,Lunch,210,99,312
2023-01-28,Saturday,1,Noodles,Dinner,210,141,334
2023-01-28,Saturday,1,Ice Cream,Lunch,120,74,469
2023-01-28,Saturday,1,Ice Cream,Dinner,120,110,275
2023-01-28,Saturday,1,Coffee,Lunch,100,158,288
2023-01-28,Saturday,1,Coffee,Dinner,100,169,211
2023-01-29,Sunday,1,Pizza,Lunch,350,173,482
2023-01-29,Sunday,1,Pizza,Dinner,350,186,234
2023-01-29,Sunday,1,Burger,Lunch,200,148,403
2023-01-29,Sunday,1,Burger,Dinner,200,181,292
2023-01-29,Sunday,1,Pasta,Lunch,300,111,441
2023-01-29,Sunday,1,Pasta,Dinner,300,137,469
2023-01-29,Sunday,1,Sandwich,Lunch,180,112,213
2023-01-29,Sunday,1,Sandwich,Dinner,180,120,403
2023-01-29,Sunday,1,Salad,Lunch,150,62,448
2023-01-29,Sunday,1,Salad,Dinner,150,90,219
2023-01-29,Sunday,1,Biryani,Lunch,250,191,304
2023-01-29,Sunday,1,Biryani,Dinner,250,235,250
2023-01-29,Sunday,1,Fried Rice,Lunch,220,111,490
2023-01-29,Sunday,1,Fried Rice,Dinner,220,133,309
2023-01-29,Sunday,1,Noodles,Lunch,210,103,466
2023-01-29,Sunday,1,Noodles,Dinner,210,137,384
2023-01-29,Sunday,1,Ice Cream,Lunch,120,79,306
2023-01-29,Sunday,1,Ice Cream,Dinner,120,118,466
2023-01-29,Sunday,1,Coffee,Lunch,100,165,411
2023-01-29,Sunday,1,Coffee,Dinner,100,201,268
2023-01-30,Monday,1,Pizza,Lunch,350,106,426
2023-01-30,Monday,1,Pizza,Dinner,350,124,207
2023-01-30,Monday,1,Burger,Lunch,200,113,295
2023-01-30,Monday,1,Burger,Dinner,200,100,349
2023-01-30,Monday,1,Pasta,Lunch,300,61,496
2023-01-30,Monday,1,Pasta,Dinner,300,99,238
2023-01-30,Monday,1,Sandwich,Lunch,180,71,294
2023-01-30,Monday,1,Sandwich,Dinner,180,92,403
2023-01-30,Monday,1,Salad,Lunch,150,41,406
2023-01-30,Monday,1,Salad,Dinner,150,76,369
2023-01-30,Monday,1,Biryani,Lunch,250,110,358
2023-01-30,Monday,1,Biryani,Dinner,250,170,437
2023-01-30,Monday,1,Fried Rice,Lunch,220,105,497
2023-01-30,Monday,1,Fried Rice,Dinner,220,122,397
2023-01-30,Monday,1,Noodles,Lunch,210,89,402
2023-01-30,Monday,1,Noodles,Dinner,210,116,304
2023-01-30,Monday,1,Ice Cream,Lunch,120,80,397
2023-01-30,Monday,1,Ice Cream,Dinner,120,80,414
2023-01-30,Monday,1,Coffee,Lunch,100,110,316
2023-01-30,Monday,1,Coffee,Dinner,100,129,452
2023-01-31,Tuesday,1,Pizza,Lunch,350,134,311
2023-01-31,Tuesday,1,Pizza,Dinner,350,133,400
2023-01-31,Tuesday,1,Burger,Lunch,200,105,441
2023-01-31,Tuesday,1,Burger,Dinner,200,127,498
2023-01-31,Tuesday,1,Pasta,Lunch,300,66,381
2023-01-31,Tuesday,1,Pasta,Dinner,300,115,429
2023-01-31,Tuesday,1,Sandwich,Lunch,180,76,389
2023-01-31,Tuesday,1,Sandwich,Dinner,180,79,349
2023-01-31,Tuesday,1,Salad,Lunch,150,41,456
2023-01-31,Tuesday,1,Salad,Dinner,150,44,281
2023-01-31,Tuesday,1,Biryani,Lunch,250,126,275
2023-01-31,Tuesday,1,Biryani,Dinner,250,145,250
2023-01-31,Tuesday,1,Fried Rice,Lunch,220,84,272
2023-01-31,Tuesday,1,Fried Rice,Dinner,220,93,264
2023-01-31,Tuesday,1,Noodles,Lunch,210,92,255
2023-01-31,Tuesday,1,Noodles,Dinner,210,117,406
2023-01-31,Tuesday,1,Ice Cream,Lunch,120,77,422
2023-01-31,Tuesday,1,Ice Cream,Dinner,120,82,242
2023-01-31,Tuesday,1,Coffee,Lunch,100,120,379
2023-01-31,Tuesday,1,Coffee,Dinner,100,115,217
2023-02-01,Wednesday,2,Pizza,Lunch,350,117,385
2023-02-01,Wednesday,2,Pizza,Dinner,350,159,390
2023-02-01,Wednesday,2,Burger,Lunch,200,98,208
2023-02-01,Wednesday,2,Burger,Dinner,200,134,230
2023-02-01,Wednesday,2,Pasta,Lunch,300,97,378
2023-02-01,Wednesday,2,Pasta,Dinner,300,99,220
2023-02-01,Wednesday,2,Sandwich,Lunch,180,70,483
2023-02-01,Wednesday,2,Sandwich,Dinner,180,95,431
2023-02-01,Wednesday,2,Salad,Lunch,150,37,412
2023-02-01,Wednesday,2,Salad,Dinner,150,69,223
2023-02-01,Wednesday,2,Biryani,Lunch,250,119,376
2023-02-01,Wednesday,2,Biryani,Dinner,250,147,436
2023-02-01,Wednesday,2,Fried Rice,Lunch,220,72,348
2023-02-01,Wednesday,2,Fried Rice,Dinner,220,88,285
2023-02-01,Wednesday,2,Noodles,Lunch,210,81,437
2023-02-01,Wednesday,2,Noodles,Dinner,210,94,266
2023-02-01,Wednesday,2,Ice Cream,Lunch,120,78,213
2023-02-01,Wednesday,2,Ice Cream,Dinner,120,83,397
2023-02-01,Wednesday,2,Coffee,Lunch,100,90,478
2023-02-01,Wednesday,2,Coffee,Dinner,100,149,342
2023-02-02,Thursday,2,Pizza,Lunch,350,130,271
2023-02-02,Thursday,2,Pizza,Dinner,350,132,386
2023-02-02,Thursday,2,Burger,Lunch,200,85,219
2023-02-02,Thursday,2,Burger,Dinner,200,135,251
2023-02-02,Thursday,2,Pasta,Lunch,300,73,450
2023-02-02,Thursday,2,Pasta,Dinner,300,98,474
2023-02-02,Thursday,2,Sandwich,Lunch,180,61,368
2023-02-02,Thursday,2,Sandwich,Dinner,180,75,285
2023-02-02,Thursday,2,Salad,Lunch,150,62,319
2023-02-02,Thursday,2,Salad,Dinner,150,47,435
2023-02-02,Thursday,2,Biryani,Lunch,250,141,408
2023-02-02,Thursday,2,Biryani,Dinner,250,172,496
2023-02-02,Thursday,2,Fried Rice,Lunch,220,93,442
2023-02-02,Thursday,2,Fried Rice,Dinner,220,122,218
2023-02-02,Thursday,2,Noodles,Lunch,210,87,428
2023-02-02,Thursday,2,Noodles,Dinner,210,95,334
2023-02-02,Thursday,2,Ice Cream,Lunch,120,79,237
2023-02-02,Thursday,2,Ice Cream,Dinner,120,69,455
2023-02-02,Thursday,2,Coffee,Lunch,100,120,398
2023-02-02,Thursday,2,Coffee,Dinner,100,122,368
2023-02-03,Friday,2,Pizza,Lunch,350,112,412
2023-02-03,Friday,2,Pizza,Dinner,350,157,492
2023-02-03,Friday,2,Burger,Lunch,200,118,313
2023-02-03,Friday,2,Burger,Dinner,200,127,268
2023-02-03,Friday,2,Pasta,Lunch,300,70,264
2023-02-03,Friday,2,Pasta,Dinner,300,115,376
2023-02-03,Friday,2,Sandwich,Lunch,180,61,230
2023-02-03,Friday,2,Sandwich,Dinner,180,86,339
2023-02-03,Friday,2,Salad,Lunch,150,56,302
2023-02-03,Friday,2,Salad,Dinner,150,42,459
2023-02-03,Friday,2,Biryani,Lunch,250,142,252
2023-02-03,Friday,2,Biryani,Dinner,250,167,428
2023-02-03,Friday,2,Fried Rice,Lunch,220,76,247
2023-02-03,Friday,2,Fried Rice,Dinner,220,90,247
2023-02-03,Friday,2,Noodles,Lunch,210,77,320
2023-02-03,Friday,2,Noodles,Dinner,210,107,398
2023-02-03,Friday,2,Ice Cream,Lunch,120,60,232
2023-02-03,Friday,2,Ice Cream,Dinner,120,88,216
2023-02-03,Friday,2,Coffee,Lunch,100,96,468
2023-02-03,Friday,2,Coffee,Dinner,100,132,385
2023-02-04,Saturday,2,Pizza,Lunch,350,170,201
2023-02-04,Saturday,2,Pizza,Dinner,350,192,421
2023-02-04,Saturday,2,Burger,Lunch,200,127,392
2023-02-04,Saturday,2,Burger,Dinner,200,173,300
2023-02-04,Saturday,2,Pasta,Lunch,300,101,414
2023-02-04,Saturday,2,Pasta,Dinner,300,119,309
2023-02-04,Saturday,2,Sandwich,Lunch,180,90,455
2023-02-04,Saturday,2,Sandwich,Dinner,180,109,355
2023-02-04,Saturday,2,Salad,Lunch,150,53,285
2023-02-04,Saturday,2,Salad,Dinner,150,95,468
2023-02-04,Saturday,2,Biryani,Lunch,250,174,495
2023-02-04,Saturday,2,Biryani,Dinner,250,216,363
2023-02-04,Saturday,2,Fried Rice,Lunch,220,135,228
2023-02-04,Saturday,2,Fried Rice,Dinner,220,131,294
2023-02-04,Saturday,2,Noodles,Lunch,210,98,466
2023-02-04,Saturday,2,Noodles,Dinner,210,143,302
2023-02-04,Saturday,2,Ice Cream,Lunch,120,79,437
2023-02-04,Saturday,2,Ice Cream,Dinner,120,102,256
2023-02-04,Saturday,2,Coffee,Lunch,100,160,348
2023-02-04,Saturday,2,Coffee,Dinner,100,176,291
2023-02-05,Sunday,2,Pizza,Lunch,350,168,383
2023-02-05,Sunday,2,Pizza,Dinner,350,202,496
2023-02-05,Sunday,2,Burger,Lunch,200,147,224
2023-02-05,Sunday,2,Burger,Dinner,200,173,443
2023-02-05,Sunday,2,Pasta,Lunch,300,132,284
2023-02-05,Sunday,2,Pasta,Dinner,300,149,414
2023-02-05,Sunday,2,Sandwich,Lunch,180,112,282
2023-02-05,Sunday,2,Sandwich,Dinner,180,121,329
2023-02-05,Sunday,2,Salad,Lunch,150,64,246
2023-02-05,Sunday,2,Salad,Dinner,150,98,461
2023-02-05,Sunday,2,Biryani,Lunch,250,169,377
2023-02-05,Sunday,2,Biryani,Dinner,250,235,247
2023-02-05,Sunday,2,Fried Rice,Lunch,220,119,424
2023-02-05,Sunday,2,Fried Rice,Dinner,220,156,431
2023-02-05,Sunday,2,Noodles,Lunch,210,125,263
2023-02-05,Sunday,2,Noodles,Dinner,210,145,217
2023-02-05,Sunday,2,Ice Cream,Lunch,120,75,403
2023-02-05,Sunday,2,Ice Cream,Dinner,120,81,263
2023-02-05,Sunday,2,Coffee,Lunch,100,168,450
2023-02-05,Sunday,2,Coffee,Dinner,100,185,383
2023-02-06,Monday,2,Pizza,Lunch,350,105,223
2023-02-06,Monday,2,Pizza,Dinner,350,125,251
2023-02-06,Monday,2,Burger,Lunch,200,113,267
2023-02-06,Monday,2,Burger,Dinner,200,130,209
2023-02-06,Monday,2,Pasta,Lunch,300,93,443
2023-02-06,Monday,2,Pasta,Dinner,300,103,281
2023-02-06,Monday,2,Sandwich,Lunch,180,73,495
2023-02-06,Monday,2,Sandwich,Dinner,180,83,241
2023-02-06,Monday,2,Salad,Lunch,150,60,376
2023-02-06,Monday,2,Salad,Dinner,150,57,447
2023-02-06,Monday,2,Biryani,Lunch,250,132,427
2023-02-06,Monday,2,Biryani,Dinner,250,160,385
2023-02-06,Monday,2,Fried Rice,Lunch,220,74,284
2023-02-06,Monday,2,Fried Rice,Dinner,220,100,270
2023-02-06,Monday,2,Noodles,Lunch,210,104,280
2023-02-06,Monday,2,Noodles,Dinner,210,97,209
2023-02-06,Monday,2,Ice Cream,Lunch,120,57,414
2023-02-06,Monday,2,Ice Cream,Dinner,120,76,250
2023-02-06,Monday,2,Coffee,Lunch,100,129,279
2023-02-06,Monday,2,Coffee,Dinner,100,117,309
2023-02-07,Tuesday,2,Pizza,Lunch,350,132,295
2023-02-07,Tuesday,2,Pizza,Dinner,350,154,466
2023-02-07,Tuesday,2,Burger,Lunch,200,93,471
2023-02-07,Tuesday,2,Burger,Dinner,200,101,208
2023-02-07,Tuesday,2,Pasta,Lunch,300,86,371
2023-02-07,Tuesday,2,Pasta,Dinner,300,110,241
2023-02-07,Tuesday,2,Sandwich,Lunch,180,88,241
2023-02-07,Tuesday,2,Sandwich,Dinner,180,93,364
2023-02-07,Tuesday,2,Salad,Lunch,150,47,389
2023-02-07,Tuesday,2,Salad,Dinner,150,48,474
2023-02-07,Tuesday,2,Biryani,Lunch,250,120,214
2023-02-07,Tuesday,2,Biryani,Dinner,250,174,338
2023-02-07,Tuesday,2,Fried Rice,Lunch,220,91,228
2023-02-07,Tuesday,2,Fried Rice,Dinner,220,100,287
2023-02-07,Tuesday,2,Noodles,Lunch,210,86,234
2023-02-07,Tuesday,2,Noodles,Dinner,210,109,289
2023-02-07,Tuesday,2,Ice Cream,Lunch,120,57,234
2023-02-07,Tuesday,2,Ice Cream,Dinner,120,84,230
2023-02-07,Tuesday,2,Coffee,Lunch,100,98,261
2023-02-07,Tuesday,2,Coffee,Dinner,100,141,417
2023-02-08,Wednesday,2,Pizza,Lunch,350,129,252
2023-02-08,Wednesday,2,Pizza,Dinner,350,156,367
2023-02-08,Wednesday,2,Burger,Lunch,200,98,430
2023-02-08,Wednesday,2,Burger,Dinner,200,107,485
2023-02-08,Wednesday,2,Pasta,Lunch,300,99,434
2023-02-08,Wednesday,2,Pasta,Dinner,300,116,385
2023-02-08,Wednesday,2,Sandwich,Lunch,180,53,392
2023-02-08,Wednesday,2,Sandwich,Dinner,180,73,302
2023-02-08,Wednesday,2,Salad,Lunch,150,62,205
2023-02-08,Wednesday,2,Salad,Dinner,150,64,319
2023-02-08,Wednesday,2,Biryani,Lunch,250,138,240
2023-02-08,Wednesday,2,Biryani,Dinner,250,161,446
2023-02-08,Wednesday,2,Fried Rice,Lunch,220,73,292
2023-02-08,Wednesday,2,Fried Rice,Dinner,220,101,329
2023-02-08,Wednesday,2,Noodles,Lunch,210,96,326
2023-02-08,Wednesday,2,Noodles,Dinner,210,120,354
2023-02-08,Wednesday,2,Ice Cream,Lunch,120,53,235
2023-02-08,Wednesday,2,Ice Cream,Dinner,120,63,427
2023-02-08,Wednesday,2,Coffee,Lunch,100,118,345
2023-02-08,Wednesday,2,Coffee,Dinner,100,118,226
2023-02-09,Thursday,2,Pizza,Lunch,350,127,341
2023-02-09,Thursday,2,Pizza,Dinner,350,137,312
2023-02-09,Thursday,2,Burger,Lunch,200,85,249
2023-02-09,Thursday,2,Burger,Dinner,200,115,347
2023-02-09,Thursday,2,Pasta,Lunch,300,95,240
2023-02-09,Thursday,2,Pasta,Dinner,300,115,349
2023-02-09,Thursday,2,Sandwich,Lunch,180,88,401
2023-02-09,Thursday,2,Sandwich,Dinner,180,65,430
2023-02-09,Thursday,2,Salad,Lunch,150,53,354
2023-02-09,Thursday,2,Salad,Dinner,150,72,492
2023-02-09,Thursday,2,Biryani,Lunch,250,123,228
2023-02-09,Thursday,2,Biryani,Dinner,250,145,382
2023-02-09,Thursday,2,Fried Rice,Lunch,220,109,457
2023-02-09,Thursday,2,Fried Rice,Dinner,220,91,433
2023-02-09,Thursday,2,Noodles,Lunch,210,76,450
2023-02-09,Thursday,2,Noodles,Dinner,210,122,370
2023-02-09,Thursday,2,Ice Cream,Lunch,120,46,205
2023-02-09,Thursday,2,Ice Cream,Dinner,120,57,428
2023-02-09,Thursday,2,Coffee,Lunch,100,109,200
2023-02-09,Thursday,2,Coffee,Dinner,100,127,262
2023-02-10,Friday,2,Pizza,Lunch,350,130,399
2023-02-10,Friday,2,Pizza,Dinner,350,134,402
2023-02-10,Friday,2,Burger,Lunch,200,86,473
2023-02-10,Friday,2,Burger,Dinner,200,133,248
2023-02-10,Friday,2,Pasta,Lunch,300,67,320
2023-02-10,Friday,2,Pasta,Dinner,300,85,388
2023-02-10,Friday,2,Sandwich,Lunch,180,76,457
2023-02-10,Friday,2,Sandwich,Dinner,180,86,343
2023-02-10,Friday,2,Salad,Lunch,150,31,328
2023-02-10,Friday,2,Salad,Dinner,150,51,257
2023-02-10,Friday,2,Biryani,Lunch,250,119,343
2023-02-10,Friday,2,Biryani,Dinner,250,164,303
2023-02-10,Friday,2,Fried Rice,Lunch,220,94,210
2023-02-10,Friday,2,Fried Rice,Dinner,220,109,378
2023-02-10,Friday,2,Noodles,Lunch,210,96,299
2023-02-10,Friday,2,Noodles,Dinner,210,100,230
2023-02-10,Friday,2,Ice Cream,Lunch,120,44,242
2023-02-10,Friday,2,Ice Cream,Dinner,120,87,219
2023-02-10,Friday,2,Coffee,Lunch,100,115,458
2023-02-10,Friday,2,Coffee,Dinner,100,114,496
2023-02-11,Saturday,2,Pizza,Lunch,350,188,419
2023-02-11,Saturday,2,Pizza,Dinner,350,198,282
2023-02-11,Saturday,2,Burger,Lunch,200,121,215
2023-02-11,Saturday,2,Burger,Dinner,200,184,436
2023-02-11,Saturday,2,Pasta,Lunch,300,116,490
2023-02-11,Saturday,2,Pasta,Dinner,300,149,246
2023-02-11,Saturday,2,Sandwich,Lunch,180,89,208
2023-02-11,Saturday,2,Sandwich,Dinner,180,119,263
2023-02-11,Saturday,2,Salad,Lunch,150,56,360
2023-02-11,Saturday,2,Salad,Dinner,150,97,222
2023-02-11,Saturday,2,Biryani,Lunch,250,198,213
2023-02-11,Saturday,2,Biryani,Dinner,250,229,425
2023-02-11,Saturday,2,Fried Rice,Lunch,220,137,492
2023-02-11,Saturday,2,Fried Rice,Dinner,220,157,257
2023-02-11,Saturday,2,Noodles,Lunch,210,98,454
2023-02-11,Saturday,2,Noodles,Dinner,210,134,436
2023-02-11,Saturday,2,Ice Cream,Lunch,120,78,238
2023-02-11,Saturday,2,Ice Cream,Dinner,120,94,411
2023-02-11,Saturday,2,Coffee,Lunch,100,159,392
2023-02-11,Saturday,2,Coffee,Dinner,100,194,429
2023-02-12,Sunday,2,Pizza,Lunch,350,171,237
2023-02-12,Sunday,2,Pizza,Dinner,350,194,309
2023-02-12,Sunday,2,Burger,Lunch,200,134,332
2023-02-12,Sunday,2,Burger,Dinner,200,169,299
2023-02-12,Sunday,2,Pasta,Lunch,300,120,357
2023-02-12,Sunday,2,Pasta,Dinner,300,125,450
2023-02-12,Sunday,2,Sandwich,Lunch,180,101,432
2023-02-12,Sunday,2,Sandwich,Dinner,180,129,286
2023-02-12,Sunday,2,Salad,Lunch,150,88,471
2023-02-12,Sunday,2,Salad,Dinner,150,89,461
2023-02-12,Sunday,2,Biryani,Lunch,250,201,327
2023-02-12,Sunday,2,Biryani,Dinner,250,208,222
2023-02-12,Sunday,2,Fried Rice,Lunch,220,143,419
2023-02-12,Sunday,2,Fried Rice,Dinner,220,144,464
2023-02-12,Sunday,2,Noodles,Lunch,210,121,214
2023-02-12,Sunday,2,Noodles,Dinner,210,153,347
2023-02-12,Sunday,2,Ice Cream,Lunch,120,68,286
2023-02-12,Sunday,2,Ice Cream,Dinner,120,104,273
2023-02-12,Sunday,2,Coffee,Lunch,100,153,376
2023-02-12,Sunday,2,Coffee,Dinner,100,188,447
2023-02-13,Monday,2,Pizza,Lunch,350,132,313
2023-02-13,Monday,2,Pizza,Dinner,350,137,497
2023-02-13,Monday,2,Burger,Lunch,200,101,300
2023-02-13,Monday,2,Burger,Dinner,200,134,457
2023-02-13,Monday,2,Pasta,Lunch,300,82,274
2023-02-13,Monday,2,Pasta,Dinner,300,88,219
2023-02-13,Monday,2,Sandwich,Lunch,180,86,262
2023-02-13,Monday,2,Sandwich,Dinner,180,94,211
2023-02-13,Monday,2,Salad,Lunch,150,68,243
2023-02-13,Monday,2,Salad,Dinner,150,67,365
2023-02-13,Monday,2,Biryani,Lunch,250,122,306
2023-02-13,Monday,2,Biryani,Dinner,250,150,465
2023-02-13,Monday,2,Fried Rice,Lunch,220,102,359
2023-02-13,Monday,2,Fried Rice,Dinner,220,125,227
2023-02-13,Monday,2,Noodles,Lunch,210,81,416
2023-02-13,Monday,2,Noodles,Dinner,210,118,390
2023-02-13,Monday,2,Ice Cream,Lunch,120,46,325
2023-02-13,Monday,2,Ice Cream,Dinner,120,80,203
2023-02-13,Monday,2,Coffee,Lunch,100,108,480
2023-02-13,Monday,2,Coffee,Dinner,100,128,471
2023-02-14,Tuesday,2,Pizza,Lunch,350,107,301
2023-02-14,Tuesday,2,Pizza,Dinner,350,133,262
2023-02-14,Tuesday,2,Burger,Lunch,200,92,235
2023-02-14,Tuesday,2,Burger,Dinner,200,119,430
2023-02-14,Tuesday,2,Pasta,Lunch,300,83,435
2023-02-14,Tuesday,2,Pasta,Dinner,300,90,315
2023-02-14,Tuesday,2,Sandwich,Lunch,180,63,496
2023-02-14,Tuesday,2,Sandwich,Dinner,180,81,267
2023-02-14,Tuesday,2,Salad,Lunch,150,55,329
2023-02-14,Tuesday,2,Salad,Dinner,150,50,266
2023-02-14,Tuesday,2,Biryani,Lunch,250,112,344
2023-02-14,Tuesday,2,Biryani,Dinner,250,163,452
2023-02-14,Tuesday,2,Fried Rice,Lunch,220,85,243
2023-02-14,Tuesday,2,Fried Rice,Dinner,220,102,468
2023-02-14,Tuesday,2,Noodles,Lunch,210,86,422
2023-02-14,Tuesday,2,Noodles,Dinner,210,98,408
2023-02-14,Tuesday,2,Ice Cream,Lunch,120,54,458
2023-02-14,Tuesday,2,Ice Cream,Dinner,120,69,308
2023-02-14,Tuesday,2,Coffee,Lunch,100,108,491
2023-02-14,Tuesday,2,Coffee,Dinner,100,125,366
2023-02-15,Wednesday,2,Pizza,Lunch,350,112,227
2023-02-15,Wednesday,2,Pizza,Dinner,350,164,495
2023-02-15,Wednesday,2,Burger,Lunch,200,117,202
2023-02-15,Wednesday,2,Burger,Dinner,200,127,351
2023-02-15,Wednesday,2,Pasta,Lunch,300,95,209
2023-02-15,Wednesday,2,Pasta,Dinner,300,90,325
2023-02-15,Wednesday,2,Sandwich,Lunch,180,50,219
2023-02-15,Wednesday,2,Sandwich,Dinner,180,64,440
2023-02-15,Wednesday,2,Salad,Lunch,150,43,362
2023-02-15,Wednesday,2,Salad,Dinner,150,75,293
2023-02-15,Wednesday,2,Biryani,Lunch,250,138,359
2023-02-15,Wednesday,2,Biryani,Dinner,250,156,212
2023-02-15,Wednesday,2,Fried Rice,Lunch,220,108,424
2023-02-15,Wednesday,2,Fried Rice,Dinner,220,109,291
2023-02-15,Wednesday,2,Noodles,Lunch,210,89,248
2023-02-15,Wednesday,2,Noodles,Dinner,210,119,241
2023-02-15,Wednesday,2,Ice Cream,Lunch,120,65,402
2023-02-15,Wednesday,2,Ice Cream,Dinner,120,78,358
2023-02-15,Wednesday,2,Coffee,Lunch,100,104,341
2023-02-15,Wednesday,2,Coffee,Dinner,100,137,460
2023-02-16,Thursday,2,Pizza,Lunch,350,104,371
2023-02-16,Thursday,2,Pizza,Dinner,350,163,329
2023-02-16,Thursday,2,Burger,Lunch,200,105,207
2023-02-16,Thursday,2,Burger,Dinner,200,132,466
2023-02-16,Thursday,2,Pasta,Lunch,300,100,327
2023-02-16,Thursday,2,Pasta,Dinner,300,97,368
2023-02-16,Thursday,2,Sandwich,Lunch,180,56,380
2023-02-16,Thursday,2,Sandwich,Dinner,180,76,482
2023-02-16,Thursday,2,Salad,Lunch,150,44,489
2023-02-16,Thursday,2,Salad,Dinner,150,54,411
2023-02-16,Thursday,2,Biryani,Lunch,250,118,428
2023-02-16,Thursday,2,Biryani,Dinner,250,165,383
2023-02-16,Thursday,2,Fried Rice,Lunch,220,83,225
2023-02-16,Thursday,2,Fried Rice,Dinner,220,97,328
2023-02-16,Thursday,2,Noodles,Lunch,210,104,460
2023-02-16,Thursday,2,Noodles,Dinner,210,96,209
2023-02-16,Thursday,2,Ice Cream,Lunch,120,42,326
2023-02-16,Thursday,2,Ice Cream,Dinner,120,52,460
2023-02-16,Thursday,2,Coffee,Lunch,100,124,371
2023-02-16,Thursday,2,Coffee,Dinner,100,118,460
2023-02-17,Friday,2,Pizza,Lunch,350,129,203
2023-02-17,Friday,2,Pizza,Dinner,350,124,463
2023-02-17,Friday,2,Burger,Lunch,200,83,235
2023-02-17,Friday,2,Burger,Dinner,200,123,313
2023-02-17,Friday,2,Pasta,Lunch,300,76,267
2023-02-17,Friday,2,Pasta,Dinner,300,88,285
2023-02-17,Friday,2,Sandwich,Lunch,180,89,488
2023-02-17,Friday,2,Sandwich,Dinner,180,75,219
2023-02-17,Friday,2,Salad,Lunch,150,58,265
2023-02-17,Friday,2,Salad,Dinner,150,59,226
2023-02-17,Friday,2,Biryani,Lunch,250,116,481
2023-02-17,Friday,2,Biryani,Dinner,250,168,200
2023-02-17,Friday,2,Fried Rice,Lunch,220,75,331
2023-02-17,Friday,2,Fried Rice,Dinner,220,97,483
2023-02-17,Friday,2,Noodles,Lunch,210,92,404
2023-02-17,Friday,2,Noodles,Dinner,210,95,339
2023-02-17,Friday,2,Ice Cream,Lunch,120,51,217
2023-02-17,Friday,2,Ice Cream,Dinner,120,91,261
2023-02-17,Friday,2,Coffee,Lunch,100,129,453
2023-02-17,Friday,2,Coffee,Dinner,100,150,448
2023-02-18,Saturday,2,Pizza,Lunch,350,170,434
2023-02-18,Saturday,2,Pizza,Dinner,350,214,246
2023-02-18,Saturday,2,Burger,Lunch,200,132,275
2023-02-18,Saturday,2,Burger,Dinner,200,169,257
2023-02-18,Saturday,2,Pasta,Lunch,300,113,315
2023-02-18,Saturday,2,Pasta,Dinner,300,151,295
2023-02-18,Saturday,2,Sandwich,Lunch,180,85,379
2023-02-18,Saturday,2,Sandwich,Dinner,180,99,437
2023-02-18,Saturday,2,Salad,Lunch,150,81,425
2023-02-18,Saturday,2,Salad,Dinner,150,100,454
2023-02-18,Saturday,2,Biryani,Lunch,250,167,261
2023-02-18,Saturday,2,Biryani,Dinner,250,234,301
2023-02-18,Saturday,2,Fried Rice,Lunch,220,130,451
2023-02-18,Saturday,2,Fried Rice,Dinner,220,133,496
2023-02-18,Saturday,2,Noodles,Lunch,210,103,303
2023-02-18,Saturday,2,Noodles,Dinner,210,133,437
2023-02-18,Saturday,2,Ice Cream,Lunch,120,83,421
2023-02-18,Saturday,2,Ice Cream,Dinner,120,86,441
2023-02-18,Saturday,2,Coffee,Lunch,100,173,457
2023-02-18,Saturday,2,Coffee,Dinner,100,166,480
2023-02-19,Sunday,2,Pizza,Lunch,350,172,448
2023-02-19,Sunday,2,Pizza,Dinner,350,204,312
2023-02-19,Sunday,2,Burger,Lunch,200,144,409
2023-02-19,Sunday,2,Burger,Dinner,200,166,415
2023-02-19,Sunday,2,Pasta,Lunch,300,125,326
2023-02-19,Sunday,2,Pasta,Dinner,300,123,265
2023-02-19,Sunday,2,Sandwich,Lunch,180,108,500
2023-02-19,Sunday,2,Sandwich,Dinner,180,125,221
2023-02-19,Sunday,2,Salad,Lunch,150,85,342
2023-02-19,Sunday,2,Salad,Dinner,150,67,212
2023-02-19,Sunday,2,Biryani,Lunch,250,176,264
2023-02-19,Sunday,2,Biryani,Dinner,250,235,338
2023-02-19,Sunday,2,Fried Rice,Lunch,220,111,258
2023-02-19,Sunday,2,Fried Rice,Dinner,220,139,439
2023-02-19,Sunday,2,Noodles,Lunch,210,102,298
2023-02-19,Sunday,2,Noodles,Dinner,210,124,232
2023-02-19,Sunday,2,Ice Cream,Lunch,120,73,269
2023-02-19,Sunday,2,Ice Cream,Dinner,120,80,403
2023-02-19,Sunday,2,Coffee,Lunch,100,149,351
2023-02-19,Sunday,2,Coffee,Dinner,100,167,418
2023-02-20,Monday,2,Pizza,Lunch,350,100,397
2023-02-20,Monday,2,Pizza,Dinner,350,157,442
2023-02-20,Monday,2,Burger,Lunch,200,108,292
2023-02-20,Monday,2,Burger,Dinner,200,110,481
2023-02-20,Monday,2,Pasta,Lunch,300,77,249
2023-02-20,Monday,2,Pasta,Dinner,300,94,313
2023-02-20,Monday,2,Sandwich,Lunch,180,62,487
2023-02-20,Monday,2,Sandwich,Dinner,180,84,248
2023-02-20,Monday,2,Salad,Lunch,150,34,484
2023-02-20,Monday,2,Salad,Dinner,150,77,268
2023-02-20,Monday,2,Biryani,Lunch,250,137,324
2023-02-20,Monday,2,Biryani,Dinner,250,138,458
2023-02-20,Monday,2,Fried Rice,Lunch,220,73,294
2023-02-20,Monday,2,Fried Rice,Dinner,220,115,241
2023-02-20,Monday,2,Noodles,Lunch,210,97,333
2023-02-20,Monday,2,Noodles,Dinner,210,84,373
2023-02-20,Monday,2,Ice Cream,Lunch,120,53,238
2023-02-20,Monday,2,Ice Cream,Dinner,120,71,355
2023-02-20,Monday,2,Coffee,Lunch,100,118,405
2023-02-20,Monday,2,Coffee,Dinner,100,149,313
2023-02-21,Tuesday,2,Pizza,Lunch,350,130,466
2023-02-21,Tuesday,2,Pizza,Dinner,350,152,375
2023-02-21,Tuesday,2,Burger,Lunch,200,114,411
2023-02-21,Tuesday,2,Burger,Dinner,200,105,462
2023-02-21,Tuesday,2,Pasta,Lunch,300,98,283
2023-02-21,Tuesday,2,Pasta,Dinner,300,86,333
2023-02-21,Tuesday,2,Sandwich,Lunch,180,88,372
2023-02-21,Tuesday,2,Sandwich,Dinner,180,78,460
2023-02-21,Tuesday,2,Salad,Lunch,150,59,283
2023-02-21,Tuesday,2,Salad,Dinner,150,40,429
2023-02-21,Tuesday,2,Biryani,Lunch,250,125,407
2023-02-21,Tuesday,2,Biryani,Dinner,250,166,372
2023-02-21,Tuesday,2,Fried Rice,Lunch,220,83,387
2023-02-21,Tuesday,2,Fried Rice,Dinner,220,116,401
2023-02-21,Tuesday,2,Noodles,Lunch,210,87,247
2023-02-21,Tuesday,2,Noodles,Dinner,210,89,485
2023-02-21,Tuesday,2,Ice Cream,Lunch,120,58,371
2023-02-21,Tuesday,2,Ice Cream,Dinner,120,61,320
2023-02-21,Tuesday,2,Coffee,Lunch,100,108,498
2023-02-21,Tuesday,2,Coffee,Dinner,100,150,217
2023-02-22,Wednesday,2,Pizza,Lunch,350,117,381
2023-02-22,Wednesday,2,Pizza,Dinner,350,137,246
2023-02-22,Wednesday,2,Burger,Lunch,200,109,345
2023-02-22,Wednesday,2,Burger,Dinner,200,113,484
2023-02-22,Wednesday,2,Pasta,Lunch,300,75,481
2023-02-22,Wednesday,2,Pasta,Dinner,300,108,328
2023-02-22,Wednesday,2,Sandwich,Lunch,180,75,500
2023-02-22,Wednesday,2,Sandwich,Dinner,180,68,494
2023-02-22,Wednesday,2,Salad,Lunch,150,44,351
2023-02-22,Wednesday,2,Salad,Dinner,150,44,226
2023-02-22,Wednesday,2,Biryani,Lunch,250,143,425
2023-02-22,Wednesday,2,Biryani,Dinner,250,175,224
2023-02-22,Wednesday,2,Fried Rice,Lunch,220,98,351
2023-02-22,Wednesday,2,Fried Rice,Dinner,220,98,434
2023-02-22,Wednesday,2,Noodles,Lunch,210,92,409
2023-02-22,Wednesday,2,Noodles,Dinner,210,88,208
2023-02-22,Wednesday,2,Ice Cream,Lunch,120,57,495
2023-02-22,Wednesday,2,Ice Cream,Dinner,120,62,452
2023-02-22,Wednesday,2,Coffee,Lunch,100,90,291
2023-02-22,Wednesday,2,Coffee,Dinner,100,123,317
2023-02-23,Thursday,2,Pizza,Lunch,350,105,416
2023-02-23,Thursday,2,Pizza,Dinner,350,128,288
2023-02-23,Thursday,2,Burger,Lunch,200,80,322
2023-02-23,Thursday,2,Burger,Dinner,200,133,477
2023-02-23,Thursday,2,Pasta,Lunch,300,94,416
2023-02-23,Thursday,2,Pasta,Dinner,300,109,475
2023-02-23,Thursday,2,Sandwich,Lunch,180,87,292
2023-02-23,Thursday,2,Sandwich,Dinner,180,85,226
2023-02-23,Thursday,2,Salad,Lunch,150,46,242
2023-02-23,Thursday,2,Salad,Dinner,150,45,472
2023-02-23,Thursday,2,Biryani,Lunch,250,143,469
2023-02-23,Thursday,2,Biryani,Dinner,250,166,361
2023-02-23,Thursday,2,Fried Rice,Lunch,220,88,376
2023-02-23,Thursday,2,Fried Rice,Dinner,220,101,281
2023-02-23,Thursday,2,Noodles,Lunch,210,88,451
2023-02-23,Thursday,2,Noodles,Dinner,210,111,406
2023-02-23,Thursday,2,Ice Cream,Lunch,120,67,383
2023-02-23,Thursday,2,Ice Cream,Dinner,120,86,255
2023-02-23,Thursday,2,Coffee,Lunch,100,124,323
2023-02-23,Thursday,2,Coffee,Dinner,100,136,303
2023-02-24,Friday,2,Pizza,Lunch,350,122,217
2023-02-24,Friday,2,Pizza,Dinner,350,149,473
2023-02-24,Friday,2,Burger,Lunch,200,112,426
2023-02-24,Friday,2,Burger,Dinner,200,105,292
2023-02-24,Friday,2,Pasta,Lunch,300,77,392
2023-02-24,Friday,2,Pasta,Dinner,300,78,238
2023-02-24,Friday,2,Sandwich,Lunch,180,85,413
2023-02-24,Friday,2,Sandwich,Dinner,180,77,495
2023-02-24,Friday,2,Salad,Lunch,150,47,341
2023-02-24,Friday,2,Salad,Dinner,150,55,233
2023-02-24,Friday,2,Biryani,Lunch,250,131,326
2023-02-24,Friday,2,Biryani,Dinner,250,137,245
2023-02-24,Friday,2,Fried Rice,Lunch,220,89,411
2023-02-24,Friday,2,Fried Rice,Dinner,220,96,492
2023-02-24,Friday,2,Noodles,Lunch,210,66,428
2023-02-24,Friday,2,Noodles,Dinner,210,84,264
2023-02-24,Friday,2,Ice Cream,Lunch,120,80,217
2023-02-24,Friday,2,Ice Cream,Dinner,120,78,479
2023-02-24,Friday,2,Coffee,Lunch,100,119,450
2023-02-24,Friday,2,Coffee,Dinner,100,146,436
2023-02-25,Saturday,2,Pizza,Lunch,350,150,342
2023-02-25,Saturday,2,Pizza,Dinner,350,205,364
2023-02-25,Saturday,2,Burger,Lunch,200,160,402
2023-02-25,Saturday,2,Burger,Dinner,200,178,229
2023-02-25,Saturday,2,Pasta,Lunch,300,108,314
2023-02-25,Saturday,2,Pasta,Dinner,300,138,367
2023-02-25,Saturday,2,Sandwich,Lunch,180,106,270
2023-02-25,Saturday,2,Sandwich,Dinner,180,101,253
2023-02-25,Saturday,2,Salad,Lunch,150,53,449
2023-02-25,Saturday,2,Salad,Dinner,150,90,480
2023-02-25,Saturday,2,Biryani,Lunch,250,182,444
2023-02-25,Saturday,2,Biryani,Dinner,250,227,207
2023-02-25,Saturday,2,Fried Rice,Lunch,220,132,247
2023-02-25,Saturday,2,Fried Rice,Dinner,220,136,262
2023-02-25,Saturday,2,Noodles,Lunch,210,125,395
2023-02-25,Saturday,2,Noodles,Dinner,210,134,369
2023-02-25,Saturday,2,Ice Cream,Lunch,120,70,353
2023-02-25,Saturday,2,Ice Cream,Dinner,120,97,429
2023-02-25,Saturday,2,Coffee,Lunch,100,148,493
2023-02-25,Saturday,2,Coffee,Dinner,100,198,422
2023-02-26,Sunday,2,Pizza,Lunch,350,166,212
2023-02-26,Sunday,2,Pizza,Dinner,350,221,397
2023-02-26,Sunday,2,Burger,Lunch,200,125,428
2023-02-26,Sunday,2,Burger,Dinner,200,160,336
2023-02-26,Sunday,2,Pasta,Lunch,300,100,483
2023-02-26,Sunday,2,Pasta,Dinner,300,154,402
2023-02-26,Sunday,2,Sandwich,Lunch,180,92,337
2023-02-26,Sunday,2,Sandwich,Dinner,180,136,389
2023-02-26,Sunday,2,Salad,Lunch,150,68,452
2023-02-26,Sunday,2,Salad,Dinner,150,81,455
2023-02-26,Sunday,2,Biryani,Lunch,250,196,406
2023-02-26,Sunday,2,Biryani,Dinner,250,234,255
2023-02-26,Sunday,2,Fried Rice,Lunch,220,120,413
2023-02-26,Sunday,2,Fried Rice,Dinner,220,170,321
2023-02-26,Sunday,2,Noodles,Lunch,210,137,474
2023-02-26,Sunday,2,Noodles,Dinner,210,127,454
2023-02-26,Sunday,2,Ice Cream,Lunch,120,77,230
2023-02-26,Sunday,2,Ice Cream,Dinner,120,110,284
2023-02-26,Sunday,2,Coffee,Lunch,100,171,356
2023-02-26,Sunday,2,Coffee,Dinner,100,173,248
2023-02-27,Monday,2,Pizza,Lunch,350,119,347
2023-02-27,Monday,2,Pizza,Dinner,350,157,364
2023-02-27,Monday,2,Burger,Lunch,200,112,373
2023-02-27,Monday,2,Burger,Dinner,200,140,427
2023-02-27,Monday,2,Pasta,Lunch,300,96,268
2023-02-27,Monday,2,Pasta,Dinner,300,104,487
2023-02-27,Monday,2,Sandwich,Lunch,180,50,206
2023-02-27,Monday,2,Sandwich,Dinner,180,85,352
2023-02-27,Monday,2,Salad,Lunch,150,65,242
2023-02-27,Monday,2,Salad,Dinner,150,54,384
2023-02-27,Monday,2,Biryani,Lunch,250,143,363
2023-02-27,Monday,2,Biryani,Dinner,250,152,470
2023-02-27,Monday,2,Fried Rice,Lunch,220,88,215
2023-02-27,Monday,2,Fried Rice,Dinner,220,91,467
2023-02-27,Monday,2,Noodles,Lunch,210,68,369
2023-02-27,Monday,2,Noodles,Dinner,210,121,458
2023-02-27,Monday,2,Ice Cream,Lunch,120,40,346
2023-02-27,Monday,2,Ice Cream,Dinner,120,87,215
2023-02-27,Monday,2,Coffee,Lunch,100,115,315
2023-02-27,Monday,2,Coffee,Dinner,100,112,260
2023-02-28,Tuesday,2,Pizza,Lunch,350,103,390
2023-02-28,Tuesday,2,Pizza,Dinner,350,143,350
2023-02-28,Tuesday,2,Burger,Lunch,200,116,457
2023-02-28,Tuesday,2,Burger,Dinner,200,139,215
2023-02-28,Tuesday,2,Pasta,Lunch,300,68,445
2023-02-28,Tuesday,2,Pasta,Dinner,300,78,451
2023-02-28,Tuesday,2,Sandwich,Lunch,180,71,439
2023-02-28,Tuesday,2,Sandwich,Dinner,180,101,255
2023-02-28,Tuesday,2,Salad,Lunch,150,69,490
2023-02-28,Tuesday,2,Salad,Dinner,150,41,248
2023-02-28,Tuesday,2,Biryani,Lunch,250,118,239
2023-02-28,Tuesday,2,Biryani,Dinner,250,143,397
2023-02-28,Tuesday,2,Fried Rice,Lunch,220,103,242
2023-02-28,Tuesday,2,Fried Rice,Dinner,220,113,429
2023-02-28,Tuesday,2,Noodles,Lunch,210,102,363
2023-02-28,Tuesday,2,Noodles,Dinner,210,94,420
2023-02-28,Tuesday,2,Ice Cream,Lunch,120,44,418
2023-02-28,Tuesday,2,Ice Cream,Dinner,120,62,294
2023-02-28,Tuesday,2,Coffee,Lunch,100,117,264
2023-02-28,Tuesday,2,Coffee,Dinner,100,126,227
2023-03-01,Wednesday,3,Pizza,Lunch,350,104,250
2023-03-01,Wednesday,3,Pizza,Dinner,350,158,446
2023-03-01,Wednesday,3,Burger,Lunch,200,110,376
2023-03-01,Wednesday,3,Burger,Dinner,200,109,309
2023-03-01,Wednesday,3,Pasta,Lunch,300,70,426
2023-03-01,Wednesday,3,Pasta,Dinner,300,105,448
2023-03-01,Wednesday,3,Sandwich,Lunch,180,74,335
2023-03-01,Wednesday,3,Sandwich,Dinner,180,75,274
2023-03-01,Wednesday,3,Salad,Lunch,150,69,275
2023-03-01,Wednesday,3,Salad,Dinner,150,43,219
2023-03-01,Wednesday,3,Biryani,Lunch,250,111,399
2023-03-01,Wednesday,3,Biryani,Dinner,250,161,469
2023-03-01,Wednesday,3,Fried Rice,Lunch,220,80,445
2023-03-01,Wednesday,3,Fried Rice,Dinner,220,110,393
2023-03-01,Wednesday,3,Noodles,Lunch,210,71,307
2023-03-01,Wednesday,3,Noodles,Dinner,210,89,212
2023-03-01,Wednesday,3,Ice Cream,Lunch,120,71,304
2023-03-01,Wednesday,3,Ice Cream,Dinner,120,71,454
2023-03-01,Wednesday,3,Coffee,Lunch,100,102,228
2023-03-01,Wednesday,3,Coffee,Dinner,100,140,488
2023-03-02,Thursday,3,Pizza,Lunch,350,112,456
2023-03-02,Thursday,3,Pizza,Dinner,350,158,430
2023-03-02,Thursday,3,Burger,Lunch,200,95,309
2023-03-02,Thursday,3,Burger,Dinner,200,113,422
2023-03-02,Thursday,3,Pasta,Lunch,300,68,403
2023-03-02,Thursday,3,Pasta,Dinner,300,88,257
2023-03-02,Thursday,3,Sandwich,Lunch,180,75,351
2023-03-02,Thursday,3,Sandwich,Dinner,180,79,302
2023-03-02,Thursday,3,Salad,Lunch,150,70,427
2023-03-02,Thursday,3,Salad,Dinner,150,67,474
2023-03-02,Thursday,3,Biryani,Lunch,250,126,467
2023-03-02,Thursday,3,Biryani,Dinner,250,140,203
2023-03-02,Thursday,3,Fried Rice,Lunch,220,85,299
2023-03-02,Thursday,3,Fried Rice,Dinner,220,127,486
2023-03-02,Thursday,3,Noodles,Lunch,210,93,483
2023-03-02,Thursday,3,Noodles,Dinner,210,109,396
2023-03-02,Thursday,3,Ice Cream,Lunch,120,67,202
2023-03-02,Thursday,3,Ice Cream,Dinner,120,53,204
2023-03-02,Thursday,3,Coffee,Lunch,100,108,412
2023-03-02,Thursday,3,Coffee,Dinner,100,132,491
2023-03-03,Friday,3,Pizza,Lunch,350,118,451
2023-03-03,Friday,3,Pizza,Dinner,350,130,330
2023-03-03,Friday,3,Burger,Lunch,200,87,375
2023-03-03,Friday,3,Burger,Dinner,200,114,210
2023-03-03,Friday,3,Pasta,Lunch,300,61,310
2023-03-03,Friday,3,Pasta,Dinner,300,77,371
2023-03-03,Friday,3,Sandwich,Lunch,180,61,247
2023-03-03,Friday,3,Sandwich,Dinner,180,103,366
2023-03-03,Friday,3,Salad,Lunch,150,60,401
2023-03-03,Friday,3,Salad,Dinner,150,41,271
2023-03-03,Friday,3,Biryani,Lunch,250,134,430
2023-03-03,Friday,3,Biryani,Dinner,250,152,401
2023-03-03,Friday,3,Fried Rice,Lunch,220,70,466
2023-03-03,Friday,3,Fried Rice,Dinner,220,96,351
2023-03-03,Friday,3,Noodles,Lunch,210,77,428
2023-03-03,Friday,3,Noodles,Dinner,210,111,316
2023-03-03,Friday,3,Ice Cream,Lunch,120,57,258
2023-03-03,Friday,3,Ice Cream,Dinner,120,68,388
2023-03-03,Friday,3,Coffee,Lunch,100,105,422
2023-03-03,Friday,3,Coffee,Dinner,100,152,334
2023-03-04,Saturday,3,Pizza,Lunch,350,182,374
2023-03-04,Saturday,3,Pizza,Dinner,350,208,375
2023-03-04,Saturday,3,Burger,Lunch,200,139,469
2023-03-04,Saturday,3,Burger,Dinner,200,170,291
2023-03-04,Saturday,3,Pasta,Lunch,300,100,300
2023-03-04,Saturday,3,Pasta,Dinner,300,130,223
2023-03-04,Saturday,3,Sandwich,Lunch,180,118,286
2023-03-04,Saturday,3,Sandwich,Dinner,180,112,384
2023-03-04,Saturday,3,Salad,Lunch,150,71,304
2023-03-04,Saturday,3,Salad,Dinner,150,79,256
2023-03-04,Saturday,3,Biryani,Lunch,250,198,483
2023-03-04,Saturday,3,Biryani,Dinner,250,207,476
2023-03-04,Saturday,3,Fried Rice,Lunch,220,138,338
2023-03-04,Saturday,3,Fried Rice,Dinner,220,165,216
2023-03-04,Saturday,3,Noodles,Lunch,210,137,284
2023-03-04,Saturday,3,Noodles,Dinner,210,141,218
2023-03-04,Saturday,3,Ice Cream,Lunch,120,83,386
2023-03-04,Saturday,3,Ice Cream,Dinner,120,118,426
2023-03-04,Saturday,3,Coffee,Lunch,100,169,393
2023-03-04,Saturday,3,Coffee,Dinner,100,179,389
2023-03-05,Sunday,3,Pizza,Lunch,350,154,305
2023-03-05,Sunday,3,Pizza,Dinner,350,212,254
2023-03-05,Sunday,3,Burger,Lunch,200,128,339
2023-03-05,Sunday,3,Burger,Dinner,200,148,387
2023-03-05,Sunday,3,Pasta,Lunch,300,128,312
2023-03-05,Sunday,3,Pasta,Dinner,300,134,217
2023-03-05,Sunday,3,Sandwich,Lunch,180,86,252
2023-03-05,Sunday,3,Sandwich,Dinner,180,120,400
2023-03-05,Sunday,3,Salad,Lunch,150,72,288
2023-03-05,Sunday,3,Salad,Dinner,150,92,337
2023-03-05,Sunday,3,Biryani,Lunch,250,183,217
2023-03-05,Sunday,3,Biryani,Dinner,250,210,219
2023-03-05,Sunday,3,Fried Rice,Lunch,220,132,498
2023-03-05,Sunday,3,Fried Rice,Dinner,220,134,354
2023-03-05,Sunday,3,Noodles,Lunch,210,109,389
2023-03-05,Sunday,3,Noodles,Dinner,210,122,253
2023-03-05,Sunday,3,Ice Cream,Lunch,120,74,493
2023-03-05,Sunday,3,Ice Cream,Dinner,120,104,383
2023-03-05,Sunday,3,Coffee,Lunch,100,155,491
2023-03-05,Sunday,3,Coffee,Dinner,100,171,484
2023-03-06,Monday,3,Pizza,Lunch,350,127,205
2023-03-06,Monday,3,Pizza,Dinner,350,148,252
2023-03-06,Monday,3,Burger,Lunch,200,91,291
2023-03-06,Monday,3,Burger,Dinner,200,119,453
2023-03-06,Monday,3,Pasta,Lunch,300,82,226
2023-03-06,Monday,3,Pasta,Dinner,300,111,277
2023-03-06,Monday,3,Sandwich,Lunch,180,75,286
2023-03-06,Monday,3,Sandwich,Dinner,180,65,468
2023-03-06,Monday,3,Salad,Lunch,150,46,321
2023-03-06,Monday,3,Salad,Dinner,150,71,296
2023-03-06,Monday,3,Biryani,Lunch,250,143,305
2023-03-06,Monday,3,Biryani,Dinner,250,150,290
2023-03-06,Monday,3,Fried Rice,Lunch,220,105,302
2023-03-06,Monday,3,Fried Rice,Dinner,220,109,395
2023-03-06,Monday,3,Noodles,Lunch,210,78,346
2023-03-06,Monday,3,Noodles,Dinner,210,96,294
2023-03-06,Monday,3,Ice Cream,Lunch,120,55,284
2023-03-06,Monday,3,Ice Cream,Dinner,120,75,467
2023-03-06,Monday,3,Coffee,Lunch,100,97,319
2023-03-06,Monday,3,Coffee,Dinner,100,134,295
2023-03-07,Tuesday,3,Pizza,Lunch,350,136,419
2023-03-07,Tuesday,3,Pizza,Dinner,350,137,220
2023-03-07,Tuesday,3,Burger,Lunch,200,114,315
2023-03-07,Tuesday,3,Burger,Dinner,200,109,330
2023-03-07,Tuesday,3,Pasta,Lunch,300,74,414
2023-03-07,Tuesday,3,Pasta,Dinner,300,91,489
2023-03-07,Tuesday,3,Sandwich,Lunch,180,65,498
2023-03-07,Tuesday,3,Sandwich,Dinner,180,75,281
2023-03-07,Tuesday,3,Salad,Lunch,150,43,210
2023-03-07,Tuesday,3,Salad,Dinner,150,77,318
2023-03-07,Tuesday,3,Biryani,Lunch,250,140,499
2023-03-07,Tuesday,3,Biryani,Dinner,250,150,490
2023-03-07,Tuesday,3,Fried Rice,Lunch,220,75,351
2023-03-07,Tuesday,3,Fried Rice,Dinner,220,107,341
2023-03-07,Tuesday,3,Noodles,Lunch,210,81,313
2023-03-07,Tuesday,3,Noodles,Dinner,210,100,210
2023-03-07,Tuesday,3,Ice Cream,Lunch,120,53,212
2023-03-07,Tuesday,3,Ice Cream,Dinner,120,63,426
2023-03-07,Tuesday,3,Coffee,Lunch,100,119,373
2023-03-07,Tuesday,3,Coffee,Dinner,100,118,229
2023-03-08,Wednesday,3,Pizza,Lunch,350,119,420
2023-03-08,Wednesday,3,Pizza,Dinner,350,140,437
2023-03-08,Wednesday,3,Burger,Lunch,200,80,367
2023-03-08,Wednesday,3,Burger,Dinner,200,119,408
2023-03-08,Wednesday,3,Pasta,Lunch,300,67,413
2023-03-08,Wednesday,3,Pasta,Dinner,300,112,392
2023-03-08,Wednesday,3,Sandwich,Lunch,180,63,301
2023-03-08,Wednesday,3,Sandwich,Dinner,180,101,427
2023-03-08,Wednesday,3,Salad,Lunch,150,46,409
2023-03-08,Wednesday,3,Salad,Dinner,150,52,223
2023-03-08,Wednesday,3,Biryani,Lunch,250,114,264
2023-03-08,Wednesday,3,Biryani,Dinner,250,141,491
2023-03-08,Wednesday,3,Fried Rice,Lunch,220,99,353
2023-03-08,Wednesday,3,Fried Rice,Dinner,220,102,289
2023-03-08,Wednesday,3,Noodles,Lunch,210,67,216
2023-03-08,Wednesday,3,Noodles,Dinner,210,107,491
2023-03-08,Wednesday,3,Ice Cream,Lunch,120,70,289
2023-03-08,Wednesday,3,Ice Cream,Dinner,120,67,227
2023-03-08,Wednesday,3,Coffee,Lunch,100,100,250
2023-03-08,Wednesday,3,Coffee,Dinner,100,116,298
2023-03-09,Thursday,3,Pizza,Lunch,350,110,348
2023-03-09,Thursday,3,Pizza,Dinner,350,128,495
2023-03-09,Thursday,3,Burger,Lunch,200,96,323
2023-03-09,Thursday,3,Burger,Dinner,200,136,292
2023-03-09,Thursday,3,Pasta,Lunch,300,88,439
2023-03-09,Thursday,3,Pasta,Dinner,300,113,442
2023-03-09,Thursday,3,Sandwich,Lunch,180,60,230
2023-03-09,Thursday,3,Sandwich,Dinner,180,77,303
2023-03-09,Thursday,3,Salad,Lunch,150,63,252
2023-03-09,Thursday,3,Salad,Dinner,150,54,370
2023-03-09,Thursday,3,Biryani,Lunch,250,138,407
2023-03-09,Thursday,3,Biryani,Dinner,250,176,317
2023-03-09,Thursday,3,Fried Rice,Lunch,220,87,387
2023-03-09,Thursday,3,Fried Rice,Dinner,220,114,364
2023-03-09,Thursday,3,Noodles,Lunch,210,105,472
2023-03-09,Thursday,3,Noodles,Dinner,210,96,314
2023-03-09,Thursday,3,Ice Cream,Lunch,120,54,206
2023-03-09,Thursday,3,Ice Cream,Dinner,120,61,247
2023-03-09,Thursday,3,Coffee,Lunch,100,130,352
2023-03-09,Thursday,3,Coffee,Dinner,100,145,253
2023-03-10,Friday,3,Pizza,Lunch,350,130,312
2023-03-10,Friday,3,Pizza,Dinner,350,124,331
2023-03-10,Friday,3,Burger,Lunch,200,95,478
2023-03-10,Friday,3,Burger,Dinner,200,128,386
2023-03-10,Friday,3,Pasta,Lunch,300,74,259
2023-03-10,Friday,3,Pasta,Dinner,300,101,289
2023-03-10,Friday,3,Sandwich,Lunch,180,65,358
2023-03-10,Friday,3,Sandwich,Dinner,180,97,350
2023-03-10,Friday,3,Salad,Lunch,150,43,347
2023-03-10,Friday,3,Salad,Dinner,150,51,437
2023-03-10,Friday,3,Biryani,Lunch,250,117,461
2023-03-10,Friday,3,Biryani,Dinner,250,142,228
2023-03-10,Friday,3,Fried Rice,Lunch,220,80,378
2023-03-10,Friday,3,Fried Rice,Dinner,220,111,371
2023-03-10,Friday,3,Noodles,Lunch,210,69,352
2023-03-10,Friday,3,Noodles,Dinner,210,116,309
2023-03-10,Friday,3,Ice Cream,Lunch,120,48,327
2023-03-10,Friday,3,Ice Cream,Dinner,120,70,379
2023-03-10,Friday,3,Coffee,Lunch,100,100,273
2023-03-10,Friday,3,Coffee,Dinner,100,112,324
2023-03-11,Saturday,3,Pizza,Lunch,350,160,229
2023-03-11,Saturday,3,Pizza,Dinner,350,209,238
2023-03-11,Saturday,3,Burger,Lunch,200,134,457
2023-03-11,Saturday,3,Burger,Dinner,200,155,247
2023-03-11,Saturday,3,Pasta,Lunch,300,112,243
2023-03-11,Saturday,3,Pasta,Dinner,300,143,250
2023-03-11,Saturday,3,Sandwich,Lunch,180,100,495
2023-03-11,Saturday,3,Sandwich,Dinner,180,126,281
2023-03-11,Saturday,3,Salad,Lunch,150,53,409
2023-03-11,Saturday,3,Salad,Dinner,150,94,224
2023-03-11,Saturday,3,Biryani,Lunch,250,188,341
2023-03-11,Saturday,3,Biryani,Dinner,250,213,278
2023-03-11,Saturday,3,Fried Rice,Lunch,220,121,260
2023-03-11,Saturday,3,Fried Rice,Dinner,220,163,360
2023-03-11,Saturday,3,Noodles,Lunch,210,138,343
2023-03-11,Saturday,3,Noodles,Dinner,210,145,452
2023-03-11,Saturday,3,Ice Cream,Lunch,120,75,257
2023-03-11,Saturday,3,Ice Cream,Dinner,120,80,330
2023-03-11,Saturday,3,Coffee,Lunch,100,141,241
2023-03-11,Saturday,3,Coffee,Dinner,100,202,362
2023-03-12,Sunday,3,Pizza,Lunch,350,179,311
2023-03-12,Sunday,3,Pizza,Dinner,350,185,270
2023-03-12,Sunday,3,Burger,Lunch,200,133,454
2023-03-12,Sunday,3,Burger,Dinner,200,157,431
2023-03-12,Sunday,3,Pasta,Lunch,300,94,302
2023-03-12,Sunday,3,Pasta,Dinner,300,142,486
2023-03-12,Sunday,3,Sandwich,Lunch,180,88,251
2023-03-12,Sunday,3,Sandwich,Dinner,180,116,453
2023-03-12,Sunday,3,Salad,Lunch,150,74,236
2023-03-12,Sunday,3,Salad,Dinner,150,68,445
2023-03-12,Sunday,3,Biryani,Lunch,250,197,420
2023-03-12,Sunday,3,Biryani,Dinner,250,212,497
2023-03-12,Sunday,3,Fried Rice,Lunch,220,131,309
2023-03-12,Sunday,3,Fried Rice,Dinner,220,164,362
2023-03-12,Sunday,3,Noodles,Lunch,210,110,330
2023-03-12,Sunday,3,Noodles,Dinner,210,162,481
2023-03-12,Sunday,3,Ice Cream,Lunch,120,74,378
2023-03-12,Sunday,3,Ice Cream,Dinner,120,89,358
2023-03-12,Sunday,3,Coffee,Lunch,100,155,200
2023-03-12,Sunday,3,Coffee,Dinner,100,174,481
2023-03-13,Monday,3,Pizza,Lunch,350,133,461
2023-03-13,Monday,3,Pizza,Dinner,350,149,463
2023-03-13,Monday,3,Burger,Lunch,200,92,414
2023-03-13,Monday,3,Burger,Dinner,200,110,227
2023-03-13,Monday,3,Pasta,Lunch,300,70,493
2023-03-13,Monday,3,Pasta,Dinner,300,90,396
2023-03-13,Monday,3,Sandwich,Lunch,180,58,269
2023-03-13,Monday,3,Sandwich,Dinner,180,68,354
2023-03-13,Monday,3,Salad,Lunch,150,66,379
2023-03-13,Monday,3,Salad,Dinner,150,44,466
2023-03-13,Monday,3,Biryani,Lunch,250,118,345
2023-03-13,Monday,3,Biryani,Dinner,250,165,343
2023-03-13,Monday,3,Fried Rice,Lunch,220,106,440
2023-03-13,Monday,3,Fried Rice,Dinner,220,106,380
2023-03-13,Monday,3,Noodles,Lunch,210,81,365
2023-03-13,Monday,3,Noodles,Dinner,210,100,320
2023-03-13,Monday,3,Ice Cream,Lunch,120,58,494
2023-03-13,Monday,3,Ice Cream,Dinner,120,56,489
2023-03-13,Monday,3,Coffee,Lunch,100,96,391
2023-03-13,Monday,3,Coffee,Dinner,100,135,215
2023-03-14,Tuesday,3,Pizza,Lunch,350,135,304
2023-03-14,Tuesday,3,Pizza,Dinner,350,149,360
2023-03-14,Tuesday,3,Burger,Lunch,200,102,451
2023-03-14,Tuesday,3,Burger,Dinner,200,123,248
2023-03-14,Tuesday,3,Pasta,Lunch,300,60,427
2023-03-14,Tuesday,3,Pasta,Dinner,300,106,424
2023-03-14,Tuesday,3,Sandwich,Lunch,180,61,462
2023-03-14,Tuesday,3,Sandwich,Dinner,180,72,303
2023-03-14,Tuesday,3,Salad,Lunch,150,57,382
2023-03-14,Tuesday,3,Salad,Dinner,150,73,462
2023-03-14,Tuesday,3,Biryani,Lunch,250,135,380
2023-03-14,Tuesday,3,Biryani,Dinner,250,140,331
2023-03-14,Tuesday,3,Fried Rice,Lunch,220,77,228
2023-03-14,Tuesday,3,Fried Rice,Dinner,220,115,249
2023-03-14,Tuesday,3,Noodles,Lunch,210,83,344
2023-03-14,Tuesday,3,Noodles,Dinner,210,119,485
2023-03-14,Tuesday,3,Ice Cream,Lunch,120,63,291
2023-03-14,Tuesday,3,Ice Cream,Dinner,120,87,339
2023-03-14,Tuesday,3,Coffee,Lunch,100,109,245
2023-03-14,Tuesday,3,Coffee,Dinner,100,125,249
2023-03-15,Wednesday,3,Pizza,Lunch,350,117,309
2023-03-15,Wednesday,3,Pizza,Dinner,350,135,396
2023-03-15,Wednesday,3,Burger,Lunch,200,112,223
2023-03-15,Wednesday,3,Burger,Dinner,200,127,498
2023-03-15,Wednesday,3,Pasta,Lunch,300,62,424
2023-03-15,Wednesday,3,Pasta,Dinner,300,88,494
2023-03-15,Wednesday,3,Sandwich,Lunch,180,82,298
2023-03-15,Wednesday,3,Sandwich,Dinner,180,90,216
2023-03-15,Wednesday,3,Salad,Lunch,150,68,282
2023-03-15,Wednesday,3,Salad,Dinner,150,41,496
2023-03-15,Wednesday,3,Biryani,Lunch,250,136,442
2023-03-15,Wednesday,3,Biryani,Dinner,250,150,374
2023-03-15,Wednesday,3,Fried Rice,Lunch,220,110,245
2023-03-15,Wednesday,3,Fried Rice,Dinner,220,92,451
2023-03-15,Wednesday,3,Noodles,Lunch,210,70,317
2023-03-15,Wednesday,3,Noodles,Dinner,210,104,477
2023-03-15,Wednesday,3,Ice Cream,Lunch,120,44,237
2023-03-15,Wednesday,3,Ice Cream,Dinner,120,54,396
2023-03-15,Wednesday,3,Coffee,Lunch,100,110,290
2023-03-15,Wednesday,3,Coffee,Dinner,100,130,200
2023-03-16,Thursday,3,Pizza,Lunch,350,116,336
2023-03-16,Thursday,3,Pizza,Dinner,350,158,481
2023-03-16,Thursday,3,Burger,Lunch,200,96,367
2023-03-16,Thursday,3,Burger,Dinner,200,100,356
2023-03-16,Thursday,3,Pasta,Lunch,300,67,340
2023-03-16,Thursday,3,Pasta,Dinner,300,109,325
2023-03-16,Thursday,3,Sandwich,Lunch,180,63,414
2023-03-16,Thursday,3,Sandwich,Dinner,180,72,385
2023-03-16,Thursday,3,Salad,Lunch,150,58,425
2023-03-16,Thursday,3,Salad,Dinner,150,75,492
2023-03-16,Thursday,3,Biryani,Lunch,250,113,293
2023-03-16,Thursday,3,Biryani,Dinner,250,162,290
2023-03-16,Thursday,3,Fried Rice,Lunch,220,71,319
2023-03-16,Thursday,3,Fried Rice,Dinner,220,118,235
2023-03-16,Thursday,3,Noodles,Lunch,210,99,363
2023-03-16,Thursday,3,Noodles,Dinner,210,88,462
2023-03-16,Thursday,3,Ice Cream,Lunch,120,50,420
2023-03-16,Thursday,3,Ice Cream,Dinner,120,71,348
2023-03-16,Thursday,3,Coffee,Lunch,100,126,235
2023-03-16,Thursday,3,Coffee,Dinner,100,127,318
2023-03-17,Friday,3,Pizza,Lunch,350,109,415
2023-03-17,Friday,3,Pizza,Dinner,350,152,305
2023-03-17,Friday,3,Burger,Lunch,200,116,467
2023-03-17,Friday,3,Burger,Dinner,200,130,298
2023-03-17,Friday,3,Pasta,Lunch,300,89,335
2023-03-17,Friday,3,Pasta,Dinner,300,101,222
2023-03-17,Friday,3,Sandwich,Lunch,180,76,375
2023-03-17,Friday,3,Sandwich,Dinner,180,103,444
2023-03-17,Friday,3,Salad,Lunch,150,45,332
2023-03-17,Friday,3,Salad,Dinner,150,43,472
2023-03-17,Friday,3,Biryani,Lunch,250,141,482
2023-03-17,Friday,3,Biryani,Dinner,250,139,238
2023-03-17,Friday,3,Fried Rice,Lunch,220,91,500
2023-03-17,Friday,3,Fried Rice,Dinner,220,93,455
2023-03-17,Friday,3,Noodles,Lunch,210,103,298
2023-03-17,Friday,3,Noodles,Dinner,210,110,368
2023-03-17,Friday,3,Ice Cream,Lunch,120,43,259
2023-03-17,Friday,3,Ice Cream,Dinner,120,84,350
2023-03-17,Friday,3,Coffee,Lunch,100,96,418
2023-03-17,Friday,3,Coffee,Dinner,100,150,257
2023-03-18,Saturday,3,Pizza,Lunch,350,149,212
2023-03-18,Saturday,3,Pizza,Dinner,350,221,376
2023-03-18,Saturday,3,Burger,Lunch,200,154,415
2023-03-18,Saturday,3,Burger,Dinner,200,170,465
2023-03-18,Saturday,3,Pasta,Lunch,300,109,354
2023-03-18,Saturday,3,Pasta,Dinner,300,144,399
2023-03-18,Saturday,3,Sandwich,Lunch,180,80,314
2023-03-18,Saturday,3,Sandwich,Dinner,180,116,306
2023-03-18,Saturday,3,Salad,Lunch,150,64,479
2023-03-18,Saturday,3,Salad,Dinner,150,95,453
2023-03-18,Saturday,3,Biryani,Lunch,250,180,311
2023-03-18,Saturday,3,Biryani,Dinner,250,225,371
2023-03-18,Saturday,3,Fried Rice,Lunch,220,144,361
2023-03-18,Saturday,3,Fried Rice,Dinner,220,148,294
2023-03-18,Saturday,3,Noodles,Lunch,210,101,453
2023-03-18,Saturday,3,Noodles,Dinner,210,122,209
2023-03-18,Saturday,3,Ice Cream,Lunch,120,100,401
2023-03-18,Saturday,3,Ice Cream,Dinner,120,81,408
2023-03-18,Saturday,3,Coffee,Lunch,100,136,447
2023-03-18,Saturday,3,Coffee,Dinner,100,198,458
2023-03-19,Sunday,3,Pizza,Lunch,350,148,485
2023-03-19,Sunday,3,Pizza,Dinner,350,192,361
2023-03-19,Sunday,3,Burger,Lunch,200,134,240
2023-03-19,Sunday,3,Burger,Dinner,200,172,499
2023-03-19,Sunday,3,Pasta,Lunch,300,92,383
2023-03-19,Sunday,3,Pasta,Dinner,300,121,447
2023-03-19,Sunday,3,Sandwich,Lunch,180,88,230
2023-03-19,Sunday,3,Sandwich,Dinner,180,122,295
2023-03-19,Sunday,3,Salad,Lunch,150,52,417
2023-03-19,Sunday,3,Salad,Dinner,150,95,306
2023-03-19,Sunday,3,Biryani,Lunch,250,200,340
2023-03-19,Sunday,3,Biryani,Dinner,250,215,497
2023-03-19,Sunday,3,Fried Rice,Lunch,220,120,301
2023-03-19,Sunday,3,Fried Rice,Dinner,220,154,294
2023-03-19,Sunday,3,Noodles,Lunch,210,110,365
2023-03-19,Sunday,3,Noodles,Dinner,210,132,220
2023-03-19,Sunday,3,Ice Cream,Lunch,120,87,276
2023-03-19,Sunday,3,Ice Cream,Dinner,120,109,249
2023-03-19,Sunday,3,Coffee,Lunch,100,142,285
2023-03-19,Sunday,3,Coffee,Dinner,100,200,477
2023-03-20,Monday,3,Pizza,Lunch,350,129,455
2023-03-20,Monday,3,Pizza,Dinner,350,128,344
2023-03-20,Monday,3,Burger,Lunch,200,85,364
2023-03-20,Monday,3,Burger,Dinner,200,120,491
2023-03-20,Monday,3,Pasta,Lunch,300,77,208
2023-03-20,Monday,3,Pasta,Dinner,300,90,468
2023-03-20,Monday,3,Sandwich,Lunch,180,82,458
2023-03-20,Monday,3,Sandwich,Dinner,180,68,471
2023-03-20,Monday,3,Salad,Lunch,150,41,352
2023-03-20,Monday,3,Salad,Dinner,150,66,345
2023-03-20,Monday,3,Biryani,Lunch,250,146,337
2023-03-20,Monday,3,Biryani,Dinner,250,166,444
2023-03-20,Monday,3,Fried Rice,Lunch,220,76,237
2023-03-20,Monday,3,Fried Rice,Dinner,220,95,270
2023-03-20,Monday,3,Noodles,Lunch,210,70,457
2023-03-20,Monday,3,Noodles,Dinner,210,107,287
2023-03-20,Monday,3,Ice Cream,Lunch,120,47,483
2023-03-20,Monday,3,Ice Cream,Dinner,120,82,292
2023-03-20,Monday,3,Coffee,Lunch,100,117,220
2023-03-20,Monday,3,Coffee,Dinner,100,147,330
2023-03-21,Tuesday,3,Pizza,Lunch,350,130,372
2023-03-21,Tuesday,3,Pizza,Dinner,350,138,494
2023-03-21,Tuesday,3,Burger,Lunch,200,116,262
2023-03-21,Tuesday,3,Burger,Dinner,200,120,285
2023-03-21,Tuesday,3,Pasta,Lunch,300,85,313
2023-03-21,Tuesday,3,Pasta,Dinner,300,88,387
2023-03-21,Tuesday,3,Sandwich,Lunch,180,65,354
2023-03-21,Tuesday,3,Sandwich,Dinner,180,78,326
2023-03-21,Tuesday,3,Salad,Lunch,150,49,218
2023-03-21,Tuesday,3,Salad,Dinner,150,62,316
2023-03-21,Tuesday,3,Biryani,Lunch,250,137,402
2023-03-21,Tuesday,3,Biryani,Dinner,250,150,456
2023-03-21,Tuesday,3,Fried Rice,Lunch,220,107,314
2023-03-21,Tuesday,3,Fried Rice,Dinner,220,90,240
2023-03-21,Tuesday,3,Noodles,Lunch,210,91,337
2023-03-21,Tuesday,3,Noodles,Dinner,210,97,449
2023-03-21,Tuesday,3,Ice Cream,Lunch,120,74,232
2023-03-21,Tuesday,3,Ice Cream,Dinner,120,63,265
2023-03-21,Tuesday,3,Coffee,Lunch,100,97,466
2023-03-21,Tuesday,3,Coffee,Dinner,100,144,279
2023-03-22,Wednesday,3,Pizza,Lunch,350,115,261
2023-03-22,Wednesday,3,Pizza,Dinner,350,163,263
2023-03-22,Wednesday,3,Burger,Lunch,200,120,248
2023-03-22,Wednesday,3,Burger,Dinner,200,140,408
2023-03-22,Wednesday,3,Pasta,Lunch,300,95,220
2023-03-22,Wednesday,3,Pasta,Dinner,300,113,309
2023-03-22,Wednesday,3,Sandwich,Lunch,180,88,366
2023-03-22,Wednesday,3,Sandwich,Dinner,180,95,359
2023-03-22,Wednesday,3,Salad,Lunch,150,61,214
2023-03-22,Wednesday,3,Salad,Dinner,150,54,483
2023-03-22,Wednesday,3,Biryani,Lunch,250,145,397
2023-03-22,Wednesday,3,Biryani,Dinner,250,168,240
2023-03-22,Wednesday,3,Fried Rice,Lunch,220,71,316
2023-03-22,Wednesday,3,Fried Rice,Dinner,220,116,299
2023-03-22,Wednesday,3,Noodles,Lunch,210,69,369
2023-03-22,Wednesday,3,Noodles,Dinner,210,92,206
2023-03-22,Wednesday,3,Ice Cream,Lunch,120,40,240
2023-03-22,Wednesday,3,Ice Cream,Dinner,120,87,313
2023-03-22,Wednesday,3,Coffee,Lunch,100,93,254
2023-03-22,Wednesday,3,Coffee,Dinner,100,120,348
2023-03-23,Thursday,3,Pizza,Lunch,350,139,384
2023-03-23,Thursday,3,Pizza,Dinner,350,127,431
2023-03-23,Thursday,3,Burger,Lunch,200,92,419
2023-03-23,Thursday,3,Burger,Dinner,200,138,375
2023-03-23,Thursday,3,Pasta,Lunch,300,89,378
2023-03-23,Thursday,3,Pasta,Dinner,300,104,228
2023-03-23,Thursday,3,Sandwich,Lunch,180,59,274
2023-03-23,Thursday,3,Sandwich,Dinner,180,72,486
2023-03-23,Thursday,3,Salad,Lunch,150,35,331
2023-03-23,Thursday,3,Salad,Dinner,150,48,245
2023-03-23,Thursday,3,Biryani,Lunch,250,124,265
2023-03-23,Thursday,3,Biryani,Dinner,250,141,333
2023-03-23,Thursday,3,Fried Rice,Lunch,220,74,463
2023-03-23,Thursday,3,Fried Rice,Dinner,220,90,390
2023-03-23,Thursday,3,Noodles,Lunch,210,90,248
2023-03-23,Thursday,3,Noodles,Dinner,210,96,470
2023-03-23,Thursday,3,Ice Cream,Lunch,120,66,366
2023-03-23,Thursday,3,Ice Cream,Dinner,120,80,235
2023-03-23,Thursday,3,Coffee,Lunch,100,119,456
2023-03-23,Thursday,3,Coffee,Dinner,100,122,475
2023-03-24,Friday,3,Pizza,Lunch,350,139,309
2023-03-24,Friday,3,Pizza,Dinner,350,130,259
2023-03-24,Friday,3,Burger,Lunch,200,120,269
2023-03-24,Friday,3,Burger,Dinner,200,118,408
2023-03-24,Friday,3,Pasta,Lunch,300,83,338
2023-03-24,Friday,3,Pasta,Dinner,300,105,336
2023-03-24,Friday,3,Sandwich,Lunch,180,53,403
2023-03-24,Friday,3,Sandwich,Dinner,180,102,298
2023-03-24,Friday,3,Salad,Lunch,150,60,234
2023-03-24,Friday,3,Salad,Dinner,150,73,335
2023-03-24,Friday,3,Biryani,Lunch,250,126,401
2023-03-24,Friday,3,Biryani,Dinner,250,168,477
2023-03-24,Friday,3,Fried Rice,Lunch,220,87,303
2023-03-24,Friday,3,Fried Rice,Dinner,220,105,361
2023-03-24,Friday,3,Noodles,Lunch,210,81,301
2023-03-24,Friday,3,Noodles,Dinner,210,114,433
2023-03-24,Friday,3,Ice Cream,Lunch,120,59,346
2023-03-24,Friday,3,Ice Cream,Dinner,120,84,255
2023-03-24,Friday,3,Coffee,Lunch,100,90,264
2023-03-24,Friday,3,Coffee,Dinner,100,148,413
2023-03-25,Saturday,3,Pizza,Lunch,350,178,236
2023-03-25,Saturday,3,Pizza,Dinner,350,220,422
2023-03-25,Saturday,3,Burger,Lunch,200,147,247
2023-03-25,Saturday,3,Burger,Dinner,200,158,451
2023-03-25,Saturday,3,Pasta,Lunch,300,97,433
2023-03-25,Saturday,3,Pasta,Dinner,300,134,271
2023-03-25,Saturday,3,Sandwich,Lunch,180,88,260
2023-03-25,Saturday,3,Sandwich,Dinner,180,105,383
2023-03-25,Saturday,3,Salad,Lunch,150,88,303
2023-03-25,Saturday,3,Salad,Dinner,150,81,332
2023-03-25,Saturday,3,Biryani,Lunch,250,196,209
2023-03-25,Saturday,3,Biryani,Dinner,250,234,286
2023-03-25,Saturday,3,Fried Rice,Lunch,220,132,260
2023-03-25,Saturday,3,Fried Rice,Dinner,220,166,463
2023-03-25,Saturday,3,Noodles,Lunch,210,103,491
2023-03-25,Saturday,3,Noodles,Dinner,210,135,383
2023-03-25,Saturday,3,Ice Cream,Lunch,120,70,296
2023-03-25,Saturday,3,Ice Cream,Dinner,120,91,222
2023-03-25,Saturday,3,Coffee,Lunch,100,167,233
2023-03-25,Saturday,3,Coffee,Dinner,100,182,256
2023-03-26,Sunday,3,Pizza,Lunch,350,183,469
2023-03-26,Sunday,3,Pizza,Dinner,350,202,250
2023-03-26,Sunday,3,Burger,Lunch,200,130,314
2023-03-26,Sunday,3,Burger,Dinner,200,153,481
2023-03-26,Sunday,3,Pasta,Lunch,300,131,354
2023-03-26,Sunday,3,Pasta,Dinner,300,117,313
2023-03-26,Sunday,3,Sandwich,Lunch,180,109,338
2023-03-26,Sunday,3,Sandwich,Dinner,180,113,469
2023-03-26,Sunday,3,Salad,Lunch,150,89,325
2023-03-26,Sunday,3,Salad,Dinner,150,97,417
2023-03-26,Sunday,3,Biryani,Lunch,250,201,481
2023-03-26,Sunday,3,Biryani,Dinner,250,236,410
2023-03-26,Sunday,3,Fried Rice,Lunch,220,131,245
2023-03-26,Sunday,3,Fried Rice,Dinner,220,163,491
2023-03-26,Sunday,3,Noodles,Lunch,210,107,472
2023-03-26,Sunday,3,Noodles,Dinner,210,153,243
2023-03-26,Sunday,3,Ice Cream,Lunch,120,74,263
2023-03-26,Sunday,3,Ice Cream,Dinner,120,90,497
2023-03-26,Sunday,3,Coffee,Lunch,100,156,426
2023-03-26,Sunday,3,Coffee,Dinner,100,168,331
2023-03-27,Monday,3,Pizza,Lunch,350,130,458
2023-03-27,Monday,3,Pizza,Dinner,350,147,252
2023-03-27,Monday,3,Burger,Lunch,200,101,479
2023-03-27,Monday,3,Burger,Dinner,200,120,492
2023-03-27,Monday,3,Pasta,Lunch,300,96,463
2023-03-27,Monday,3,Pasta,Dinner,300,76,432
2023-03-27,Monday,3,Sandwich,Lunch,180,56,408
2023-03-27,Monday,3,Sandwich,Dinner,180,93,365
2023-03-27,Monday,3,Salad,Lunch,150,68,267
2023-03-27,Monday,3,Salad,Dinner,150,61,351
2023-03-27,Monday,3,Biryani,Lunch,250,123,454
2023-03-27,Monday,3,Biryani,Dinner,250,163,482
2023-03-27,Monday,3,Fried Rice,Lunch,220,79,317
2023-03-27,Monday,3,Fried Rice,Dinner,220,104,371
2023-03-27,Monday,3,Noodles,Lunch,210,97,454
2023-03-27,Monday,3,Noodles,Dinner,210,89,212
2023-03-27,Monday,3,Ice Cream,Lunch,120,73,480
2023-03-27,Monday,3,Ice Cream,Dinner,120,62,421
2023-03-27,Monday,3,Coffee,Lunch,100,96,469
2023-03-27,Monday,3,Coffee,Dinner,100,138,272
2023-03-28,Tuesday,3,Pizza,Lunch,350,134,399
2023-03-28,Tuesday,3,Pizza,Dinner,350,159,232
2023-03-28,Tuesday,3,Burger,Lunch,200,104,397
2023-03-28,Tuesday,3,Burger,Dinner,200,111,239
2023-03-28,Tuesday,3,Pasta,Lunch,300,84,468
2023-03-28,Tuesday,3,Pasta,Dinner,300,99,431
2023-03-28,Tuesday,3,Sandwich,Lunch,180,84,360
2023-03-28,Tuesday,3,Sandwich,Dinner,180,77,257
2023-03-28,Tuesday,3,Salad,Lunch,150,45,278
2023-03-28,Tuesday,3,Salad,Dinner,150,57,461
2023-03-28,Tuesday,3,Biryani,Lunch,250,139,449
2023-03-28,Tuesday,3,Biryani,Dinner,250,168,492
2023-03-28,Tuesday,3,Fried Rice,Lunch,220,91,246
2023-03-28,Tuesday,3,Fried Rice,Dinner,220,122,346
2023-03-28,Tuesday,3,Noodles,Lunch,210,96,243
2023-03-28,Tuesday,3,Noodles,Dinner,210,103,330
2023-03-28,Tuesday,3,Ice Cream,Lunch,120,58,259
2023-03-28,Tuesday,3,Ice Cream,Dinner,120,54,387
2023-03-28,Tuesday,3,Coffee,Lunch,100,113,416
2023-03-28,Tuesday,3,Coffee,Dinner,100,134,282
2023-03-29,Wednesday,3,Pizza,Lunch,350,127,308
2023-03-29,Wednesday,3,Pizza,Dinner,350,127,224
2023-03-29,Wednesday,3,Burger,Lunch,200,102,266
2023-03-29,Wednesday,3,Burger,Dinner,200,139,491
2023-03-29,Wednesday,3,Pasta,Lunch,300,100,230
2023-03-29,Wednesday,3,Pasta,Dinner,300,113,200
2023-03-29,Wednesday,3,Sandwich,Lunch,180,77,465
2023-03-29,Wednesday,3,Sandwich,Dinner,180,69,264
2023-03-29,Wednesday,3,Salad,Lunch,150,52,255
2023-03-29,Wednesday,3,Salad,Dinner,150,68,284
2023-03-29,Wednesday,3,Biryani,Lunch,250,139,351
2023-03-29,Wednesday,3,Biryani,Dinner,250,142,371
2023-03-29,Wednesday,3,Fried Rice,Lunch,220,110,417
2023-03-29,Wednesday,3,Fried Rice,Dinner,220,118,463
2023-03-29,Wednesday,3,Noodles,Lunch,210,105,475
2023-03-29,Wednesday,3,Noodles,Dinner,210,82,266
2023-03-29,Wednesday,3,Ice Cream,Lunch,120,63,268
2023-03-29,Wednesday,3,Ice Cream,Dinner,120,69,467
2023-03-29,Wednesday,3,Coffee,Lunch,100,128,344
2023-03-29,Wednesday,3,Coffee,Dinner,100,126,481
2023-03-30,Thursday,3,Pizza,Lunch,350,138,281
2023-03-30,Thursday,3,Pizza,Dinner,350,144,201
2023-03-30,Thursday,3,Burger,Lunch,200,87,451
2023-03-30,Thursday,3,Burger,Dinner,200,108,413
2023-03-30,Thursday,3,Pasta,Lunch,300,69,301
2023-03-30,Thursday,3,Pasta,Dinner,300,85,241
2023-03-30,Thursday,3,Sandwich,Lunch,180,74,225
2023-03-30,Thursday,3,Sandwich,Dinner,180,86,248
2023-03-30,Thursday,3,Salad,Lunch,150,63,333
2023-03-30,Thursday,3,Salad,Dinner,150,55,322
2023-03-30,Thursday,3,Biryani,Lunch,250,145,357
2023-03-30,Thursday,3,Biryani,Dinner,250,168,241
2023-03-30,Thursday,3,Fried Rice,Lunch,220,105,494
2023-03-30,Thursday,3,Fried Rice,Dinner,220,120,432
2023-03-30,Thursday,3,Noodles,Lunch,210,68,430
2023-03-30,Thursday,3,Noodles,Dinner,210,94,204
2023-03-30,Thursday,3,Ice Cream,Lunch,120,75,314
2023-03-30,Thursday,3,Ice Cream,Dinner,120,62,386
2023-03-30,Thursday,3,Coffee,Lunch,100,100,403
2023-03-30,Thursday,3,Coffee,Dinner,100,140,421
2023-03-31,Friday,3,Pizza,Lunch,350,120,313
2023-03-31,Friday,3,Pizza,Dinner,350,128,453
2023-03-31,Friday,3,Burger,Lunch,200,98,466
2023-03-31,Friday,3,Burger,Dinner,200,108,328
2023-03-31,Friday,3,Pasta,Lunch,300,92,345
2023-03-31,Friday,3,Pasta,Dinner,300,80,331
2023-03-31,Friday,3,Sandwich,Lunch,180,71,343
2023-03-31,Friday,3,Sandwich,Dinner,180,74,498
2023-03-31,Friday,3,Salad,Lunch,150,57,415
2023-03-31,Friday,3,Salad,Dinner,150,50,336
2023-03-31,Friday,3,Biryani,Lunch,250,110,227
2023-03-31,Friday,3,Biryani,Dinner,250,157,405
2023-03-31,Friday,3,Fried Rice,Lunch,220,83,418
2023-03-31,Friday,3,Fried Rice,Dinner,220,107,479
2023-03-31,Friday,3,Noodles,Lunch,210,100,303
2023-03-31,Friday,3,Noodles,Dinner,210,113,442
2023-03-31,Friday,3,Ice Cream,Lunch,120,43,311
2023-03-31,Friday,3,Ice Cream,Dinner,120,78,403
2023-03-31,Friday,3,Coffee,Lunch,100,123,309
2023-03-31,Friday,3,Coffee,Dinner,100,145,271
2023-04-01,Saturday,4,Pizza,Lunch,350,199,277
2023-04-01,Saturday,4,Pizza,Dinner,350,228,411
2023-04-01,Saturday,4,Burger,Lunch,200,151,323
2023-04-01,Saturday,4,Burger,Dinner,200,170,483
2023-04-01,Saturday,4,Pasta,Lunch,300,139,387
2023-04-01,Saturday,4,Pasta,Dinner,300,154,367
2023-04-01,Saturday,4,Sandwich,Lunch,180,116,413
2023-04-01,Saturday,4,Sandwich,Dinner,180,134,253
2023-04-01,Saturday,4,Salad,Lunch,150,57,443
2023-04-01,Saturday,4,Salad,Dinner,150,99,407
2023-04-01,Saturday,4,Biryani,Lunch,250,196,318
2023-04-01,Saturday,4,Biryani,Dinner,250,245,467
2023-04-01,Saturday,4,Fried Rice,Lunch,220,154,269
2023-04-01,Saturday,4,Fried Rice,Dinner,220,168,396
2023-04-01,Saturday,4,Noodles,Lunch,210,128,496
2023-04-01,Saturday,4,Noodles,Dinner,210,148,377
2023-04-01,Saturday,4,Ice Cream,Lunch,120,90,470
2023-04-01,Saturday,4,Ice Cream,Dinner,120,110,213
2023-04-01,Saturday,4,Coffee,Lunch,100,183,427
2023-04-01,Saturday,4,Coffee,Dinner,100,193,416
2023-04-02,Sunday,4,Pizza,Lunch,350,173,394
2023-04-02,Sunday,4,Pizza,Dinner,350,207,361
2023-04-02,Sunday,4,Burger,Lunch,200,137,275
2023-04-02,Sunday,4,Burger,Dinner,200,165,285
2023-04-02,Sunday,4,Pasta,Lunch,300,108,200
2023-04-02,Sunday,4,Pasta,Dinner,300,161,372
2023-04-02,Sunday,4,Sandwich,Lunch,180,97,498
2023-04-02,Sunday,4,Sandwich,Dinner,180,142,258
2023-04-02,Sunday,4,Salad,Lunch,150,85,491
2023-04-02,Sunday,4,Salad,Dinner,150,105,294
2023-04-02,Sunday,4,Biryani,Lunch,250,199,342
2023-04-02,Sunday,4,Biryani,Dinner,250,259,243
2023-04-02,Sunday,4,Fried Rice,Lunch,220,132,460
2023-04-02,Sunday,4,Fried Rice,Dinner,220,179,490
2023-04-02,Sunday,4,Noodles,Lunch,210,133,311
2023-04-02,Sunday,4,Noodles,Dinner,210,167,420
2023-04-02,Sunday,4,Ice Cream,Lunch,120,88,274
2023-04-02,Sunday,4,Ice Cream,Dinner,120,127,455
2023-04-02,Sunday,4,Coffee,Lunch,100,160,363
2023-04-02,Sunday,4,Coffee,Dinner,100,221,365
2023-04-03,Monday,4,Pizza,Lunch,350,126,308
2023-04-03,Monday,4,Pizza,Dinner,350,166,394
2023-04-03,Monday,4,Burger,Lunch,200,100,393
2023-04-03,Monday,4,Burger,Dinner,200,144,344
2023-04-03,Monday,4,Pasta,Lunch,300,105,336
2023-04-03,Monday,4,Pasta,Dinner,300,119,247
2023-04-03,Monday,4,Sandwich,Lunch,180,90,314
2023-04-03,Monday,4,Sandwich,Dinner,180,82,222
2023-04-03,Monday,4,Salad,Lunch,150,50,304
2023-04-03,Monday,4,Salad,Dinner,150,78,423
2023-04-03,Monday,4,Biryani,Lunch,250,158,469
2023-04-03,Monday,4,Biryani,Dinner,250,173,454
2023-04-03,Monday,4,Fried Rice,Lunch,220,79,363
2023-04-03,Monday,4,Fried Rice,Dinner,220,133,311
2023-04-03,Monday,4,Noodles,Lunch,210,76,332
2023-04-03,Monday,4,Noodles,Dinner,210,107,409
2023-04-03,Monday,4,Ice Cream,Lunch,120,59,472
2023-04-03,Monday,4,Ice Cream,Dinner,120,80,315
2023-04-03,Monday,4,Coffee,Lunch,100,114,388
2023-04-03,Monday,4,Coffee,Dinner,100,145,497
2023-04-04,Tuesday,4,Pizza,Lunch,350,128,430
2023-04-04,Tuesday,4,Pizza,Dinner,350,167,498
2023-04-04,Tuesday,4,Burger,Lunch,200,97,491
2023-04-04,Tuesday,4,Burger,Dinner,200,145,275
2023-04-04,Tuesday,4,Pasta,Lunch,300,97,490
2023-04-04,Tuesday,4,Pasta,Dinner,300,125,349
2023-04-04,Tuesday,4,Sandwich,Lunch,180,94,281
2023-04-04,Tuesday,4,Sandwich,Dinner,180,93,390
2023-04-04,Tuesday,4,Salad,Lunch,150,36,292
2023-04-04,Tuesday,4,Salad,Dinner,150,83,359
2023-04-04,Tuesday,4,Biryani,Lunch,250,146,378
2023-04-04,Tuesday,4,Biryani,Dinner,250,169,400
2023-04-04,Tuesday,4,Fried Rice,Lunch,220,112,376
2023-04-04,Tuesday,4,Fried Rice,Dinner,220,123,374
2023-04-04,Tuesday,4,Noodles,Lunch,210,94,228
2023-04-04,Tuesday,4,Noodles,Dinner,210,130,336
2023-04-04,Tuesday,4,Ice Cream,Lunch,120,53,486
2023-04-04,Tuesday,4,Ice Cream,Dinner,120,96,248
2023-04-04,Tuesday,4,Coffee,Lunch,100,136,333
2023-04-04,Tuesday,4,Coffee,Dinner,100,135,480
2023-04-05,Wednesday,4,Pizza,Lunch,350,152,279
2023-04-05,Wednesday,4,Pizza,Dinner,350,148,308
2023-04-05,Wednesday,4,Burger,Lunch,200,121,301
2023-04-05,Wednesday,4,Burger,Dinner,200,148,297
2023-04-05,Wednesday,4,Pasta,Lunch,300,97,374
2023-04-05,Wednesday,4,Pasta,Dinner,300,93,362
2023-04-05,Wednesday,4,Sandwich,Lunch,180,67,396
2023-04-05,Wednesday,4,Sandwich,Dinner,180,103,422
2023-04-05,Wednesday,4,Salad,Lunch,150,36,494
2023-04-05,Wednesday,4,Salad,Dinner,150,77,444
2023-04-05,Wednesday,4,Biryani,Lunch,250,125,343
2023-04-05,Wednesday,4,Biryani,Dinner,250,158,238
2023-04-05,Wednesday,4,Fried Rice,Lunch,220,79,257
2023-04-05,Wednesday,4,Fried Rice,Dinner,220,130,490
2023-04-05,Wednesday,4,Noodles,Lunch,210,109,443
2023-04-05,Wednesday,4,Noodles,Dinner,210,119,432
2023-04-05,Wednesday,4,Ice Cream,Lunch,120,81,398
2023-04-05,Wednesday,4,Ice Cream,Dinner,120,71,388
2023-04-05,Wednesday,4,Coffee,Lunch,100,128,284
2023-04-05,Wednesday,4,Coffee,Dinner,100,127,359
2023-04-06,Thursday,4,Pizza,Lunch,350,120,388
2023-04-06,Thursday,4,Pizza,Dinner,350,164,375
2023-04-06,Thursday,4,Burger,Lunch,200,97,286
2023-04-06,Thursday,4,Burger,Dinner,200,114,393
2023-04-06,Thursday,4,Pasta,Lunch,300,107,454
2023-04-06,Thursday,4,Pasta,Dinner,300,94,276
2023-04-06,Thursday,4,Sandwich,Lunch,180,76,289
2023-04-06,Thursday,4,Sandwich,Dinner,180,72,328
2023-04-06,Thursday,4,Salad,Lunch,150,64,268
2023-04-06,Thursday,4,Salad,Dinner,150,72,432
2023-04-06,Thursday,4,Biryani,Lunch,250,131,317
2023-04-06,Thursday,4,Biryani,Dinner,250,159,336
2023-04-06,Thursday,4,Fried Rice,Lunch,220,87,436
2023-04-06,Thursday,4,Fried Rice,Dinner,220,129,388
2023-04-06,Thursday,4,Noodles,Lunch,210,98,279
2023-04-06,Thursday,4,Noodles,Dinner,210,131,297
2023-04-06,Thursday,4,Ice Cream,Lunch,120,46,308
2023-04-06,Thursday,4,Ice Cream,Dinner,120,61,475
2023-04-06,Thursday,4,Coffee,Lunch,100,111,241
2023-04-06,Thursday,4,Coffee,Dinner,100,143,493
2023-04-07,Friday,4,Pizza,Lunch,350,143,479
2023-04-07,Friday,4,Pizza,Dinner,350,174,351
2023-04-07,Friday,4,Burger,Lunch,200,91,303
2023-04-07,Friday,4,Burger,Dinner,200,145,361
2023-04-07,Friday,4,Pasta,Lunch,300,89,206
2023-04-07,Friday,4,Pasta,Dinner,300,114,306
2023-04-07,Friday,4,Sandwich,Lunch,180,62,215
2023-04-07,Friday,4,Sandwich,Dinner,180,106,291
2023-04-07,Friday,4,Salad,Lunch,150,63,370
2023-04-07,Friday,4,Salad,Dinner,150,70,320
2023-04-07,Friday,4,Biryani,Lunch,250,128,341
2023-04-07,Friday,4,Biryani,Dinner,250,156,329
2023-04-07,Friday,4,Fried Rice,Lunch,220,84,258
2023-04-07,Friday,4,Fried Rice,Dinner,220,104,278
2023-04-07,Friday,4,Noodles,Lunch,210,111,287
2023-04-07,Friday,4,Noodles,Dinner,210,123,453
2023-04-07,Friday,4,Ice Cream,Lunch,120,68,347
2023-04-07,Friday,4,Ice Cream,Dinner,120,87,491
2023-04-07,Friday,4,Coffee,Lunch,100,139,271
2023-04-07,Friday,4,Coffee,Dinner,100,149,361
2023-04-08,Saturday,4,Pizza,Lunch,350,188,466
2023-04-08,Saturday,4,Pizza,Dinner,350,210,245
2023-04-08,Saturday,4,Burger,Lunch,200,150,339
2023-04-08,Saturday,4,Burger,Dinner,200,204,276
2023-04-08,Saturday,4,Pasta,Lunch,300,129,230
2023-04-08,Saturday,4,Pasta,Dinner,300,145,465
2023-04-08,Saturday,4,Sandwich,Lunch,180,113,475
2023-04-08,Saturday,4,Sandwich,Dinner,180,110,467
2023-04-08,Saturday,4,Salad,Lunch,150,75,422
2023-04-08,Saturday,4,Salad,Dinner,150,87,450
2023-04-08,Saturday,4,Biryani,Lunch,250,217,355
2023-04-08,Saturday,4,Biryani,Dinner,250,233,416
2023-04-08,Saturday,4,Fried Rice,Lunch,220,137,486
2023-04-08,Saturday,4,Fried Rice,Dinner,220,174,426
2023-04-08,Saturday,4,Noodles,Lunch,210,130,235
2023-04-08,Saturday,4,Noodles,Dinner,210,168,492
2023-04-08,Saturday,4,Ice Cream,Lunch,120,95,237
2023-04-08,Saturday,4,Ice Cream,Dinner,120,102,362
2023-04-08,Saturday,4,Coffee,Lunch,100,180,452
2023-04-08,Saturday,4,Coffee,Dinner,100,191,363
2023-04-09,Sunday,4,Pizza,Lunch,350,166,243
2023-04-09,Sunday,4,Pizza,Dinner,350,215,403
2023-04-09,Sunday,4,Burger,Lunch,200,152,308
2023-04-09,Sunday,4,Burger,Dinner,200,202,296
2023-04-09,Sunday,4,Pasta,Lunch,300,117,280
2023-04-09,Sunday,4,Pasta,Dinner,300,135,243
2023-04-09,Sunday,4,Sandwich,Lunch,180,93,393
2023-04-09,Sunday,4,Sandwich,Dinner,180,115,215
2023-04-09,Sunday,4,Salad,Lunch,150,66,481
2023-04-09,Sunday,4,Salad,Dinner,150,107,351
2023-04-09,Sunday,4,Biryani,Lunch,250,193,410
2023-04-09,Sunday,4,Biryani,Dinner,250,242,408
2023-04-09,Sunday,4,Fried Rice,Lunch,220,131,433
2023-04-09,Sunday,4,Fried Rice,Dinner,220,164,500
2023-04-09,Sunday,4,Noodles,Lunch,210,145,483
2023-04-09,Sunday,4,Noodles,Dinner,210,137,223
2023-04-09,Sunday,4,Ice Cream,Lunch,120,89,254
2023-04-09,Sunday,4,Ice Cream,Dinner,120,119,254
2023-04-09,Sunday,4,Coffee,Lunch,100,170,380
2023-04-09,Sunday,4,Coffee,Dinner,100,212,400
2023-04-10,Monday,4,Pizza,Lunch,350,132,229
2023-04-10,Monday,4,Pizza,Dinner,350,150,442
2023-04-10,Monday,4,Burger,Lunch,200,99,500
2023-04-10,Monday,4,Burger,Dinner,200,150,248
2023-04-10,Monday,4,Pasta,Lunch,300,100,435
2023-04-10,Monday,4,Pasta,Dinner,300,85,431
2023-04-10,Monday,4,Sandwich,Lunch,180,59,290
2023-04-10,Monday,4,Sandwich,Dinner,180,102,249
2023-04-10,Monday,4,Salad,Lunch,150,60,231
2023-04-10,Monday,4,Salad,Dinner,150,65,210
2023-04-10,Monday,4,Biryani,Lunch,250,156,304
2023-04-10,Monday,4,Biryani,Dinner,250,158,264
2023-04-10,Monday,4,Fried Rice,Lunch,220,116,279
2023-04-10,Monday,4,Fried Rice,Dinner,220,110,259
2023-04-10,Monday,4,Noodles,Lunch,210,106,414
2023-04-10,Monday,4,Noodles,Dinner,210,105,445
2023-04-10,Monday,4,Ice Cream,Lunch,120,60,234
2023-04-10,Monday,4,Ice Cream,Dinner,120,81,290
2023-04-10,Monday,4,Coffee,Lunch,100,138,443
2023-04-10,Monday,4,Coffee,Dinner,100,144,397
2023-04-11,Tuesday,4,Pizza,Lunch,350,135,218
2023-04-11,Tuesday,4,Pizza,Dinner,350,149,391
2023-04-11,Tuesday,4,Burger,Lunch,200,106,426
2023-04-11,Tuesday,4,Burger,Dinner,200,138,227
2023-04-11,Tuesday,4,Pasta,Lunch,300,91,491
2023-04-11,Tuesday,4,Pasta,Dinner,300,120,338
2023-04-11,Tuesday,4,Sandwich,Lunch,180,91,462
2023-04-11,Tuesday,4,Sandwich,Dinner,180,93,269
2023-04-11,Tuesday,4,Salad,Lunch,150,56,406
2023-04-11,Tuesday,4,Salad,Dinner,150,80,273
2023-04-11,Tuesday,4,Biryani,Lunch,250,127,218
2023-04-11,Tuesday,4,Biryani,Dinner,250,158,216
2023-04-11,Tuesday,4,Fried Rice,Lunch,220,79,481
2023-04-11,Tuesday,4,Fried Rice,Dinner,220,115,271
2023-04-11,Tuesday,4,Noodles,Lunch,210,108,496
2023-04-11,Tuesday,4,Noodles,Dinner,210,113,459
2023-04-11,Tuesday,4,Ice Cream,Lunch,120,51,395
2023-04-11,Tuesday,4,Ice Cream,Dinner,120,65,306
2023-04-11,Tuesday,4,Coffee,Lunch,100,135,330
2023-04-11,Tuesday,4,Coffee,Dinner,100,134,493
2023-04-12,Wednesday,4,Pizza,Lunch,350,121,443
2023-04-12,Wednesday,4,Pizza,Dinner,350,155,344
2023-04-12,Wednesday,4,Burger,Lunch,200,107,498
2023-04-12,Wednesday,4,Burger,Dinner,200,149,285
2023-04-12,Wednesday,4,Pasta,Lunch,300,78,291
2023-04-12,Wednesday,4,Pasta,Dinner,300,98,492
2023-04-12,Wednesday,4,Sandwich,Lunch,180,93,341
2023-04-12,Wednesday,4,Sandwich,Dinner,180,74,211
2023-04-12,Wednesday,4,Salad,Lunch,150,67,469
2023-04-12,Wednesday,4,Salad,Dinner,150,47,257
2023-04-12,Wednesday,4,Biryani,Lunch,250,149,437
2023-04-12,Wednesday,4,Biryani,Dinner,250,183,469
2023-04-12,Wednesday,4,Fried Rice,Lunch,220,84,363
2023-04-12,Wednesday,4,Fried Rice,Dinner,220,127,218
2023-04-12,Wednesday,4,Noodles,Lunch,210,96,459
2023-04-12,Wednesday,4,Noodles,Dinner,210,101,346
2023-04-12,Wednesday,4,Ice Cream,Lunch,120,68,267
2023-04-12,Wednesday,4,Ice Cream,Dinner,120,85,306
2023-04-12,Wednesday,4,Coffee,Lunch,100,134,287
2023-04-12,Wednesday,4,Coffee,Dinner,100,126,395
2023-04-13,Thursday,4,Pizza,Lunch,350,119,427
2023-04-13,Thursday,4,Pizza,Dinner,350,178,336
2023-04-13,Thursday,4,Burger,Lunch,200,121,339
2023-04-13,Thursday,4,Burger,Dinner,200,126,237
2023-04-13,Thursday,4,Pasta,Lunch,300,92,389
2023-04-13,Thursday,4,Pasta,Dinner,300,114,454
2023-04-13,Thursday,4,Sandwich,Lunch,180,79,395
2023-04-13,Thursday,4,Sandwich,Dinner,180,78,257
2023-04-13,Thursday,4,Salad,Lunch,150,50,243
2023-04-13,Thursday,4,Salad,Dinner,150,55,342
2023-04-13,Thursday,4,Biryani,Lunch,250,145,312
2023-04-13,Thursday,4,Biryani,Dinner,250,186,311
2023-04-13,Thursday,4,Fried Rice,Lunch,220,88,473
2023-04-13,Thursday,4,Fried Rice,Dinner,220,138,387
2023-04-13,Thursday,4,Noodles,Lunch,210,99,334
2023-04-13,Thursday,4,Noodles,Dinner,210,112,207
2023-04-13,Thursday,4,Ice Cream,Lunch,120,76,446
2023-04-13,Thursday,4,Ice Cream,Dinner,120,97,283
2023-04-13,Thursday,4,Coffee,Lunch,100,129,201
2023-04-13,Thursday,4,Coffee,Dinner,100,134,455
2023-04-14,Friday,4,Pizza,Lunch,350,141,388
2023-04-14,Friday,4,Pizza,Dinner,350,141,235
2023-04-14,Friday,4,Burger,Lunch,200,105,379
2023-04-14,Friday,4,Burger,Dinner,200,122,495
2023-04-14,Friday,4,Pasta,Lunch,300,84,429
2023-04-14,Friday,4,Pasta,Dinner,300,93,442
2023-04-14,Friday,4,Sandwich,Lunch,180,73,358
2023-04-14,Friday,4,Sandwich,Dinner,180,108,210
2023-04-14,Friday,4,Salad,Lunch,150,74,376
2023-04-14,Friday,4,Salad,Dinner,150,48,474
2023-04-14,Friday,4,Biryani,Lunch,250,126,202
2023-04-14,Friday,4,Biryani,Dinner,250,162,312
2023-04-14,Friday,4,Fried Rice,Lunch,220,112,367
2023-04-14,Friday,4,Fried Rice,Dinner,220,138,466
2023-04-14,Friday,4,Noodles,Lunch,210,102,380
2023-04-14,Friday,4,Noodles,Dinner,210,115,429
2023-04-14,Friday,4,Ice Cream,Lunch,120,54,331
2023-04-14,Friday,4,Ice Cream,Dinner,120,92,367
2023-04-14,Friday,4,Coffee,Lunch,100,104,336
2023-04-14,Friday,4,Coffee,Dinner,100,159,422
2023-04-15,Saturday,4,Pizza,Lunch,350,204,300
2023-04-15,Saturday,4,Pizza,Dinner,350,221,264
2023-04-15,Saturday,4,Burger,Lunch,200,161,231
2023-04-15,Saturday,4,Burger,Dinner,200,176,333
2023-04-15,Saturday,4,Pasta,Lunch,300,110,359
2023-04-15,Saturday,4,Pasta,Dinner,300,135,380
2023-04-15,Saturday,4,Sandwich,Lunch,180,91,448
2023-04-15,Saturday,4,Sandwich,Dinner,180,128,350
2023-04-15,Saturday,4,Salad,Lunch,150,89,417
2023-04-15,Saturday,4,Salad,Dinner,150,95,404
2023-04-15,Saturday,4,Biryani,Lunch,250,212,410
2023-04-15,Saturday,4,Biryani,Dinner,250,225,294
2023-04-15,Saturday,4,Fried Rice,Lunch,220,153,370
2023-04-15,Saturday,4,Fried Rice,Dinner,220,164,404
2023-04-15,Saturday,4,Noodles,Lunch,210,119,464
2023-04-15,Saturday,4,Noodles,Dinner,210,161,205
2023-04-15,Saturday,4,Ice Cream,Lunch,120,80,237
2023-04-15,Saturday,4,Ice Cream,Dinner,120,118,467
2023-04-15,Saturday,4,Coffee,Lunch,100,175,361
2023-04-15,Saturday,4,Coffee,Dinner,100,193,346
2023-04-16,Sunday,4,Pizza,Lunch,350,181,239
2023-04-16,Sunday,4,Pizza,Dinner,350,203,419
2023-04-16,Sunday,4,Burger,Lunch,200,148,328
2023-04-16,Sunday,4,Burger,Dinner,200,187,401
2023-04-16,Sunday,4,Pasta,Lunch,300,129,280
2023-04-16,Sunday,4,Pasta,Dinner,300,148,281
2023-04-16,Sunday,4,Sandwich,Lunch,180,97,370
2023-04-16,Sunday,4,Sandwich,Dinner,180,149,278
2023-04-16,Sunday,4,Salad,Lunch,150,76,453
2023-04-16,Sunday,4,Salad,Dinner,150,99,421
2023-04-16,Sunday,4,Biryani,Lunch,250,191,326
2023-04-16,Sunday,4,Biryani,Dinner,250,250,482
2023-04-16,Sunday,4,Fried Rice,Lunch,220,125,203
2023-04-16,Sunday,4,Fried Rice,Dinner,220,167,277
2023-04-16,Sunday,4,Noodles,Lunch,210,113,486
2023-04-16,Sunday,4,Noodles,Dinner,210,141,381
2023-04-16,Sunday,4,Ice Cream,Lunch,120,90,322
2023-04-16,Sunday,4,Ice Cream,Dinner,120,109,317
2023-04-16,Sunday,4,Coffee,Lunch,100,161,263
2023-04-16,Sunday,4,Coffee,Dinner,100,218,266
2023-04-17,Monday,4,Pizza,Lunch,350,125,376
2023-04-17,Monday,4,Pizza,Dinner,350,158,463
2023-04-17,Monday,4,Burger,Lunch,200,101,448
2023-04-17,Monday,4,Burger,Dinner,200,113,446
2023-04-17,Monday,4,Pasta,Lunch,300,93,253
2023-04-17,Monday,4,Pasta,Dinner,300,109,246
2023-04-17,Monday,4,Sandwich,Lunch,180,71,217
2023-04-17,Monday,4,Sandwich,Dinner,180,75,292
2023-04-17,Monday,4,Salad,Lunch,150,71,431
2023-04-17,Monday,4,Salad,Dinner,150,60,205
2023-04-17,Monday,4,Biryani,Lunch,250,149,492
2023-04-17,Monday,4,Biryani,Dinner,250,180,464
2023-04-17,Monday,4,Fried Rice,Lunch,220,116,220
2023-04-17,Monday,4,Fried Rice,Dinner,220,113,413
2023-04-17,Monday,4,Noodles,Lunch,210,80,490
2023-04-17,Monday,4,Noodles,Dinner,210,100,206
2023-04-17,Monday,4,Ice Cream,Lunch,120,76,236
2023-04-17,Monday,4,Ice Cream,Dinner,120,75,267
2023-04-17,Monday,4,Coffee,Lunch,100,104,307
2023-04-17,Monday,4,Coffee,Dinner,100,163,351
2023-04-18,Tuesday,4,Pizza,Lunch,350,118,209
2023-04-18,Tuesday,4,Pizza,Dinner,350,169,280
2023-04-18,Tuesday,4,Burger,Lunch,200,125,499
2023-04-18,Tuesday,4,Burger,Dinner,200,151,256
2023-04-18,Tuesday,4,Pasta,Lunch,300,85,500
2023-04-18,Tuesday,4,Pasta,Dinner,300,99,402
2023-04-18,Tuesday,4,Sandwich,Lunch,180,61,344
2023-04-18,Tuesday,4,Sandwich,Dinner,180,103,233
2023-04-18,Tuesday,4,Salad,Lunch,150,40,425
2023-04-18,Tuesday,4,Salad,Dinner,150,75,344
2023-04-18,Tuesday,4,Biryani,Lunch,250,131,261
2023-04-18,Tuesday,4,Biryani,Dinner,250,179,370
2023-04-18,Tuesday,4,Fried Rice,Lunch,220,93,453
2023-04-18,Tuesday,4,Fried Rice,Dinner,220,137,207
2023-04-18,Tuesday,4,Noodles,Lunch,210,78,268
2023-04-18,Tuesday,4,Noodles,Dinner,210,96,303
2023-04-18,Tuesday,4,Ice Cream,Lunch,120,62,317
2023-04-18,Tuesday,4,Ice Cream,Dinner,120,88,416
2023-04-18,Tuesday,4,Coffee,Lunch,100,101,348
2023-04-18,Tuesday,4,Coffee,Dinner,100,139,383
2023-04-19,Wednesday,4,Pizza,Lunch,350,116,212
2023-04-19,Wednesday,4,Pizza,Dinner,350,169,206
2023-04-19,Wednesday,4,Burger,Lunch,200,111,270
2023-04-19,Wednesday,4,Burger,Dinner,200,126,471
2023-04-19,Wednesday,4,Pasta,Lunch,300,79,248
2023-04-19,Wednesday,4,Pasta,Dinner,300,120,261
2023-04-19,Wednesday,4,Sandwich,Lunch,180,78,281
2023-04-19,Wednesday,4,Sandwich,Dinner,180,106,369
2023-04-19,Wednesday,4,Salad,Lunch,150,39,473
2023-04-19,Wednesday,4,Salad,Dinner,150,76,210
2023-04-19,Wednesday,4,Biryani,Lunch,250,149,306
2023-04-19,Wednesday,4,Biryani,Dinner,250,177,272
2023-04-19,Wednesday,4,Fried Rice,Lunch,220,81,422
2023-04-19,Wednesday,4,Fried Rice,Dinner,220,113,292
2023-04-19,Wednesday,4,Noodles,Lunch,210,76,255
2023-04-19,Wednesday,4,Noodles,Dinner,210,94,207
2023-04-19,Wednesday,4,Ice Cream,Lunch,120,72,278
2023-04-19,Wednesday,4,Ice Cream,Dinner,120,72,201
2023-04-19,Wednesday,4,Coffee,Lunch,100,120,221
2023-04-19,Wednesday,4,Coffee,Dinner,100,137,296
2023-04-20,Thursday,4,Pizza,Lunch,350,151,256
2023-04-20,Thursday,4,Pizza,Dinner,350,149,348
2023-04-20,Thursday,4,Burger,Lunch,200,112,373
2023-04-20,Thursday,4,Burger,Dinner,200,144,292
2023-04-20,Thursday,4,Pasta,Lunch,300,82,317
2023-04-20,Thursday,4,Pasta,Dinner,300,107,286
2023-04-20,Thursday,4,Sandwich,Lunch,180,69,308
2023-04-20,Thursday,4,Sandwich,Dinner,180,99,239
2023-04-20,Thursday,4,Salad,Lunch,150,52,315
2023-04-20,Thursday,4,Salad,Dinner,150,70,210
2023-04-20,Thursday,4,Biryani,Lunch,250,162,321
2023-04-20,Thursday,4,Biryani,Dinner,250,183,423
2023-04-20,Thursday,4,Fried Rice,Lunch,220,92,324
2023-04-20,Thursday,4,Fried Rice,Dinner,220,111,254
2023-04-20,Thursday,4,Noodles,Lunch,210,98,495
2023-04-20,Thursday,4,Noodles,Dinner,210,115,281
2023-04-20,Thursday,4,Ice Cream,Lunch,120,64,299
2023-04-20,Thursday,4,Ice Cream,Dinner,120,97,403
2023-04-20,Thursday,4,Coffee,Lunch,100,107,484
2023-04-20,Thursday,4,Coffee,Dinner,100,159,391
2023-04-21,Friday,4,Pizza,Lunch,350,128,435
2023-04-21,Friday,4,Pizza,Dinner,350,162,478
2023-04-21,Friday,4,Burger,Lunch,200,115,273
2023-04-21,Friday,4,Burger,Dinner,200,129,415
2023-04-21,Friday,4,Pasta,Lunch,300,83,414
2023-04-21,Friday,4,Pasta,Dinner,300,110,362
2023-04-21,Friday,4,Sandwich,Lunch,180,95,322
2023-04-21,Friday,4,Sandwich,Dinner,180,81,311
2023-04-21,Friday,4,Salad,Lunch,150,74,369
2023-04-21,Friday,4,Salad,Dinner,150,59,398
2023-04-21,Friday,4,Biryani,Lunch,250,142,499
2023-04-21,Friday,4,Biryani,Dinner,250,158,484
2023-04-21,Friday,4,Fried Rice,Lunch,220,101,271
2023-04-21,Friday,4,Fried Rice,Dinner,220,118,375
2023-04-21,Friday,4,Noodles,Lunch,210,76,281
2023-04-21,Friday,4,Noodles,Dinner,210,122,260
2023-04-21,Friday,4,Ice Cream,Lunch,120,75,234
2023-04-21,Friday,4,Ice Cream,Dinner,120,62,492
2023-04-21,Friday,4,Coffee,Lunch,100,123,301
2023-04-21,Friday,4,Coffee,Dinner,100,148,383
2023-04-22,Saturday,4,Pizza,Lunch,350,171,220
2023-04-22,Saturday,4,Pizza,Dinner,350,205,216
2023-04-22,Saturday,4,Burger,Lunch,200,161,408
2023-04-22,Saturday,4,Burger,Dinner,200,204,345
2023-04-22,Saturday,4,Pasta,Lunch,300,116,349
2023-04-22,Saturday,4,Pasta,Dinner,300,144,419
2023-04-22,Saturday,4,Sandwich,Lunch,180,126,312
2023-04-22,Saturday,4,Sandwich,Dinner,180,109,323
2023-04-22,Saturday,4,Salad,Lunch,150,90,290
2023-04-22,Saturday,4,Salad,Dinner,150,109,459
2023-04-22,Saturday,4,Biryani,Lunch,250,214,494
2023-04-22,Saturday,4,Biryani,Dinner,250,241,238
2023-04-22,Saturday,4,Fried Rice,Lunch,220,151,480
2023-04-22,Saturday,4,Fried Rice,Dinner,220,174,288
2023-04-22,Saturday,4,Noodles,Lunch,210,135,348
2023-04-22,Saturday,4,Noodles,Dinner,210,144,430
2023-04-22,Saturday,4,Ice Cream,Lunch,120,84,439
2023-04-22,Saturday,4,Ice Cream,Dinner,120,103,361
2023-04-22,Saturday,4,Coffee,Lunch,100,180,338
2023-04-22,Saturday,4,Coffee,Dinner,100,209,255
2023-04-23,Sunday,4,Pizza,Lunch,350,187,450
2023-04-23,Sunday,4,Pizza,Dinner,350,223,494
2023-04-23,Sunday,4,Burger,Lunch,200,144,335
2023-04-23,Sunday,4,Burger,Dinner,200,186,281
2023-04-23,Sunday,4,Pasta,Lunch,300,131,392
2023-04-23,Sunday,4,Pasta,Dinner,300,144,280
2023-04-23,Sunday,4,Sandwich,Lunch,180,92,390
2023-04-23,Sunday,4,Sandwich,Dinner,180,111,274
2023-04-23,Sunday,4,Salad,Lunch,150,85,364
2023-04-23,Sunday,4,Salad,Dinner,150,90,430
2023-04-23,Sunday,4,Biryani,Lunch,250,181,267
2023-04-23,Sunday,4,Biryani,Dinner,250,239,246
2023-04-23,Sunday,4,Fried Rice,Lunch,220,126,219
2023-04-23,Sunday,4,Fried Rice,Dinner,220,149,268
2023-04-23,Sunday,4,Noodles,Lunch,210,119,285
2023-04-23,Sunday,4,Noodles,Dinner,210,172,396
2023-04-23,Sunday,4,Ice Cream,Lunch,120,79,443
2023-04-23,Sunday,4,Ice Cream,Dinner,120,126,342
2023-04-23,Sunday,4,Coffee,Lunch,100,175,330
2023-04-23,Sunday,4,Coffee,Dinner,100,193,270
2023-04-24,Monday,4,Pizza,Lunch,350,151,471
2023-04-24,Monday,4,Pizza,Dinner,350,151,469
2023-04-24,Monday,4,Burger,Lunch,200,130,206
2023-04-24,Monday,4,Burger,Dinner,200,143,480
2023-04-24,Monday,4,Pasta,Lunch,300,97,296
2023-04-24,Monday,4,Pasta,Dinner,300,124,394
2023-04-24,Monday,4,Sandwich,Lunch,180,62,380
2023-04-24,Monday,4,Sandwich,Dinner,180,86,396
2023-04-24,Monday,4,Salad,Lunch,150,57,391
2023-04-24,Monday,4,Salad,Dinner,150,54,205
2023-04-24,Monday,4,Biryani,Lunch,250,129,480
2023-04-24,Monday,4,Biryani,Dinner,250,159,422
2023-04-24,Monday,4,Fried Rice,Lunch,220,101,486
2023-04-24,Monday,4,Fried Rice,Dinner,220,128,262
2023-04-24,Monday,4,Noodles,Lunch,210,73,231
2023-04-24,Monday,4,Noodles,Dinner,210,93,329
2023-04-24,Monday,4,Ice Cream,Lunch,120,67,417
2023-04-24,Monday,4,Ice Cream,Dinner,120,90,226
2023-04-24,Monday,4,Coffee,Lunch,100,126,303
2023-04-24,Monday,4,Coffee,Dinner,100,145,299
2023-04-25,Tuesday,4,Pizza,Lunch,350,146,323
2023-04-25,Tuesday,4,Pizza,Dinner,350,153,272
2023-04-25,Tuesday,4,Burger,Lunch,200,103,320
2023-04-25,Tuesday,4,Burger,Dinner,200,132,430
2023-04-25,Tuesday,4,Pasta,Lunch,300,81,350
2023-04-25,Tuesday,4,Pasta,Dinner,300,93,337
2023-04-25,Tuesday,4,Sandwich,Lunch,180,86,266
2023-04-25,Tuesday,4,Sandwich,Dinner,180,84,223
2023-04-25,Tuesday,4,Salad,Lunch,150,74,397
2023-04-25,Tuesday,4,Salad,Dinner,150,62,352
2023-04-25,Tuesday,4,Biryani,Lunch,250,163,374
2023-04-25,Tuesday,4,Biryani,Dinner,250,186,478
2023-04-25,Tuesday,4,Fried Rice,Lunch,220,95,231
2023-04-25,Tuesday,4,Fried Rice,Dinner,220,104,424
2023-04-25,Tuesday,4,Noodles,Lunch,210,90,296
2023-04-25,Tuesday,4,Noodles,Dinner,210,129,336
2023-04-25,Tuesday,4,Ice Cream,Lunch,120,71,252
2023-04-25,Tuesday,4,Ice Cream,Dinner,120,66,439
2023-04-25,Tuesday,4,Coffee,Lunch,100,126,282
2023-04-25,Tuesday,4,Coffee,Dinner,100,147,358
2023-04-26,Wednesday,4,Pizza,Lunch,350,130,245
2023-04-26,Wednesday,4,Pizza,Dinner,350,161,290
2023-04-26,Wednesday,4,Burger,Lunch,200,120,320
2023-04-26,Wednesday,4,Burger,Dinner,200,137,480
2023-04-26,Wednesday,4,Pasta,Lunch,300,82,347
2023-04-26,Wednesday,4,Pasta,Dinner,300,117,414
2023-04-26,Wednesday,4,Sandwich,Lunch,180,96,477
2023-04-26,Wednesday,4,Sandwich,Dinner,180,112,498
2023-04-26,Wednesday,4,Salad,Lunch,150,70,257
2023-04-26,Wednesday,4,Salad,Dinner,150,73,206
2023-04-26,Wednesday,4,Biryani,Lunch,250,128,315
2023-04-26,Wednesday,4,Biryani,Dinner,250,162,262
2023-04-26,Wednesday,4,Fried Rice,Lunch,220,109,466
2023-04-26,Wednesday,4,Fried Rice,Dinner,220,112,474
2023-04-26,Wednesday,4,Noodles,Lunch,210,82,446
2023-04-26,Wednesday,4,Noodles,Dinner,210,104,371
2023-04-26,Wednesday,4,Ice Cream,Lunch,120,74,371
2023-04-26,Wednesday,4,Ice Cream,Dinner,120,66,414
2023-04-26,Wednesday,4,Coffee,Lunch,100,136,331
2023-04-26,Wednesday,4,Coffee,Dinner,100,133,290
2023-04-27,Thursday,4,Pizza,Lunch,350,143,398
2023-04-27,Thursday,4,Pizza,Dinner,350,139,422
2023-04-27,Thursday,4,Burger,Lunch,200,127,379
2023-04-27,Thursday,4,Burger,Dinner,200,124,312
2023-04-27,Thursday,4,Pasta,Lunch,300,90,307
2023-04-27,Thursday,4,Pasta,Dinner,300,114,452
2023-04-27,Thursday,4,Sandwich,Lunch,180,58,330
2023-04-27,Thursday,4,Sandwich,Dinner,180,108,368
2023-04-27,Thursday,4,Salad,Lunch,150,46,280
2023-04-27,Thursday,4,Salad,Dinner,150,59,241
2023-04-27,Thursday,4,Biryani,Lunch,250,125,380
2023-04-27,Thursday,4,Biryani,Dinner,250,183,439
2023-04-27,Thursday,4,Fried Rice,Lunch,220,102,373
2023-04-27,Thursday,4,Fried Rice,Dinner,220,114,376
2023-04-27,Thursday,4,Noodles,Lunch,210,80,277
2023-04-27,Thursday,4,Noodles,Dinner,210,101,345
2023-04-27,Thursday,4,Ice Cream,Lunch,120,48,238
2023-04-27,Thursday,4,Ice Cream,Dinner,120,85,304
2023-04-27,Thursday,4,Coffee,Lunch,100,120,497
2023-04-27,Thursday,4,Coffee,Dinner,100,164,405
2023-04-28,Friday,4,Pizza,Lunch,350,124,207
2023-04-28,Friday,4,Pizza,Dinner,350,170,294
2023-04-28,Friday,4,Burger,Lunch,200,110,413
2023-04-28,Friday,4,Burger,Dinner,200,114,396
2023-04-28,Friday,4,Pasta,Lunch,300,76,331
2023-04-28,Friday,4,Pasta,Dinner,300,100,355
2023-04-28,Friday,4,Sandwich,Lunch,180,96,222
2023-04-28,Friday,4,Sandwich,Dinner,180,73,415
2023-04-28,Friday,4,Salad,Lunch,150,44,215
2023-04-28,Friday,4,Salad,Dinner,150,47,332
2023-04-28,Friday,4,Biryani,Lunch,250,156,396
2023-04-28,Friday,4,Biryani,Dinner,250,168,425
2023-04-28,Friday,4,Fried Rice,Lunch,220,115,373
2023-04-28,Friday,4,Fried Rice,Dinner,220,105,259
2023-04-28,Friday,4,Noodles,Lunch,210,109,322
2023-04-28,Friday,4,Noodles,Dinner,210,125,248
2023-04-28,Friday,4,Ice Cream,Lunch,120,62,264
2023-04-28,Friday,4,Ice Cream,Dinner,120,94,206
2023-04-28,Friday,4,Coffee,Lunch,100,119,231
2023-04-28,Friday,4,Coffee,Dinner,100,154,258
2023-04-29,Saturday,4,Pizza,Lunch,350,177,292
2023-04-29,Saturday,4,Pizza,Dinner,350,215,428
2023-04-29,Saturday,4,Burger,Lunch,200,147,279
2023-04-29,Saturday,4,Burger,Dinner,200,185,424
2023-04-29,Saturday,4,Pasta,Lunch,300,140,425
2023-04-29,Saturday,4,Pasta,Dinner,300,128,252
2023-04-29,Saturday,4,Sandwich,Lunch,180,124,215
2023-04-29,Saturday,4,Sandwich,Dinner,180,131,260
2023-04-29,Saturday,4,Salad,Lunch,150,72,226
2023-04-29,Saturday,4,Salad,Dinner,150,87,434
2023-04-29,Saturday,4,Biryani,Lunch,250,209,210
2023-04-29,Saturday,4,Biryani,Dinner,250,237,395
2023-04-29,Saturday,4,Fried Rice,Lunch,220,142,375
2023-04-29,Saturday,4,Fried Rice,Dinner,220,183,484
2023-04-29,Saturday,4,Noodles,Lunch,210,120,381
2023-04-29,Saturday,4,Noodles,Dinner,210,159,399
2023-04-29,Saturday,4,Ice Cream,Lunch,120,89,277
2023-04-29,Saturday,4,Ice Cream,Dinner,120,108,442
2023-04-29,Saturday,4,Coffee,Lunch,100,161,308
2023-04-29,Saturday,4,Coffee,Dinner,100,212,258
2023-04-30,Sunday,4,Pizza,Lunch,350,188,425
2023-04-30,Sunday,4,Pizza,Dinner,350,222,323
2023-04-30,Sunday,4,Burger,Lunch,200,137,408
2023-04-30,Sunday,4,Burger,Dinner,200,183,262
2023-04-30,Sunday,4,Pasta,Lunch,300,136,205
2023-04-30,Sunday,4,Pasta,Dinner,300,132,226
2023-04-30,Sunday,4,Sandwich,Lunch,180,122,325
2023-04-30,Sunday,4,Sandwich,Dinner,180,112,431
2023-04-30,Sunday,4,Salad,Lunch,150,94,415
2023-04-30,Sunday,4,Salad,Dinner,150,100,207
2023-04-30,Sunday,4,Biryani,Lunch,250,187,246
2023-04-30,Sunday,4,Biryani,Dinner,250,232,273
2023-04-30,Sunday,4,Fried Rice,Lunch,220,151,473
2023-04-30,Sunday,4,Fried Rice,Dinner,220,176,309
2023-04-30,Sunday,4,Noodles,Lunch,210,134,370
2023-04-30,Sunday,4,Noodles,Dinner,210,144,471
2023-04-30,Sunday,4,Ice Cream,Lunch,120,73,253
2023-04-30,Sunday,4,Ice Cream,Dinner,120,91,330
2023-04-30,Sunday,4,Coffee,Lunch,100,166,257
2023-04-30,Sunday,4,Coffee,Dinner,100,202,369
2023-05-01,Monday,5,Pizza,Lunch,350,129,254
2023-05-01,Monday,5,Pizza,Dinner,350,158,219
2023-05-01,Monday,5,Burger,Lunch,200,92,335
2023-05-01,Monday,5,Burger,Dinner,200,116,296
2023-05-01,Monday,5,Pasta,Lunch,300,85,453
2023-05-01,Monday,5,Pasta,Dinner,300,125,303
2023-05-01,Monday,5,Sandwich,Lunch,180,92,494
2023-05-01,Monday,5,Sandwich,Dinner,180,93,353
2023-05-01,Monday,5,Salad,Lunch,150,72,220
2023-05-01,Monday,5,Salad,Dinner,150,75,207
2023-05-01,Monday,5,Biryani,Lunch,250,126,492
2023-05-01,Monday,5,Biryani,Dinner,250,158,271
2023-05-01,Monday,5,Fried Rice,Lunch,220,89,417
2023-05-01,Monday,5,Fried Rice,Dinner,220,121,406
2023-05-01,Monday,5,Noodles,Lunch,210,75,337
2023-05-01,Monday,5,Noodles,Dinner,210,104,400
2023-05-01,Monday,5,Ice Cream,Lunch,120,67,353
2023-05-01,Monday,5,Ice Cream,Dinner,120,78,451
2023-05-01,Monday,5,Coffee,Lunch,100,104,433
2023-05-01,Monday,5,Coffee,Dinner,100,160,329
2023-05-02,Tuesday,5,Pizza,Lunch,350,148,403
2023-05-02,Tuesday,5,Pizza,Dinner,350,155,226
2023-05-02,Tuesday,5,Burger,Lunch,200,97,273
2023-05-02,Tuesday,5,Burger,Dinner,200,128,394
2023-05-02,Tuesday,5,Pasta,Lunch,300,85,296
2023-05-02,Tuesday,5,Pasta,Dinner,300,118,392
2023-05-02,Tuesday,5,Sandwich,Lunch,180,96,296
2023-05-02,Tuesday,5,Sandwich,Dinner,180,72,321
2023-05-02,Tuesday,5,Salad,Lunch,150,46,387
2023-05-02,Tuesday,5,Salad,Dinner,150,68,237
2023-05-02,Tuesday,5,Biryani,Lunch,250,140,256
2023-05-02,Tuesday,5,Biryani,Dinner,250,156,302
2023-05-02,Tuesday,5,Fried Rice,Lunch,220,79,395
2023-05-02,Tuesday,5,Fried Rice,Dinner,220,98,251
2023-05-02,Tuesday,5,Noodles,Lunch,210,95,372
2023-05-02,Tuesday,5,Noodles,Dinner,210,116,221
2023-05-02,Tuesday,5,Ice Cream,Lunch,120,72,494
2023-05-02,Tuesday,5,Ice Cream,Dinner,120,67,343
2023-05-02,Tuesday,5,Coffee,Lunch,100,102,365
2023-05-02,Tuesday,5,Coffee,Dinner,100,146,355
2023-05-03,Wednesday,5,Pizza,Lunch,350,117,319
2023-05-03,Wednesday,5,Pizza,Dinner,350,172,217
2023-05-03,Wednesday,5,Burger,Lunch,200,92,474
2023-05-03,Wednesday,5,Burger,Dinner,200,120,363
2023-05-03,Wednesday,5,Pasta,Lunch,300,80,279
2023-05-03,Wednesday,5,Pasta,Dinner,300,124,470
2023-05-03,Wednesday,5,Sandwich,Lunch,180,63,288
2023-05-03,Wednesday,5,Sandwich,Dinner,180,94,427
2023-05-03,Wednesday,5,Salad,Lunch,150,67,378
2023-05-03,Wednesday,5,Salad,Dinner,150,60,423
2023-05-03,Wednesday,5,Biryani,Lunch,250,140,400
2023-05-03,Wednesday,5,Biryani,Dinner,250,162,466
2023-05-03,Wednesday,5,Fried Rice,Lunch,220,105,479
2023-05-03,Wednesday,5,Fried Rice,Dinner,220,119,360
2023-05-03,Wednesday,5,Noodles,Lunch,210,100,480
2023-05-03,Wednesday,5,Noodles,Dinner,210,116,485
2023-05-03,Wednesday,5,Ice Cream,Lunch,120,70,203
2023-05-03,Wednesday,5,Ice Cream,Dinner,120,80,500
2023-05-03,Wednesday,5,Coffee,Lunch,100,114,347
2023-05-03,Wednesday,5,Coffee,Dinner,100,159,443
2023-05-04,Thursday,5,Pizza,Lunch,350,121,486
2023-05-04,Thursday,5,Pizza,Dinner,350,172,388
2023-05-04,Thursday,5,Burger,Lunch,200,100,494
2023-05-04,Thursday,5,Burger,Dinner,200,150,361
2023-05-04,Thursday,5,Pasta,Lunch,300,92,335
2023-05-04,Thursday,5,Pasta,Dinner,300,123,397
2023-05-04,Thursday,5,Sandwich,Lunch,180,69,328
2023-05-04,Thursday,5,Sandwich,Dinner,180,103,212
2023-05-04,Thursday,5,Salad,Lunch,150,73,490
2023-05-04,Thursday,5,Salad,Dinner,150,66,472
2023-05-04,Thursday,5,Biryani,Lunch,250,125,239
2023-05-04,Thursday,5,Biryani,Dinner,250,190,367
2023-05-04,Thursday,5,Fried Rice,Lunch,220,105,423
2023-05-04,Thursday,5,Fried Rice,Dinner,220,116,292
2023-05-04,Thursday,5,Noodles,Lunch,210,87,478
2023-05-04,Thursday,5,Noodles,Dinner,210,117,371
2023-05-04,Thursday,5,Ice Cream,Lunch,120,84,461
2023-05-04,Thursday,5,Ice Cream,Dinner,120,63,402
2023-05-04,Thursday,5,Coffee,Lunch,100,102,394
2023-05-04,Thursday,5,Coffee,Dinner,100,162,422
2023-05-05,Friday,5,Pizza,Lunch,350,113,335
2023-05-05,Friday,5,Pizza,Dinner,350,161,478
2023-05-05,Friday,5,Burger,Lunch,200,106,411
2023-05-05,Friday,5,Burger,Dinner,200,144,249
2023-05-05,Friday,5,Pasta,Lunch,300,88,318
2023-05-05,Friday,5,Pasta,Dinner,300,110,252
2023-05-05,Friday,5,Sandwich,Lunch,180,77,488
2023-05-05,Friday,5,Sandwich,Dinner,180,83,429
2023-05-05,Friday,5,Salad,Lunch,150,68,313
2023-05-05,Friday,5,Salad,Dinner,150,62,290
2023-05-05,Friday,5,Biryani,Lunch,250,136,207
2023-05-05,Friday,5,Biryani,Dinner,250,187,406
2023-05-05,Friday,5,Fried Rice,Lunch,220,105,329
2023-05-05,Friday,5,Fried Rice,Dinner,220,122,455
2023-05-05,Friday,5,Noodles,Lunch,210,100,382
2023-05-05,Friday,5,Noodles,Dinner,210,121,325
2023-05-05,Friday,5,Ice Cream,Lunch,120,51,266
2023-05-05,Friday,5,Ice Cream,Dinner,120,61,467
2023-05-05,Friday,5,Coffee,Lunch,100,135,246
2023-05-05,Friday,5,Coffee,Dinner,100,140,309
2023-05-06,Saturday,5,Pizza,Lunch,350,181,371
2023-05-06,Saturday,5,Pizza,Dinner,350,206,402
2023-05-06,Saturday,5,Burger,Lunch,200,167,441
2023-05-06,Saturday,5,Burger,Dinner,200,197,332
2023-05-06,Saturday,5,Pasta,Lunch,300,121,443
2023-05-06,Saturday,5,Pasta,Dinner,300,153,238
2023-05-06,Saturday,5,Sandwich,Lunch,180,103,260
2023-05-06,Saturday,5,Sandwich,Dinner,180,148,371
2023-05-06,Saturday,5,Salad,Lunch,150,80,428
2023-05-06,Saturday,5,Salad,Dinner,150,94,378
2023-05-06,Saturday,5,Biryani,Lunch,250,205,437
2023-05-06,Saturday,5,Biryani,Dinner,250,223,330
2023-05-06,Saturday,5,Fried Rice,Lunch,220,135,317
2023-05-06,Saturday,5,Fried Rice,Dinner,220,179,243
2023-05-06,Saturday,5,Noodles,Lunch,210,150,366
2023-05-06,Saturday,5,Noodles,Dinner,210,155,248
2023-05-06,Saturday,5,Ice Cream,Lunch,120,78,403
2023-05-06,Saturday,5,Ice Cream,Dinner,120,107,439
2023-05-06,Saturday,5,Coffee,Lunch,100,165,260
2023-05-06,Saturday,5,Coffee,Dinner,100,222,205
2023-05-07,Sunday,5,Pizza,Lunch,350,181,451
2023-05-07,Sunday,5,Pizza,Dinner,350,210,220
2023-05-07,Sunday,5,Burger,Lunch,200,144,460
2023-05-07,Sunday,5,Burger,Dinner,200,185,296
2023-05-07,Sunday,5,Pasta,Lunch,300,116,396
2023-05-07,Sunday,5,Pasta,Dinner,300,148,273
2023-05-07,Sunday,5,Sandwich,Lunch,180,113,272
2023-05-07,Sunday,5,Sandwich,Dinner,180,126,252
2023-05-07,Sunday,5,Salad,Lunch,150,60,392
2023-05-07,Sunday,5,Salad,Dinner,150,111,225
2023-05-07,Sunday,5,Biryani,Lunch,250,181,405
2023-05-07,Sunday,5,Biryani,Dinner,250,230,488
2023-05-07,Sunday,5,Fried Rice,Lunch,220,133,212
2023-05-07,Sunday,5,Fried Rice,Dinner,220,165,205
2023-05-07,Sunday,5,Noodles,Lunch,210,148,453
2023-05-07,Sunday,5,Noodles,Dinner,210,168,267
2023-05-07,Sunday,5,Ice Cream,Lunch,120,77,253
2023-05-07,Sunday,5,Ice Cream,Dinner,120,113,304
2023-05-07,Sunday,5,Coffee,Lunch,100,151,457
2023-05-07,Sunday,5,Coffee,Dinner,100,188,273
2023-05-08,Monday,5,Pizza,Lunch,350,133,389
2023-05-08,Monday,5,Pizza,Dinner,350,140,370
2023-05-08,Monday,5,Burger,Lunch,200,112,361
2023-05-08,Monday,5,Burger,Dinner,200,149,336
2023-05-08,Monday,5,Pasta,Lunch,300,71,232
2023-05-08,Monday,5,Pasta,Dinner,300,97,204
2023-05-08,Monday,5,Sandwich,Lunch,180,82,377
2023-05-08,Monday,5,Sandwich,Dinner,180,79,319
2023-05-08,Monday,5,Salad,Lunch,150,43,279
2023-05-08,Monday,5,Salad,Dinner,150,67,244
2023-05-08,Monday,5,Biryani,Lunch,250,126,339
2023-05-08,Monday,5,Biryani,Dinner,250,153,363
2023-05-08,Monday,5,Fried Rice,Lunch,220,92,218
2023-05-08,Monday,5,Fried Rice,Dinner,220,131,343
2023-05-08,Monday,5,Noodles,Lunch,210,78,444
2023-05-08,Monday,5,Noodles,Dinner,210,108,216
2023-05-08,Monday,5,Ice Cream,Lunch,120,47,229
2023-05-08,Monday,5,Ice Cream,Dinner,120,95,335
2023-05-08,Monday,5,Coffee,Lunch,100,120,218
2023-05-08,Monday,5,Coffee,Dinner,100,164,353
2023-05-09,Tuesday,5,Pizza,Lunch,350,142,258
2023-05-09,Tuesday,5,Pizza,Dinner,350,138,318
2023-05-09,Tuesday,5,Burger,Lunch,200,90,308
2023-05-09,Tuesday,5,Burger,Dinner,200,118,387
2023-05-09,Tuesday,5,Pasta,Lunch,300,90,350
2023-05-09,Tuesday,5,Pasta,Dinner,300,101,340
2023-05-09,Tuesday,5,Sandwich,Lunch,180,63,388
2023-05-09,Tuesday,5,Sandwich,Dinner,180,97,200
2023-05-09,Tuesday,5,Salad,Lunch,150,65,310
2023-05-09,Tuesday,5,Salad,Dinner,150,71,233
2023-05-09,Tuesday,5,Biryani,Lunch,250,143,250
2023-05-09,Tuesday,5,Biryani,Dinner,250,181,486
2023-05-09,Tuesday,5,Fried Rice,Lunch,220,112,380
2023-05-09,Tuesday,5,Fried Rice,Dinner,220,132,349
2023-05-09,Tuesday,5,Noodles,Lunch,210,110,477
2023-05-09,Tuesday,5,Noodles,Dinner,210,128,434
2023-05-09,Tuesday,5,Ice Cream,Lunch,120,86,349
2023-05-09,Tuesday,5,Ice Cream,Dinner,120,65,388
2023-05-09,Tuesday,5,Coffee,Lunch,100,126,445
2023-05-09,Tuesday,5,Coffee,Dinner,100,135,478
2023-05-10,Wednesday,5,Pizza,Lunch,350,133,216
2023-05-10,Wednesday,5,Pizza,Dinner,350,156,450
2023-05-10,Wednesday,5,Burger,Lunch,200,95,331
2023-05-10,Wednesday,5,Burger,Dinner,200,114,203
2023-05-10,Wednesday,5,Pasta,Lunch,300,106,439
2023-05-10,Wednesday,5,Pasta,Dinner,300,115,372
2023-05-10,Wednesday,5,Sandwich,Lunch,180,85,314
2023-05-10,Wednesday,5,Sandwich,Dinner,180,107,287
2023-05-10,Wednesday,5,Salad,Lunch,150,59,499
2023-05-10,Wednesday,5,Salad,Dinner,150,75,460
2023-05-10,Wednesday,5,Biryani,Lunch,250,126,347
2023-05-10,Wednesday,5,Biryani,Dinner,250,163,250
2023-05-10,Wednesday,5,Fried Rice,Lunch,220,90,271
2023-05-10,Wednesday,5,Fried Rice,Dinner,220,107,245
2023-05-10,Wednesday,5,Noodles,Lunch,210,94,243
2023-05-10,Wednesday,5,Noodles,Dinner,210,98,288
2023-05-10,Wednesday,5,Ice Cream,Lunch,120,83,472
2023-05-10,Wednesday,5,Ice Cream,Dinner,120,90,224
2023-05-10,Wednesday,5,Coffee,Lunch,100,117,341
2023-05-10,Wednesday,5,Coffee,Dinner,100,153,276
2023-05-11,Thursday,5,Pizza,Lunch,350,134,214
2023-05-11,Thursday,5,Pizza,Dinner,350,176,248
2023-05-11,Thursday,5,Burger,Lunch,200,105,364
2023-05-11,Thursday,5,Burger,Dinner,200,142,347
2023-05-11,Thursday,5,Pasta,Lunch,300,95,313
2023-05-11,Thursday,5,Pasta,Dinner,300,92,293
2023-05-11,Thursday,5,Sandwich,Lunch,180,63,398
2023-05-11,Thursday,5,Sandwich,Dinner,180,77,443
2023-05-11,Thursday,5,Salad,Lunch,150,58,464
2023-05-11,Thursday,5,Salad,Dinner,150,46,418
2023-05-11,Thursday,5,Biryani,Lunch,250,157,402
2023-05-11,Thursday,5,Biryani,Dinner,250,191,203
2023-05-11,Thursday,5,Fried Rice,Lunch,220,109,310
2023-05-11,Thursday,5,Fried Rice,Dinner,220,132,338
2023-05-11,Thursday,5,Noodles,Lunch,210,108,320
2023-05-11,Thursday,5,Noodles,Dinner,210,109,301
2023-05-11,Thursday,5,Ice Cream,Lunch,120,63,476
2023-05-11,Thursday,5,Ice Cream,Dinner,120,71,490
2023-05-11,Thursday,5,Coffee,Lunch,100,120,316
2023-05-11,Thursday,5,Coffee,Dinner,100,151,366
2023-05-12,Friday,5,Pizza,Lunch,350,112,208
2023-05-12,Friday,5,Pizza,Dinner,350,145,486
2023-05-12,Friday,5,Burger,Lunch,200,114,366
2023-05-12,Friday,5,Burger,Dinner,200,123,219
2023-05-12,Friday,5,Pasta,Lunch,300,82,406
2023-05-12,Friday,5,Pasta,Dinner,300,108,255
2023-05-12,Friday,5,Sandwich,Lunch,180,61,271
2023-05-12,Friday,5,Sandwich,Dinner,180,108,495
2023-05-12,Friday,5,Salad,Lunch,150,53,448
2023-05-12,Friday,5,Salad,Dinner,150,70,447
2023-05-12,Friday,5,Biryani,Lunch,250,127,273
2023-05-12,Friday,5,Biryani,Dinner,250,160,340
2023-05-12,Friday,5,Fried Rice,Lunch,220,102,222
2023-05-12,Friday,5,Fried Rice,Dinner,220,111,416
2023-05-12,Friday,5,Noodles,Lunch,210,86,371
2023-05-12,Friday,5,Noodles,Dinner,210,115,254
2023-05-12,Friday,5,Ice Cream,Lunch,120,54,418
2023-05-12,Friday,5,Ice Cream,Dinner,120,68,219
2023-05-12,Friday,5,Coffee,Lunch,100,137,201
2023-05-12,Friday,5,Coffee,Dinner,100,143,490
2023-05-13,Saturday,5,Pizza,Lunch,350,194,385
2023-05-13,Saturday,5,Pizza,Dinner,350,201,394
2023-05-13,Saturday,5,Burger,Lunch,200,152,324
2023-05-13,Saturday,5,Burger,Dinner,200,164,334
2023-05-13,Saturday,5,Pasta,Lunch,300,136,201
2023-05-13,Saturday,5,Pasta,Dinner,300,155,262
2023-05-13,Saturday,5,Sandwich,Lunch,180,127,226
2023-05-13,Saturday,5,Sandwich,Dinner,180,109,466
2023-05-13,Saturday,5,Salad,Lunch,150,81,295
2023-05-13,Saturday,5,Salad,Dinner,150,74,485
2023-05-13,Saturday,5,Biryani,Lunch,250,217,240
2023-05-13,Saturday,5,Biryani,Dinner,250,249,234
2023-05-13,Saturday,5,Fried Rice,Lunch,220,154,304
2023-05-13,Saturday,5,Fried Rice,Dinner,220,160,209
2023-05-13,Saturday,5,Noodles,Lunch,210,119,386
2023-05-13,Saturday,5,Noodles,Dinner,210,173,474
2023-05-13,Saturday,5,Ice Cream,Lunch,120,109,468
2023-05-13,Saturday,5,Ice Cream,Dinner,120,119,445
2023-05-13,Saturday,5,Coffee,Lunch,100,150,226
2023-05-13,Saturday,5,Coffee,Dinner,100,201,437
2023-05-14,Sunday,5,Pizza,Lunch,350,203,229
2023-05-14,Sunday,5,Pizza,Dinner,350,209,336
2023-05-14,Sunday,5,Burger,Lunch,200,152,223
2023-05-14,Sunday,5,Burger,Dinner,200,180,218
2023-05-14,Sunday,5,Pasta,Lunch,300,133,303
2023-05-14,Sunday,5,Pasta,Dinner,300,155,341
2023-05-14,Sunday,5,Sandwich,Lunch,180,94,307
2023-05-14,Sunday,5,Sandwich,Dinner,180,132,305
2023-05-14,Sunday,5,Salad,Lunch,150,82,244
2023-05-14,Sunday,5,Salad,Dinner,150,84,394
2023-05-14,Sunday,5,Biryani,Lunch,250,193,305
2023-05-14,Sunday,5,Biryani,Dinner,250,257,440
2023-05-14,Sunday,5,Fried Rice,Lunch,220,125,226
2023-05-14,Sunday,5,Fried Rice,Dinner,220,175,256
2023-05-14,Sunday,5,Noodles,Lunch,210,138,294
2023-05-14,Sunday,5,Noodles,Dinner,210,174,481
2023-05-14,Sunday,5,Ice Cream,Lunch,120,74,228
2023-05-14,Sunday,5,Ice Cream,Dinner,120,95,221
2023-05-14,Sunday,5,Coffee,Lunch,100,176,380
2023-05-14,Sunday,5,Coffee,Dinner,100,186,292
2023-05-15,Monday,5,Pizza,Lunch,350,132,468
2023-05-15,Monday,5,Pizza,Dinner,350,157,310
2023-05-15,Monday,5,Burger,Lunch,200,122,324
2023-05-15,Monday,5,Burger,Dinner,200,129,461
2023-05-15,Monday,5,Pasta,Lunch,300,81,435
2023-05-15,Monday,5,Pasta,Dinner,300,98,460
2023-05-15,Monday,5,Sandwich,Lunch,180,88,387
2023-05-15,Monday,5,Sandwich,Dinner,180,99,399
2023-05-15,Monday,5,Salad,Lunch,150,67,349
2023-05-15,Monday,5,Salad,Dinner,150,64,401
2023-05-15,Monday,5,Biryani,Lunch,250,137,313
2023-05-15,Monday,5,Biryani,Dinner,250,165,342
2023-05-15,Monday,5,Fried Rice,Lunch,220,79,265
2023-05-15,Monday,5,Fried Rice,Dinner,220,106,320
2023-05-15,Monday,5,Noodles,Lunch,210,79,475
2023-05-15,Monday,5,Noodles,Dinner,210,125,477
2023-05-15,Monday,5,Ice Cream,Lunch,120,69,424
2023-05-15,Monday,5,Ice Cream,Dinner,120,99,359
2023-05-15,Monday,5,Coffee,Lunch,100,112,258
2023-05-15,Monday,5,Coffee,Dinner,100,139,374
2023-05-16,Tuesday,5,Pizza,Lunch,350,142,300
2023-05-16,Tuesday,5,Pizza,Dinner,350,175,363
2023-05-16,Tuesday,5,Burger,Lunch,200,111,259
2023-05-16,Tuesday,5,Burger,Dinner,200,113,480
2023-05-16,Tuesday,5,Pasta,Lunch,300,86,379
2023-05-16,Tuesday,5,Pasta,Dinner,300,125,416
2023-05-16,Tuesday,5,Sandwich,Lunch,180,86,317
2023-05-16,Tuesday,5,Sandwich,Dinner,180,105,308
2023-05-16,Tuesday,5,Salad,Lunch,150,64,215
2023-05-16,Tuesday,5,Salad,Dinner,150,73,331
2023-05-16,Tuesday,5,Biryani,Lunch,250,144,294
2023-05-16,Tuesday,5,Biryani,Dinner,250,152,273
2023-05-16,Tuesday,5,Fried Rice,Lunch,220,92,312
2023-05-16,Tuesday,5,Fried Rice,Dinner,220,105,278
2023-05-16,Tuesday,5,Noodles,Lunch,210,75,396
2023-05-16,Tuesday,5,Noodles,Dinner,210,96,404
2023-05-16,Tuesday,5,Ice Cream,Lunch,120,81,348
2023-05-16,Tuesday,5,Ice Cream,Dinner,120,98,370
2023-05-16,Tuesday,5,Coffee,Lunch,100,108,320
2023-05-16,Tuesday,5,Coffee,Dinner,100,141,419
2023-05-17,Wednesday,5,Pizza,Lunch,350,137,363
2023-05-17,Wednesday,5,Pizza,Dinner,350,169,361
2023-05-17,Wednesday,5,Burger,Lunch,200,126,332
2023-05-17,Wednesday,5,Burger,Dinner,200,141,392
2023-05-17,Wednesday,5,Pasta,Lunch,300,84,437
2023-05-17,Wednesday,5,Pasta,Dinner,300,87,474
2023-05-17,Wednesday,5,Sandwich,Lunch,180,92,464
2023-05-17,Wednesday,5,Sandwich,Dinner,180,89,328
2023-05-17,Wednesday,5,Salad,Lunch,150,54,420
2023-05-17,Wednesday,5,Salad,Dinner,150,64,288
2023-05-17,Wednesday,5,Biryani,Lunch,250,131,420
2023-05-17,Wednesday,5,Biryani,Dinner,250,191,374
2023-05-17,Wednesday,5,Fried Rice,Lunch,220,80,499
2023-05-17,Wednesday,5,Fried Rice,Dinner,220,135,312
2023-05-17,Wednesday,5,Noodles,Lunch,210,110,427
2023-05-17,Wednesday,5,Noodles,Dinner,210,103,420
2023-05-17,Wednesday,5,Ice Cream,Lunch,120,49,316
2023-05-17,Wednesday,5,Ice Cream,Dinner,120,91,288
2023-05-17,Wednesday,5,Coffee,Lunch,100,121,208
2023-05-17,Wednesday,5,Coffee,Dinner,100,164,276
2023-05-18,Thursday,5,Pizza,Lunch,350,145,202
2023-05-18,Thursday,5,Pizza,Dinner,350,140,466
2023-05-18,Thursday,5,Burger,Lunch,200,96,406
2023-05-18,Thursday,5,Burger,Dinner,200,140,287
2023-05-18,Thursday,5,Pasta,Lunch,300,93,252
2023-05-18,Thursday,5,Pasta,Dinner,300,88,221
2023-05-18,Thursday,5,Sandwich,Lunch,180,77,416
2023-05-18,Thursday,5,Sandwich,Dinner,180,78,208
2023-05-18,Thursday,5,Salad,Lunch,150,63,424
2023-05-18,Thursday,5,Salad,Dinner,150,76,387
2023-05-18,Thursday,5,Biryani,Lunch,250,142,414
2023-05-18,Thursday,5,Biryani,Dinner,250,166,353
2023-05-18,Thursday,5,Fried Rice,Lunch,220,103,387
2023-05-18,Thursday,5,Fried Rice,Dinner,220,117,248
2023-05-18,Thursday,5,Noodles,Lunch,210,93,220
2023-05-18,Thursday,5,Noodles,Dinner,210,132,488
2023-05-18,Thursday,5,Ice Cream,Lunch,120,82,450
2023-05-18,Thursday,5,Ice Cream,Dinner,120,69,308
2023-05-18,Thursday,5,Coffee,Lunch,100,137,363
2023-05-18,Thursday,5,Coffee,Dinner,100,125,214
2023-05-19,Friday,5,Pizza,Lunch,350,137,449
2023-05-19,Friday,5,Pizza,Dinner,350,139,406
2023-05-19,Friday,5,Burger,Lunch,200,108,342
2023-05-19,Friday,5,Burger,Dinner,200,131,384
2023-05-19,Friday,5,Pasta,Lunch,300,104,428
2023-05-19,Friday,5,Pasta,Dinner,300,85,215
2023-05-19,Friday,5,Sandwich,Lunch,180,63,224
2023-05-19,Friday,5,Sandwich,Dinner,180,85,230
2023-05-19,Friday,5,Salad,Lunch,150,64,381
2023-05-19,Friday,5,Salad,Dinner,150,53,278
2023-05-19,Friday,5,Biryani,Lunch,250,150,473
2023-05-19,Friday,5,Biryani,Dinner,250,172,329
2023-05-19,Friday,5,Fried Rice,Lunch,220,100,338
2023-05-19,Friday,5,Fried Rice,Dinner,220,107,420
2023-05-19,Friday,5,Noodles,Lunch,210,110,346
2023-05-19,Friday,5,Noodles,Dinner,210,115,432
2023-05-19,Friday,5,Ice Cream,Lunch,120,64,398
2023-05-19,Friday,5,Ice Cream,Dinner,120,67,427
2023-05-19,Friday,5,Coffee,Lunch,100,104,222
2023-05-19,Friday,5,Coffee,Dinner,100,125,330
2023-05-20,Saturday,5,Pizza,Lunch,350,199,329
2023-05-20,Saturday,5,Pizza,Dinner,350,209,428
2023-05-20,Saturday,5,Burger,Lunch,200,147,344
2023-05-20,Saturday,5,Burger,Dinner,200,198,487
2023-05-20,Saturday,5,Pasta,Lunch,300,125,421
2023-05-20,Saturday,5,Pasta,Dinner,300,148,309
2023-05-20,Saturday,5,Sandwich,Lunch,180,121,238
2023-05-20,Saturday,5,Sandwich,Dinner,180,133,481
2023-05-20,Saturday,5,Salad,Lunch,150,89,224
2023-05-20,Saturday,5,Salad,Dinner,150,100,204
2023-05-20,Saturday,5,Biryani,Lunch,250,220,478
2023-05-20,Saturday,5,Biryani,Dinner,250,254,432
2023-05-20,Saturday,5,Fried Rice,Lunch,220,135,413
2023-05-20,Saturday,5,Fried Rice,Dinner,220,176,462
2023-05-20,Saturday,5,Noodles,Lunch,210,142,314
2023-05-20,Saturday,5,Noodles,Dinner,210,153,251
2023-05-20,Saturday,5,Ice Cream,Lunch,120,73,458
2023-05-20,Saturday,5,Ice Cream,Dinner,120,118,429
2023-05-20,Saturday,5,Coffee,Lunch,100,159,469
2023-05-20,Saturday,5,Coffee,Dinner,100,184,477
2023-05-21,Sunday,5,Pizza,Lunch,350,181,482
2023-05-21,Sunday,5,Pizza,Dinner,350,241,395
2023-05-21,Sunday,5,Burger,Lunch,200,165,334
2023-05-21,Sunday,5,Burger,Dinner,200,165,302
2023-05-21,Sunday,5,Pasta,Lunch,300,128,220
2023-05-21,Sunday,5,Pasta,Dinner,300,143,344
2023-05-21,Sunday,5,Sandwich,Lunch,180,116,375
2023-05-21,Sunday,5,Sandwich,Dinner,180,114,472
2023-05-21,Sunday,5,Salad,Lunch,150,63,349
2023-05-21,Sunday,5,Salad,Dinner,150,98,217
2023-05-21,Sunday,5,Biryani,Lunch,250,192,489
2023-05-21,Sunday,5,Biryani,Dinner,250,230,496
2023-05-21,Sunday,5,Fried Rice,Lunch,220,136,431
2023-05-21,Sunday,5,Fried Rice,Dinner,220,179,471
2023-05-21,Sunday,5,Noodles,Lunch,210,149,265
2023-05-21,Sunday,5,Noodles,Dinner,210,148,422
2023-05-21,Sunday,5,Ice Cream,Lunch,120,80,389
2023-05-21,Sunday,5,Ice Cream,Dinner,120,127,268
2023-05-21,Sunday,5,Coffee,Lunch,100,170,298
2023-05-21,Sunday,5,Coffee,Dinner,100,214,397
2023-05-22,Monday,5,Pizza,Lunch,350,152,339
2023-05-22,Monday,5,Pizza,Dinner,350,171,456
2023-05-22,Monday,5,Burger,Lunch,200,114,487
2023-05-22,Monday,5,Burger,Dinner,200,142,461
2023-05-22,Monday,5,Pasta,Lunch,300,105,371
2023-05-22,Monday,5,Pasta,Dinner,300,95,233
2023-05-22,Monday,5,Sandwich,Lunch,180,73,351
2023-05-22,Monday,5,Sandwich,Dinner,180,76,387
2023-05-22,Monday,5,Salad,Lunch,150,61,462
2023-05-22,Monday,5,Salad,Dinner,150,69,213
2023-05-22,Monday,5,Biryani,Lunch,250,130,357
2023-05-22,Monday,5,Biryani,Dinner,250,157,415
2023-05-22,Monday,5,Fried Rice,Lunch,220,96,418
2023-05-22,Monday,5,Fried Rice,Dinner,220,112,440
2023-05-22,Monday,5,Noodles,Lunch,210,86,252
2023-05-22,Monday,5,Noodles,Dinner,210,95,295
2023-05-22,Monday,5,Ice Cream,Lunch,120,78,375
2023-05-22,Monday,5,Ice Cream,Dinner,120,94,470
2023-05-22,Monday,5,Coffee,Lunch,100,141,385
2023-05-22,Monday,5,Coffee,Dinner,100,131,250
2023-05-23,Tuesday,5,Pizza,Lunch,350,128,381
2023-05-23,Tuesday,5,Pizza,Dinner,350,166,341
2023-05-23,Tuesday,5,Burger,Lunch,200,117,221
2023-05-23,Tuesday,5,Burger,Dinner,200,113,226
2023-05-23,Tuesday,5,Pasta,Lunch,300,86,385
2023-05-23,Tuesday,5,Pasta,Dinner,300,102,358
2023-05-23,Tuesday,5,Sandwich,Lunch,180,68,382
2023-05-23,Tuesday,5,Sandwich,Dinner,180,82,307
2023-05-23,Tuesday,5,Salad,Lunch,150,35,444
2023-05-23,Tuesday,5,Salad,Dinner,150,51,313
2023-05-23,Tuesday,5,Biryani,Lunch,250,159,360
2023-05-23,Tuesday,5,Biryani,Dinner,250,156,255
2023-05-23,Tuesday,5,Fried Rice,Lunch,220,116,285
2023-05-23,Tuesday,5,Fried Rice,Dinner,220,109,428
2023-05-23,Tuesday,5,Noodles,Lunch,210,96,481
2023-05-23,Tuesday,5,Noodles,Dinner,210,111,473
2023-05-23,Tuesday,5,Ice Cream,Lunch,120,83,434
2023-05-23,Tuesday,5,Ice Cream,Dinner,120,90,472
2023-05-23,Tuesday,5,Coffee,Lunch,100,112,466
2023-05-23,Tuesday,5,Coffee,Dinner,100,165,447
2023-05-24,Wednesday,5,Pizza,Lunch,350,151,427
2023-05-24,Wednesday,5,Pizza,Dinner,350,141,378
2023-05-24,Wednesday,5,Burger,Lunch,200,130,287
2023-05-24,Wednesday,5,Burger,Dinner,200,120,239
2023-05-24,Wednesday,5,Pasta,Lunch,300,81,376
2023-05-24,Wednesday,5,Pasta,Dinner,300,107,487
2023-05-24,Wednesday,5,Sandwich,Lunch,180,91,280
2023-05-24,Wednesday,5,Sandwich,Dinner,180,87,297
2023-05-24,Wednesday,5,Salad,Lunch,150,69,375
2023-05-24,Wednesday,5,Salad,Dinner,150,75,486
2023-05-24,Wednesday,5,Biryani,Lunch,250,162,476
2023-05-24,Wednesday,5,Biryani,Dinner,250,153,455
2023-05-24,Wednesday,5,Fried Rice,Lunch,220,107,460
2023-05-24,Wednesday,5,Fried Rice,Dinner,220,115,267
2023-05-24,Wednesday,5,Noodles,Lunch,210,111,437
2023-05-24,Wednesday,5,Noodles,Dinner,210,98,242
2023-05-24,Wednesday,5,Ice Cream,Lunch,120,70,433
2023-05-24,Wednesday,5,Ice Cream,Dinner,120,69,275
2023-05-24,Wednesday,5,Coffee,Lunch,100,141,284
2023-05-24,Wednesday,5,Coffee,Dinner,100,148,313
2023-05-25,Thursday,5,Pizza,Lunch,350,121,407
2023-05-25,Thursday,5,Pizza,Dinner,350,166,387
2023-05-25,Thursday,5,Burger,Lunch,200,129,449
2023-05-25,Thursday,5,Burger,Dinner,200,148,306
2023-05-25,Thursday,5,Pasta,Lunch,300,82,310
2023-05-25,Thursday,5,Pasta,Dinner,300,90,276
2023-05-25,Thursday,5,Sandwich,Lunch,180,83,377
2023-05-25,Thursday,5,Sandwich,Dinner,180,81,477
2023-05-25,Thursday,5,Salad,Lunch,150,39,221
2023-05-25,Thursday,5,Salad,Dinner,150,73,367
2023-05-25,Thursday,5,Biryani,Lunch,250,147,448
2023-05-25,Thursday,5,Biryani,Dinner,250,185,268
2023-05-25,Thursday,5,Fried Rice,Lunch,220,109,204
2023-05-25,Thursday,5,Fried Rice,Dinner,220,137,302
2023-05-25,Thursday,5,Noodles,Lunch,210,98,458
2023-05-25,Thursday,5,Noodles,Dinner,210,103,287
2023-05-25,Thursday,5,Ice Cream,Lunch,120,76,226
2023-05-25,Thursday,5,Ice Cream,Dinner,120,97,262
2023-05-25,Thursday,5,Coffee,Lunch,100,134,326
2023-05-25,Thursday,5,Coffee,Dinner,100,144,288
2023-05-26,Friday,5,Pizza,Lunch,350,145,354
2023-05-26,Friday,5,Pizza,Dinner,350,170,424
2023-05-26,Friday,5,Burger,Lunch,200,103,372
2023-05-26,Friday,5,Burger,Dinner,200,122,451
2023-05-26,Friday,5,Pasta,Lunch,300,103,404
2023-05-26,Friday,5,Pasta,Dinner,300,108,264
2023-05-26,Friday,5,Sandwich,Lunch,180,97,369
2023-05-26,Friday,5,Sandwich,Dinner,180,85,356
2023-05-26,Friday,5,Salad,Lunch,150,38,433
2023-05-26,Friday,5,Salad,Dinner,150,54,293
2023-05-26,Friday,5,Biryani,Lunch,250,152,468
2023-05-26,Friday,5,Biryani,Dinner,250,153,268
2023-05-26,Friday,5,Fried Rice,Lunch,220,110,257
2023-05-26,Friday,5,Fried Rice,Dinner,220,104,288
2023-05-26,Friday,5,Noodles,Lunch,210,107,352
2023-05-26,Friday,5,Noodles,Dinner,210,107,497
2023-05-26,Friday,5,Ice Cream,Lunch,120,69,294
2023-05-26,Friday,5,Ice Cream,Dinner,120,94,270
2023-05-26,Friday,5,Coffee,Lunch,100,129,292
2023-05-26,Friday,5,Coffee,Dinner,100,156,332
2023-05-27,Saturday,5,Pizza,Lunch,350,180,475
2023-05-27,Saturday,5,Pizza,Dinner,350,227,206
2023-05-27,Saturday,5,Burger,Lunch,200,173,319
2023-05-27,Saturday,5,Burger,Dinner,200,204,488
2023-05-27,Saturday,5,Pasta,Lunch,300,131,464
2023-05-27,Saturday,5,Pasta,Dinner,300,163,202
2023-05-27,Saturday,5,Sandwich,Lunch,180,114,416
2023-05-27,Saturday,5,Sandwich,Dinner,180,122,404
2023-05-27,Saturday,5,Salad,Lunch,150,95,392
2023-05-27,Saturday,5,Salad,Dinner,150,109,287
2023-05-27,Saturday,5,Biryani,Lunch,250,206,285
2023-05-27,Saturday,5,Biryani,Dinner,250,234,363
2023-05-27,Saturday,5,Fried Rice,Lunch,220,133,277
2023-05-27,Saturday,5,Fried Rice,Dinner,220,166,200
2023-05-27,Saturday,5,Noodles,Lunch,210,122,420
2023-05-27,Saturday,5,Noodles,Dinner,210,169,416
2023-05-27,Saturday,5,Ice Cream,Lunch,120,98,436
2023-05-27,Saturday,5,Ice Cream,Dinner,120,96,208
2023-05-27,Saturday,5,Coffee,Lunch,100,149,228
2023-05-27,Saturday,5,Coffee,Dinner,100,191,333
2023-05-28,Sunday,5,Pizza,Lunch,350,179,381
2023-05-28,Sunday,5,Pizza,Dinner,350,225,483
2023-05-28,Sunday,5,Burger,Lunch,200,171,246
2023-05-28,Sunday,5,Burger,Dinner,200,195,467
2023-05-28,Sunday,5,Pasta,Lunch,300,118,268
2023-05-28,Sunday,5,Pasta,Dinner,300,158,257
2023-05-28,Sunday,5,Sandwich,Lunch,180,95,451
2023-05-28,Sunday,5,Sandwich,Dinner,180,124,413
2023-05-28,Sunday,5,Salad,Lunch,150,67,360
2023-05-28,Sunday,5,Salad,Dinner,150,106,450
2023-05-28,Sunday,5,Biryani,Lunch,250,198,204
2023-05-28,Sunday,5,Biryani,Dinner,250,224,294
2023-05-28,Sunday,5,Fried Rice,Lunch,220,149,329
2023-05-28,Sunday,5,Fried Rice,Dinner,220,171,465
2023-05-28,Sunday,5,Noodles,Lunch,210,111,270
2023-05-28,Sunday,5,Noodles,Dinner,210,163,338
2023-05-28,Sunday,5,Ice Cream,Lunch,120,112,325
2023-05-28,Sunday,5,Ice Cream,Dinner,120,130,500
2023-05-28,Sunday,5,Coffee,Lunch,100,163,471
2023-05-28,Sunday,5,Coffee,Dinner,100,201,472
2023-05-29,Monday,5,Pizza,Lunch,350,119,258
2023-05-29,Monday,5,Pizza,Dinner,350,170,431
2023-05-29,Monday,5,Burger,Lunch,200,119,469
2023-05-29,Monday,5,Burger,Dinner,200,119,403
2023-05-29,Monday,5,Pasta,Lunch,300,86,441
2023-05-29,Monday,5,Pasta,Dinner,300,112,268
2023-05-29,Monday,5,Sandwich,Lunch,180,85,366
2023-05-29,Monday,5,Sandwich,Dinner,180,80,242
2023-05-29,Monday,5,Salad,Lunch,150,50,281
2023-05-29,Monday,5,Salad,Dinner,150,80,498
2023-05-29,Monday,5,Biryani,Lunch,250,124,302
2023-05-29,Monday,5,Biryani,Dinner,250,169,207
2023-05-29,Monday,5,Fried Rice,Lunch,220,111,450
2023-05-29,Monday,5,Fried Rice,Dinner,220,110,254
2023-05-29,Monday,5,Noodles,Lunch,210,88,483
2023-05-29,Monday,5,Noodles,Dinner,210,109,360
2023-05-29,Monday,5,Ice Cream,Lunch,120,74,249
2023-05-29,Monday,5,Ice Cream,Dinner,120,83,310
2023-05-29,Monday,5,Coffee,Lunch,100,139,250
2023-05-29,Monday,5,Coffee,Dinner,100,125,250
2023-05-30,Tuesday,5,Pizza,Lunch,350,149,411
2023-05-30,Tuesday,5,Pizza,Dinner,350,160,360
2023-05-30,Tuesday,5,Burger,Lunch,200,113,443
2023-05-30,Tuesday,5,Burger,Dinner,200,135,291
2023-05-30,Tuesday,5,Pasta,Lunch,300,68,421
2023-05-30,Tuesday,5,Pasta,Dinner,300,116,487
2023-05-30,Tuesday,5,Sandwich,Lunch,180,93,286
2023-05-30,Tuesday,5,Sandwich,Dinner,180,102,255
2023-05-30,Tuesday,5,Salad,Lunch,150,38,237
2023-05-30,Tuesday,5,Salad,Dinner,150,80,327
2023-05-30,Tuesday,5,Biryani,Lunch,250,129,249
2023-05-30,Tuesday,5,Biryani,Dinner,250,181,253
2023-05-30,Tuesday,5,Fried Rice,Lunch,220,117,417
2023-05-30,Tuesday,5,Fried Rice,Dinner,220,131,406
2023-05-30,Tuesday,5,Noodles,Lunch,210,98,447
2023-05-30,Tuesday,5,Noodles,Dinner,210,119,424
2023-05-30,Tuesday,5,Ice Cream,Lunch,120,82,374
2023-05-30,Tuesday,5,Ice Cream,Dinner,120,90,301
2023-05-30,Tuesday,5,Coffee,Lunch,100,138,426
2023-05-30,Tuesday,5,Coffee,Dinner,100,146,202
2023-05-31,Wednesday,5,Pizza,Lunch,350,138,243
2023-05-31,Wednesday,5,Pizza,Dinner,350,138,299
2023-05-31,Wednesday,5,Burger,Lunch,200,128,306
2023-05-31,Wednesday,5,Burger,Dinner,200,123,283
2023-05-31,Wednesday,5,Pasta,Lunch,300,70,288
2023-05-31,Wednesday,5,Pasta,Dinner,300,91,234
2023-05-31,Wednesday,5,Sandwich,Lunch,180,96,290
2023-05-31,Wednesday,5,Sandwich,Dinner,180,85,349
2023-05-31,Wednesday,5,Salad,Lunch,150,66,410
2023-05-31,Wednesday,5,Salad,Dinner,150,48,484
2023-05-31,Wednesday,5,Biryani,Lunch,250,163,312
2023-05-31,Wednesday,5,Biryani,Dinner,250,185,438
2023-05-31,Wednesday,5,Fried Rice,Lunch,220,103,212
2023-05-31,Wednesday,5,Fried Rice,Dinner,220,133,476
2023-05-31,Wednesday,5,Noodles,Lunch,210,96,385
2023-05-31,Wednesday,5,Noodles,Dinner,210,122,441
2023-05-31,Wednesday,5,Ice Cream,Lunch,120,67,389
2023-05-31,Wednesday,5,Ice Cream,Dinner,120,77,460
2023-05-31,Wednesday,5,Coffee,Lunch,100,116,475
2023-05-31,Wednesday,5,Coffee,Dinner,100,164,383
2023-06-01,Thursday,6,Pizza,Lunch,350,142,368
2023-06-01,Thursday,6,Pizza,Dinner,350,178,225
2023-06-01,Thursday,6,Burger,Lunch,200,92,313
2023-06-01,Thursday,6,Burger,Dinner,200,128,384
2023-06-01,Thursday,6,Pasta,Lunch,300,85,245
2023-06-01,Thursday,6,Pasta,Dinner,300,116,395
2023-06-01,Thursday,6,Sandwich,Lunch,180,93,275
2023-06-01,Thursday,6,Sandwich,Dinner,180,92,355
2023-06-01,Thursday,6,Salad,Lunch,150,46,262
2023-06-01,Thursday,6,Salad,Dinner,150,56,382
2023-06-01,Thursday,6,Biryani,Lunch,250,141,447
2023-06-01,Thursday,6,Biryani,Dinner,250,186,206
2023-06-01,Thursday,6,Fried Rice,Lunch,220,80,379
2023-06-01,Thursday,6,Fried Rice,Dinner,220,133,254
2023-06-01,Thursday,6,Noodles,Lunch,210,90,492
2023-06-01,Thursday,6,Noodles,Dinner,210,114,388
2023-06-01,Thursday,6,Ice Cream,Lunch,120,80,265
2023-06-01,Thursday,6,Ice Cream,Dinner,120,78,218
2023-06-01,Thursday,6,Coffee,Lunch,100,114,465
2023-06-01,Thursday,6,Coffee,Dinner,100,126,496
2023-06-02,Friday,6,Pizza,Lunch,350,113,443
2023-06-02,Friday,6,Pizza,Dinner,350,140,211
2023-06-02,Friday,6,Burger,Lunch,200,123,480
2023-06-02,Friday,6,Burger,Dinner,200,133,236
2023-06-02,Friday,6,Pasta,Lunch,300,75,202
2023-06-02,Friday,6,Pasta,Dinner,300,96,316
2023-06-02,Friday,6,Sandwich,Lunch,180,87,267
2023-06-02,Friday,6,Sandwich,Dinner,180,93,407
2023-06-02,Friday,6,Salad,Lunch,150,36,224
2023-06-02,Friday,6,Salad,Dinner,150,64,418
2023-06-02,Friday,6,Biryani,Lunch,250,140,274
2023-06-02,Friday,6,Biryani,Dinner,250,190,328
2023-06-02,Friday,6,Fried Rice,Lunch,220,79,460
2023-06-02,Friday,6,Fried Rice,Dinner,220,138,237
2023-06-02,Friday,6,Noodles,Lunch,210,105,220
2023-06-02,Friday,6,Noodles,Dinner,210,98,350
2023-06-02,Friday,6,Ice Cream,Lunch,120,50,384
2023-06-02,Friday,6,Ice Cream,Dinner,120,86,458
2023-06-02,Friday,6,Coffee,Lunch,100,110,286
2023-06-02,Friday,6,Coffee,Dinner,100,125,211
2023-06-03,Saturday,6,Pizza,Lunch,350,202,401
2023-06-03,Saturday,6,Pizza,Dinner,350,222,210
2023-06-03,Saturday,6,Burger,Lunch,200,171,423
2023-06-03,Saturday,6,Burger,Dinner,200,187,473
2023-06-03,Saturday,6,Pasta,Lunch,300,104,281
2023-06-03,Saturday,6,Pasta,Dinner,300,167,341
2023-06-03,Saturday,6,Sandwich,Lunch,180,89,265
2023-06-03,Saturday,6,Sandwich,Dinner,180,140,497
2023-06-03,Saturday,6,Salad,Lunch,150,74,345
2023-06-03,Saturday,6,Salad,Dinner,150,104,251
2023-06-03,Saturday,6,Biryani,Lunch,250,203,382
2023-06-03,Saturday,6,Biryani,Dinner,250,256,496
2023-06-03,Saturday,6,Fried Rice,Lunch,220,141,445
2023-06-03,Saturday,6,Fried Rice,Dinner,220,153,332
2023-06-03,Saturday,6,Noodles,Lunch,210,131,259
2023-06-03,Saturday,6,Noodles,Dinner,210,166,479
2023-06-03,Saturday,6,Ice Cream,Lunch,120,83,297
2023-06-03,Saturday,6,Ice Cream,Dinner,120,92,484
2023-06-03,Saturday,6,Coffee,Lunch,100,183,409
2023-06-03,Saturday,6,Coffee,Dinner,100,222,475
2023-06-04,Sunday,6,Pizza,Lunch,350,203,489
2023-06-04,Sunday,6,Pizza,Dinner,350,201,391
2023-06-04,Sunday,6,Burger,Lunch,200,172,430
2023-06-04,Sunday,6,Burger,Dinner,200,190,416
2023-06-04,Sunday,6,Pasta,Lunch,300,109,414
2023-06-04,Sunday,6,Pasta,Dinner,300,133,475
2023-06-04,Sunday,6,Sandwich,Lunch,180,93,363
2023-06-04,Sunday,6,Sandwich,Dinner,180,145,418
2023-06-04,Sunday,6,Salad,Lunch,150,85,262
2023-06-04,Sunday,6,Salad,Dinner,150,79,254
2023-06-04,Sunday,6,Biryani,Lunch,250,198,366
2023-06-04,Sunday,6,Biryani,Dinner,250,220,345
2023-06-04,Sunday,6,Fried Rice,Lunch,220,128,456
2023-06-04,Sunday,6,Fried Rice,Dinner,220,178,347
2023-06-04,Sunday,6,Noodles,Lunch,210,126,433
2023-06-04,Sunday,6,Noodles,Dinner,210,167,383
2023-06-04,Sunday,6,Ice Cream,Lunch,120,90,437
2023-06-04,Sunday,6,Ice Cream,Dinner,120,121,228
2023-06-04,Sunday,6,Coffee,Lunch,100,172,365
2023-06-04,Sunday,6,Coffee,Dinner,100,205,434
2023-06-05,Monday,6,Pizza,Lunch,350,113,330
2023-06-05,Monday,6,Pizza,Dinner,350,140,277
2023-06-05,Monday,6,Burger,Lunch,200,114,492
2023-06-05,Monday,6,Burger,Dinner,200,133,356
2023-06-05,Monday,6,Pasta,Lunch,300,91,395
2023-06-05,Monday,6,Pasta,Dinner,300,102,351
2023-06-05,Monday,6,Sandwich,Lunch,180,85,455
2023-06-05,Monday,6,Sandwich,Dinner,180,93,410
2023-06-05,Monday,6,Salad,Lunch,150,55,265
2023-06-05,Monday,6,Salad,Dinner,150,55,304
2023-06-05,Monday,6,Biryani,Lunch,250,143,388
2023-06-05,Monday,6,Biryani,Dinner,250,175,485
2023-06-05,Monday,6,Fried Rice,Lunch,220,94,302
2023-06-05,Monday,6,Fried Rice,Dinner,220,106,295
2023-06-05,Monday,6,Noodles,Lunch,210,73,364
2023-06-05,Monday,6,Noodles,Dinner,210,109,399
2023-06-05,Monday,6,Ice Cream,Lunch,120,55,268
2023-06-05,Monday,6,Ice Cream,Dinner,120,70,274
2023-06-05,Monday,6,Coffee,Lunch,100,104,460
2023-06-05,Monday,6,Coffee,Dinner,100,135,255
2023-06-06,Tuesday,6,Pizza,Lunch,350,128,205
2023-06-06,Tuesday,6,Pizza,Dinner,350,154,222
2023-06-06,Tuesday,6,Burger,Lunch,200,112,443
2023-06-06,Tuesday,6,Burger,Dinner,200,147,305
2023-06-06,Tuesday,6,Pasta,Lunch,300,83,375
2023-06-06,Tuesday,6,Pasta,Dinner,300,119,324
2023-06-06,Tuesday,6,Sandwich,Lunch,180,79,474
2023-06-06,Tuesday,6,Sandwich,Dinner,180,112,295
2023-06-06,Tuesday,6,Salad,Lunch,150,51,337
2023-06-06,Tuesday,6,Salad,Dinner,150,62,240
2023-06-06,Tuesday,6,Biryani,Lunch,250,151,348
2023-06-06,Tuesday,6,Biryani,Dinner,250,176,423
2023-06-06,Tuesday,6,Fried Rice,Lunch,220,85,486
2023-06-06,Tuesday,6,Fried Rice,Dinner,220,119,226
2023-06-06,Tuesday,6,Noodles,Lunch,210,95,486
2023-06-06,Tuesday,6,Noodles,Dinner,210,132,393
2023-06-06,Tuesday,6,Ice Cream,Lunch,120,48,329
2023-06-06,Tuesday,6,Ice Cream,Dinner,120,63,332
2023-06-06,Tuesday,6,Coffee,Lunch,100,106,230
2023-06-06,Tuesday,6,Coffee,Dinner,100,165,323
2023-06-07,Wednesday,6,Pizza,Lunch,350,119,414
2023-06-07,Wednesday,6,Pizza,Dinner,350,175,354
2023-06-07,Wednesday,6,Burger,Lunch,200,105,459
2023-06-07,Wednesday,6,Burger,Dinner,200,117,261
2023-06-07,Wednesday,6,Pasta,Lunch,300,100,478
2023-06-07,Wednesday,6,Pasta,Dinner,300,104,454
2023-06-07,Wednesday,6,Sandwich,Lunch,180,64,346
2023-06-07,Wednesday,6,Sandwich,Dinner,180,105,227
2023-06-07,Wednesday,6,Salad,Lunch,150,70,476
2023-06-07,Wednesday,6,Salad,Dinner,150,76,463
2023-06-07,Wednesday,6,Biryani,Lunch,250,157,280
2023-06-07,Wednesday,6,Biryani,Dinner,250,158,357
2023-06-07,Wednesday,6,Fried Rice,Lunch,220,85,483
2023-06-07,Wednesday,6,Fried Rice,Dinner,220,100,426
2023-06-07,Wednesday,6,Noodles,Lunch,210,89,492
2023-06-07,Wednesday,6,Noodles,Dinner,210,103,427
2023-06-07,Wednesday,6,Ice Cream,Lunch,120,83,386
2023-06-07,Wednesday,6,Ice Cream,Dinner,120,94,251
2023-06-07,Wednesday,6,Coffee,Lunch,100,127,269
2023-06-07,Wednesday,6,Coffee,Dinner,100,146,301
2023-06-08,Thursday,6,Pizza,Lunch,350,145,373
2023-06-08,Thursday,6,Pizza,Dinner,350,168,411
2023-06-08,Thursday,6,Burger,Lunch,200,124,267
2023-06-08,Thursday,6,Burger,Dinner,200,119,408
2023-06-08,Thursday,6,Pasta,Lunch,300,78,325
2023-06-08,Thursday,6,Pasta,Dinner,300,95,469
2023-06-08,Thursday,6,Sandwich,Lunch,180,84,380
2023-06-08,Thursday,6,Sandwich,Dinner,180,91,228
2023-06-08,Thursday,6,Salad,Lunch,150,48,401
2023-06-08,Thursday,6,Salad,Dinner,150,61,418
2023-06-08,Thursday,6,Biryani,Lunch,250,123,253
2023-06-08,Thursday,6,Biryani,Dinner,250,155,412
2023-06-08,Thursday,6,Fried Rice,Lunch,220,105,244
2023-06-08,Thursday,6,Fried Rice,Dinner,220,122,440
2023-06-08,Thursday,6,Noodles,Lunch,210,77,291
2023-06-08,Thursday,6,Noodles,Dinner,210,107,437
2023-06-08,Thursday,6,Ice Cream,Lunch,120,80,445
2023-06-08,Thursday,6,Ice Cream,Dinner,120,90,485
2023-06-08,Thursday,6,Coffee,Lunch,100,121,392
2023-06-08,Thursday,6,Coffee,Dinner,100,148,481
2023-06-09,Friday,6,Pizza,Lunch,350,147,379
2023-06-09,Friday,6,Pizza,Dinner,350,156,207
2023-06-09,Friday,6,Burger,Lunch,200,108,216
2023-06-09,Friday,6,Burger,Dinner,200,123,267
2023-06-09,Friday,6,Pasta,Lunch,300,96,374
2023-06-09,Friday,6,Pasta,Dinner,300,109,398
2023-06-09,Friday,6,Sandwich,Lunch,180,79,304
2023-06-09,Friday,6,Sandwich,Dinner,180,106,352
2023-06-09,Friday,6,Salad,Lunch,150,62,472
2023-06-09,Friday,6,Salad,Dinner,150,52,233
2023-06-09,Friday,6,Biryani,Lunch,250,129,401
2023-06-09,Friday,6,Biryani,Dinner,250,188,459
2023-06-09,Friday,6,Fried Rice,Lunch,220,118,483
2023-06-09,Friday,6,Fried Rice,Dinner,220,99,321
2023-06-09,Friday,6,Noodles,Lunch,210,85,500
2023-06-09,Friday,6,Noodles,Dinner,210,114,387
2023-06-09,Friday,6,Ice Cream,Lunch,120,86,202
2023-06-09,Friday,6,Ice Cream,Dinner,120,76,327
2023-06-09,Friday,6,Coffee,Lunch,100,120,236
2023-06-09,Friday,6,Coffee,Dinner,100,126,420
2023-06-10,Saturday,6,Pizza,Lunch,350,173,419
2023-06-10,Saturday,6,Pizza,Dinner,350,232,330
2023-06-10,Saturday,6,Burger,Lunch,200,163,418
2023-06-10,Saturday,6,Burger,Dinner,200,188,259
2023-06-10,Saturday,6,Pasta,Lunch,300,109,454
2023-06-10,Saturday,6,Pasta,Dinner,300,138,222
2023-06-10,Saturday,6,Sandwich,Lunch,180,117,371
2023-06-10,Saturday,6,Sandwich,Dinner,180,136,268
2023-06-10,Saturday,6,Salad,Lunch,150,96,402
2023-06-10,Saturday,6,Salad,Dinner,150,98,216
2023-06-10,Saturday,6,Biryani,Lunch,250,217,275
2023-06-10,Saturday,6,Biryani,Dinner,250,250,255
2023-06-10,Saturday,6,Fried Rice,Lunch,220,140,267
2023-06-10,Saturday,6,Fried Rice,Dinner,220,170,400
2023-06-10,Saturday,6,Noodles,Lunch,210,113,306
2023-06-10,Saturday,6,Noodles,Dinner,210,152,246
2023-06-10,Saturday,6,Ice Cream,Lunch,120,87,381
2023-06-10,Saturday,6,Ice Cream,Dinner,120,102,416
2023-06-10,Saturday,6,Coffee,Lunch,100,169,275
2023-06-10,Saturday,6,Coffee,Dinner,100,202,243
2023-06-11,Sunday,6,Pizza,Lunch,350,202,272
2023-06-11,Sunday,6,Pizza,Dinner,350,220,407
2023-06-11,Sunday,6,Burger,Lunch,200,166,491
2023-06-11,Sunday,6,Burger,Dinner,200,169,346
2023-06-11,Sunday,6,Pasta,Lunch,300,134,416
2023-06-11,Sunday,6,Pasta,Dinner,300,143,257
2023-06-11,Sunday,6,Sandwich,Lunch,180,115,270
2023-06-11,Sunday,6,Sandwich,Dinner,180,118,497
2023-06-11,Sunday,6,Salad,Lunch,150,63,422
2023-06-11,Sunday,6,Salad,Dinner,150,111,344
2023-06-11,Sunday,6,Biryani,Lunch,250,219,284
2023-06-11,Sunday,6,Biryani,Dinner,250,225,334
2023-06-11,Sunday,6,Fried Rice,Lunch,220,119,387
2023-06-11,Sunday,6,Fried Rice,Dinner,220,170,447
2023-06-11,Sunday,6,Noodles,Lunch,210,127,240
2023-06-11,Sunday,6,Noodles,Dinner,210,147,381
2023-06-11,Sunday,6,Ice Cream,Lunch,120,108,282
2023-06-11,Sunday,6,Ice Cream,Dinner,120,110,417
2023-06-11,Sunday,6,Coffee,Lunch,100,175,246
2023-06-11,Sunday,6,Coffee,Dinner,100,196,291
2023-06-12,Monday,6,Pizza,Lunch,350,151,336
2023-06-12,Monday,6,Pizza,Dinner,350,170,370
2023-06-12,Monday,6,Burger,Lunch,200,95,254
2023-06-12,Monday,6,Burger,Dinner,200,147,493
2023-06-12,Monday,6,Pasta,Lunch,300,92,349
2023-06-12,Monday,6,Pasta,Dinner,300,115,431
2023-06-12,Monday,6,Sandwich,Lunch,180,85,253
2023-06-12,Monday,6,Sandwich,Dinner,180,76,218
2023-06-12,Monday,6,Salad,Lunch,150,47,492
2023-06-12,Monday,6,Salad,Dinner,150,48,260
2023-06-12,Monday,6,Biryani,Lunch,250,139,253
2023-06-12,Monday,6,Biryani,Dinner,250,163,252
2023-06-12,Monday,6,Fried Rice,Lunch,220,90,234
2023-06-12,Monday,6,Fried Rice,Dinner,220,111,493
2023-06-12,Monday,6,Noodles,Lunch,210,112,267
2023-06-12,Monday,6,Noodles,Dinner,210,103,468
2023-06-12,Monday,6,Ice Cream,Lunch,120,84,315
2023-06-12,Monday,6,Ice Cream,Dinner,120,65,255
2023-06-12,Monday,6,Coffee,Lunch,100,117,470
2023-06-12,Monday,6,Coffee,Dinner,100,156,363
2023-06-13,Tuesday,6,Pizza,Lunch,350,128,209
2023-06-13,Tuesday,6,Pizza,Dinner,350,151,284
2023-06-13,Tuesday,6,Burger,Lunch,200,101,391
2023-06-13,Tuesday,6,Burger,Dinner,200,113,358
2023-06-13,Tuesday,6,Pasta,Lunch,300,88,213
2023-06-13,Tuesday,6,Pasta,Dinner,300,109,267
2023-06-13,Tuesday,6,Sandwich,Lunch,180,76,356
2023-06-13,Tuesday,6,Sandwich,Dinner,180,81,324
2023-06-13,Tuesday,6,Salad,Lunch,150,59,353
2023-06-13,Tuesday,6,Salad,Dinner,150,82,347
2023-06-13,Tuesday,6,Biryani,Lunch,250,163,323
2023-06-13,Tuesday,6,Biryani,Dinner,250,156,318
2023-06-13,Tuesday,6,Fried Rice,Lunch,220,83,265
2023-06-13,Tuesday,6,Fried Rice,Dinner,220,110,252
2023-06-13,Tuesday,6,Noodles,Lunch,210,85,446
2023-06-13,Tuesday,6,Noodles,Dinner,210,94,470
2023-06-13,Tuesday,6,Ice Cream,Lunch,120,52,349
2023-06-13,Tuesday,6,Ice Cream,Dinner,120,70,291
2023-06-13,Tuesday,6,Coffee,Lunch,100,113,421
2023-06-13,Tuesday,6,Coffee,Dinner,100,151,339
2023-06-14,Wednesday,6,Pizza,Lunch,350,112,253
2023-06-14,Wednesday,6,Pizza,Dinner,350,155,278
2023-06-14,Wednesday,6,Burger,Lunch,200,100,358
2023-06-14,Wednesday,6,Burger,Dinner,200,122,273
2023-06-14,Wednesday,6,Pasta,Lunch,300,100,315
2023-06-14,Wednesday,6,Pasta,Dinner,300,100,288
2023-06-14,Wednesday,6,Sandwich,Lunch,180,92,441
2023-06-14,Wednesday,6,Sandwich,Dinner,180,87,461
2023-06-14,Wednesday,6,Salad,Lunch,150,59,233
2023-06-14,Wednesday,6,Salad,Dinner,150,59,399
2023-06-14,Wednesday,6,Biryani,Lunch,250,151,260
2023-06-14,Wednesday,6,Biryani,Dinner,250,156,364
2023-06-14,Wednesday,6,Fried Rice,Lunch,220,80,448
2023-06-14,Wednesday,6,Fried Rice,Dinner,220,117,300
2023-06-14,Wednesday,6,Noodles,Lunch,210,73,282
2023-06-14,Wednesday,6,Noodles,Dinner,210,102,445
2023-06-14,Wednesday,6,Ice Cream,Lunch,120,47,218
2023-06-14,Wednesday,6,Ice Cream,Dinner,120,95,327
2023-06-14,Wednesday,6,Coffee,Lunch,100,108,466
2023-06-14,Wednesday,6,Coffee,Dinner,100,142,309
2023-06-15,Thursday,6,Pizza,Lunch,350,152,232
2023-06-15,Thursday,6,Pizza,Dinner,350,141,490
2023-06-15,Thursday,6,Burger,Lunch,200,99,237
2023-06-15,Thursday,6,Burger,Dinner,200,119,346
2023-06-15,Thursday,6,Pasta,Lunch,300,77,448
2023-06-15,Thursday,6,Pasta,Dinner,300,118,362
2023-06-15,Thursday,6,Sandwich,Lunch,180,91,310
2023-06-15,Thursday,6,Sandwich,Dinner,180,104,230
2023-06-15,Thursday,6,Salad,Lunch,150,61,400
2023-06-15,Thursday,6,Salad,Dinner,150,53,273
2023-06-15,Thursday,6,Biryani,Lunch,250,153,395
2023-06-15,Thursday,6,Biryani,Dinner,250,176,200
2023-06-15,Thursday,6,Fried Rice,Lunch,220,111,406
2023-06-15,Thursday,6,Fried Rice,Dinner,220,128,306
2023-06-15,Thursday,6,Noodles,Lunch,210,111,400
2023-06-15,Thursday,6,Noodles,Dinner,210,114,408
2023-06-15,Thursday,6,Ice Cream,Lunch,120,75,376
2023-06-15,Thursday,6,Ice Cream,Dinner,120,66,282
2023-06-15,Thursday,6,Coffee,Lunch,100,111,452
2023-06-15,Thursday,6,Coffee,Dinner,100,144,451
2023-06-16,Friday,6,Pizza,Lunch,350,149,426
2023-06-16,Friday,6,Pizza,Dinner,350,169,333
2023-06-16,Friday,6,Burger,Lunch,200,125,364
2023-06-16,Friday,6,Burger,Dinner,200,117,405
2023-06-16,Friday,6,Pasta,Lunch,300,73,241
2023-06-16,Friday,6,Pasta,Dinner,300,106,460
2023-06-16,Friday,6,Sandwich,Lunch,180,66,409
2023-06-16,Friday,6,Sandwich,Dinner,180,111,489
2023-06-16,Friday,6,Salad,Lunch,150,49,261
2023-06-16,Friday,6,Salad,Dinner,150,84,343
2023-06-16,Friday,6,Biryani,Lunch,250,148,214
2023-06-16,Friday,6,Biryani,Dinner,250,154,358
2023-06-16,Friday,6,Fried Rice,Lunch,220,102,368
2023-06-16,Friday,6,Fried Rice,Dinner,220,102,365
2023-06-16,Friday,6,Noodles,Lunch,210,97,500
2023-06-16,Friday,6,Noodles,Dinner,210,103,294
2023-06-16,Friday,6,Ice Cream,Lunch,120,74,307
2023-06-16,Friday,6,Ice Cream,Dinner,120,84,264
2023-06-16,Friday,6,Coffee,Lunch,100,113,395
2023-06-16,Friday,6,Coffee,Dinner,100,130,407
2023-06-17,Saturday,6,Pizza,Lunch,350,165,426
2023-06-17,Saturday,6,Pizza,Dinner,350,223,408
2023-06-17,Saturday,6,Burger,Lunch,200,172,303
2023-06-17,Saturday,6,Burger,Dinner,200,185,450
2023-06-17,Saturday,6,Pasta,Lunch,300,139,405
2023-06-17,Saturday,6,Pasta,Dinner,300,164,248
2023-06-17,Saturday,6,Sandwich,Lunch,180,95,458
2023-06-17,Saturday,6,Sandwich,Dinner,180,131,407
2023-06-17,Saturday,6,Salad,Lunch,150,61,491
2023-06-17,Saturday,6,Salad,Dinner,150,85,267
2023-06-17,Saturday,6,Biryani,Lunch,250,192,444
2023-06-17,Saturday,6,Biryani,Dinner,250,241,407
2023-06-17,Saturday,6,Fried Rice,Lunch,220,136,355
2023-06-17,Saturday,6,Fried Rice,Dinner,220,173,301
2023-06-17,Saturday,6,Noodles,Lunch,210,127,382
2023-06-17,Saturday,6,Noodles,Dinner,210,141,252
2023-06-17,Saturday,6,Ice Cream,Lunch,120,100,482
2023-06-17,Saturday,6,Ice Cream,Dinner,120,117,458
2023-06-17,Saturday,6,Coffee,Lunch,100,184,340
2023-06-17,Saturday,6,Coffee,Dinner,100,196,343
2023-06-18,Sunday,6,Pizza,Lunch,350,175,447
2023-06-18,Sunday,6,Pizza,Dinner,350,207,362
2023-06-18,Sunday,6,Burger,Lunch,200,139,319
2023-06-18,Sunday,6,Burger,Dinner,200,173,225
2023-06-18,Sunday,6,Pasta,Lunch,300,140,439
2023-06-18,Sunday,6,Pasta,Dinner,300,133,300
2023-06-18,Sunday,6,Sandwich,Lunch,180,110,499
2023-06-18,Sunday,6,Sandwich,Dinner,180,140,466
2023-06-18,Sunday,6,Salad,Lunch,150,97,325
2023-06-18,Sunday,6,Salad,Dinner,150,98,235
2023-06-18,Sunday,6,Biryani,Lunch,250,209,224
2023-06-18,Sunday,6,Biryani,Dinner,250,242,471
2023-06-18,Sunday,6,Fried Rice,Lunch,220,156,324
2023-06-18,Sunday,6,Fried Rice,Dinner,220,169,455
2023-06-18,Sunday,6,Noodles,Lunch,210,149,441
2023-06-18,Sunday,6,Noodles,Dinner,210,157,333
2023-06-18,Sunday,6,Ice Cream,Lunch,120,110,491
2023-06-18,Sunday,6,Ice Cream,Dinner,120,107,405
2023-06-18,Sunday,6,Coffee,Lunch,100,168,424
2023-06-18,Sunday,6,Coffee,Dinner,100,189,314
2023-06-19,Monday,6,Pizza,Lunch,350,138,497
2023-06-19,Monday,6,Pizza,Dinner,350,149,335
2023-06-19,Monday,6,Burger,Lunch,200,111,283
2023-06-19,Monday,6,Burger,Dinner,200,150,357
2023-06-19,Monday,6,Pasta,Lunch,300,90,380
2023-06-19,Monday,6,Pasta,Dinner,300,90,484
2023-06-19,Monday,6,Sandwich,Lunch,180,78,304
2023-06-19,Monday,6,Sandwich,Dinner,180,112,430
2023-06-19,Monday,6,Salad,Lunch,150,74,402
2023-06-19,Monday,6,Salad,Dinner,150,60,353
2023-06-19,Monday,6,Biryani,Lunch,250,161,462
2023-06-19,Monday,6,Biryani,Dinner,250,161,461
2023-06-19,Monday,6,Fried Rice,Lunch,220,101,326
2023-06-19,Monday,6,Fried Rice,Dinner,220,124,226
2023-06-19,Monday,6,Noodles,Lunch,210,99,485
2023-06-19,Monday,6,Noodles,Dinner,210,124,301
2023-06-19,Monday,6,Ice Cream,Lunch,120,79,217
2023-06-19,Monday,6,Ice Cream,Dinner,120,97,400
2023-06-19,Monday,6,Coffee,Lunch,100,123,278
2023-06-19,Monday,6,Coffee,Dinner,100,131,457
2023-06-20,Tuesday,6,Pizza,Lunch,350,150,352
2023-06-20,Tuesday,6,Pizza,Dinner,350,144,291
2023-06-20,Tuesday,6,Burger,Lunch,200,130,218
2023-06-20,Tuesday,6,Burger,Dinner,200,129,331
2023-06-20,Tuesday,6,Pasta,Lunch,300,91,390
2023-06-20,Tuesday,6,Pasta,Dinner,300,103,379
2023-06-20,Tuesday,6,Sandwich,Lunch,180,79,500
2023-06-20,Tuesday,6,Sandwich,Dinner,180,87,369
2023-06-20,Tuesday,6,Salad,Lunch,150,58,446
2023-06-20,Tuesday,6,Salad,Dinner,150,50,470
2023-06-20,Tuesday,6,Biryani,Lunch,250,133,294
2023-06-20,Tuesday,6,Biryani,Dinner,250,184,298
2023-06-20,Tuesday,6,Fried Rice,Lunch,220,83,478
2023-06-20,Tuesday,6,Fried Rice,Dinner,220,121,467
2023-06-20,Tuesday,6,Noodles,Lunch,210,109,276
2023-06-20,Tuesday,6,Noodles,Dinner,210,99,268
2023-06-20,Tuesday,6,Ice Cream,Lunch,120,55,256
2023-06-20,Tuesday,6,Ice Cream,Dinner,120,83,214
2023-06-20,Tuesday,6,Coffee,Lunch,100,128,263
2023-06-20,Tuesday,6,Coffee,Dinner,100,147,394
2023-06-21,Wednesday,6,Pizza,Lunch,350,112,483
2023-06-21,Wednesday,6,Pizza,Dinner,350,165,489
2023-06-21,Wednesday,6,Burger,Lunch,200,115,417
2023-06-21,Wednesday,6,Burger,Dinner,200,112,437
2023-06-21,Wednesday,6,Pasta,Lunch,300,83,210
2023-06-21,Wednesday,6,Pasta,Dinner,300,116,237
2023-06-21,Wednesday,6,Sandwich,Lunch,180,76,413
2023-06-21,Wednesday,6,Sandwich,Dinner,180,102,492
2023-06-21,Wednesday,6,Salad,Lunch,150,57,452
2023-06-21,Wednesday,6,Salad,Dinner,150,75,433
2023-06-21,Wednesday,6,Biryani,Lunch,250,143,490
2023-06-21,Wednesday,6,Biryani,Dinner,250,177,497
2023-06-21,Wednesday,6,Fried Rice,Lunch,220,83,209
2023-06-21,Wednesday,6,Fried Rice,Dinner,220,116,328
2023-06-21,Wednesday,6,Noodles,Lunch,210,100,467
2023-06-21,Wednesday,6,Noodles,Dinner,210,107,208
2023-06-21,Wednesday,6,Ice Cream,Lunch,120,64,442
2023-06-21,Wednesday,6,Ice Cream,Dinner,120,90,209
2023-06-21,Wednesday,6,Coffee,Lunch,100,125,226
2023-06-21,Wednesday,6,Coffee,Dinner,100,160,293
2023-06-22,Thursday,6,Pizza,Lunch,350,122,322
2023-06-22,Thursday,6,Pizza,Dinner,350,165,272
2023-06-22,Thursday,6,Burger,Lunch,200,123,447
2023-06-22,Thursday,6,Burger,Dinner,200,125,389
2023-06-22,Thursday,6,Pasta,Lunch,300,97,387
2023-06-22,Thursday,6,Pasta,Dinner,300,120,383
2023-06-22,Thursday,6,Sandwich,Lunch,180,85,272
2023-06-22,Thursday,6,Sandwich,Dinner,180,81,479
2023-06-22,Thursday,6,Salad,Lunch,150,43,250
2023-06-22,Thursday,6,Salad,Dinner,150,77,445
2023-06-22,Thursday,6,Biryani,Lunch,250,161,280
2023-06-22,Thursday,6,Biryani,Dinner,250,186,467
2023-06-22,Thursday,6,Fried Rice,Lunch,220,108,360
2023-06-22,Thursday,6,Fried Rice,Dinner,220,110,441
2023-06-22,Thursday,6,Noodles,Lunch,210,87,280
2023-06-22,Thursday,6,Noodles,Dinner,210,96,220
2023-06-22,Thursday,6,Ice Cream,Lunch,120,73,398
2023-06-22,Thursday,6,Ice Cream,Dinner,120,97,252
2023-06-22,Thursday,6,Coffee,Lunch,100,114,367
2023-06-22,Thursday,6,Coffee,Dinner,100,140,418
2023-06-23,Friday,6,Pizza,Lunch,350,148,438
2023-06-23,Friday,6,Pizza,Dinner,350,164,367
2023-06-23,Friday,6,Burger,Lunch,200,112,404
2023-06-23,Friday,6,Burger,Dinner,200,121,438
2023-06-23,Friday,6,Pasta,Lunch,300,73,231
2023-06-23,Friday,6,Pasta,Dinner,300,117,449
2023-06-23,Friday,6,Sandwich,Lunch,180,96,205
2023-06-23,Friday,6,Sandwich,Dinner,180,76,289
2023-06-23,Friday,6,Salad,Lunch,150,65,449
2023-06-23,Friday,6,Salad,Dinner,150,74,236
2023-06-23,Friday,6,Biryani,Lunch,250,125,351
2023-06-23,Friday,6,Biryani,Dinner,250,165,441
2023-06-23,Friday,6,Fried Rice,Lunch,220,108,373
2023-06-23,Friday,6,Fried Rice,Dinner,220,138,206
2023-06-23,Friday,6,Noodles,Lunch,210,84,228
2023-06-23,Friday,6,Noodles,Dinner,210,102,460
2023-06-23,Friday,6,Ice Cream,Lunch,120,79,220
2023-06-23,Friday,6,Ice Cream,Dinner,120,69,272
2023-06-23,Friday,6,Coffee,Lunch,100,135,361
2023-06-23,Friday,6,Coffee,Dinner,100,152,417
2023-06-24,Saturday,6,Pizza,Lunch,350,182,425
2023-06-24,Saturday,6,Pizza,Dinner,350,241,440
2023-06-24,Saturday,6,Burger,Lunch,200,137,363
2023-06-24,Saturday,6,Burger,Dinner,200,184,266
2023-06-24,Saturday,6,Pasta,Lunch,300,105,400
2023-06-24,Saturday,6,Pasta,Dinner,300,147,338
2023-06-24,Saturday,6,Sandwich,Lunch,180,117,317
2023-06-24,Saturday,6,Sandwich,Dinner,180,136,316
2023-06-24,Saturday,6,Salad,Lunch,150,90,242
2023-06-24,Saturday,6,Salad,Dinner,150,75,204
2023-06-24,Saturday,6,Biryani,Lunch,250,200,354
2023-06-24,Saturday,6,Biryani,Dinner,250,236,349
2023-06-24,Saturday,6,Fried Rice,Lunch,220,126,439
2023-06-24,Saturday,6,Fried Rice,Dinner,220,162,299
2023-06-24,Saturday,6,Noodles,Lunch,210,146,428
2023-06-24,Saturday,6,Noodles,Dinner,210,167,457
2023-06-24,Saturday,6,Ice Cream,Lunch,120,74,317
2023-06-24,Saturday,6,Ice Cream,Dinner,120,130,329
2023-06-24,Saturday,6,Coffee,Lunch,100,158,484
2023-06-24,Saturday,6,Coffee,Dinner,100,185,416
2023-06-25,Sunday,6,Pizza,Lunch,350,190,267
2023-06-25,Sunday,6,Pizza,Dinner,350,206,260
2023-06-25,Sunday,6,Burger,Lunch,200,158,423
2023-06-25,Sunday,6,Burger,Dinner,200,198,428
2023-06-25,Sunday,6,Pasta,Lunch,300,121,385
2023-06-25,Sunday,6,Pasta,Dinner,300,153,308
2023-06-25,Sunday,6,Sandwich,Lunch,180,126,273
2023-06-25,Sunday,6,Sandwich,Dinner,180,113,264
2023-06-25,Sunday,6,Salad,Lunch,150,90,475
2023-06-25,Sunday,6,Salad,Dinner,150,80,485
2023-06-25,Sunday,6,Biryani,Lunch,250,215,381
2023-06-25,Sunday,6,Biryani,Dinner,250,240,213
2023-06-25,Sunday,6,Fried Rice,Lunch,220,140,338
2023-06-25,Sunday,6,Fried Rice,Dinner,220,155,342
2023-06-25,Sunday,6,Noodles,Lunch,210,131,312
2023-06-25,Sunday,6,Noodles,Dinner,210,141,216
2023-06-25,Sunday,6,Ice Cream,Lunch,120,103,406
2023-06-25,Sunday,6,Ice Cream,Dinner,120,90,268
2023-06-25,Sunday,6,Coffee,Lunch,100,182,446
2023-06-25,Sunday,6,Coffee,Dinner,100,211,317
2023-06-26,Monday,6,Pizza,Lunch,350,113,402
2023-06-26,Monday,6,Pizza,Dinner,350,156,345
2023-06-26,Monday,6,Burger,Lunch,200,128,344
2023-06-26,Monday,6,Burger,Dinner,200,115,401
2023-06-26,Monday,6,Pasta,Lunch,300,93,213
2023-06-26,Monday,6,Pasta,Dinner,300,101,347
2023-06-26,Monday,6,Sandwich,Lunch,180,59,255
2023-06-26,Monday,6,Sandwich,Dinner,180,101,431
2023-06-26,Monday,6,Salad,Lunch,150,61,447
2023-06-26,Monday,6,Salad,Dinner,150,48,314
2023-06-26,Monday,6,Biryani,Lunch,250,151,326
2023-06-26,Monday,6,Biryani,Dinner,250,174,396
2023-06-26,Monday,6,Fried Rice,Lunch,220,95,229
2023-06-26,Monday,6,Fried Rice,Dinner,220,124,409
2023-06-26,Monday,6,Noodles,Lunch,210,75,231
2023-06-26,Monday,6,Noodles,Dinner,210,92,224
2023-06-26,Monday,6,Ice Cream,Lunch,120,49,360
2023-06-26,Monday,6,Ice Cream,Dinner,120,69,399
2023-06-26,Monday,6,Coffee,Lunch,100,118,499
2023-06-26,Monday,6,Coffee,Dinner,100,160,457
2023-06-27,Tuesday,6,Pizza,Lunch,350,152,435
2023-06-27,Tuesday,6,Pizza,Dinner,350,138,274
2023-06-27,Tuesday,6,Burger,Lunch,200,117,488
2023-06-27,Tuesday,6,Burger,Dinner,200,127,416
2023-06-27,Tuesday,6,Pasta,Lunch,300,108,365
2023-06-27,Tuesday,6,Pasta,Dinner,300,103,493
2023-06-27,Tuesday,6,Sandwich,Lunch,180,77,393
2023-06-27,Tuesday,6,Sandwich,Dinner,180,99,460
2023-06-27,Tuesday,6,Salad,Lunch,150,66,464
2023-06-27,Tuesday,6,Salad,Dinner,150,65,249
2023-06-27,Tuesday,6,Biryani,Lunch,250,135,412
2023-06-27,Tuesday,6,Biryani,Dinner,250,164,324
2023-06-27,Tuesday,6,Fried Rice,Lunch,220,114,320
2023-06-27,Tuesday,6,Fried Rice,Dinner,220,115,212
2023-06-27,Tuesday,6,Noodles,Lunch,210,101,424
2023-06-27,Tuesday,6,Noodles,Dinner,210,109,215
2023-06-27,Tuesday,6,Ice Cream,Lunch,120,58,492
2023-06-27,Tuesday,6,Ice Cream,Dinner,120,59,250
2023-06-27,Tuesday,6,Coffee,Lunch,100,112,310
2023-06-27,Tuesday,6,Coffee,Dinner,100,153,298
2023-06-28,Wednesday,6,Pizza,Lunch,350,126,491
2023-06-28,Wednesday,6,Pizza,Dinner,350,142,297
2023-06-28,Wednesday,6,Burger,Lunch,200,122,493
2023-06-28,Wednesday,6,Burger,Dinner,200,117,445
2023-06-28,Wednesday,6,Pasta,Lunch,300,72,369
2023-06-28,Wednesday,6,Pasta,Dinner,300,103,215
2023-06-28,Wednesday,6,Sandwich,Lunch,180,87,264
2023-06-28,Wednesday,6,Sandwich,Dinner,180,110,243
2023-06-28,Wednesday,6,Salad,Lunch,150,54,483
2023-06-28,Wednesday,6,Salad,Dinner,150,77,303
2023-06-28,Wednesday,6,Biryani,Lunch,250,160,425
2023-06-28,Wednesday,6,Biryani,Dinner,250,152,373
2023-06-28,Wednesday,6,Fried Rice,Lunch,220,105,496
2023-06-28,Wednesday,6,Fried Rice,Dinner,220,137,373
2023-06-28,Wednesday,6,Noodles,Lunch,210,111,300
2023-06-28,Wednesday,6,Noodles,Dinner,210,118,356
2023-06-28,Wednesday,6,Ice Cream,Lunch,120,76,247
2023-06-28,Wednesday,6,Ice Cream,Dinner,120,97,238
2023-06-28,Wednesday,6,Coffee,Lunch,100,117,216
2023-06-28,Wednesday,6,Coffee,Dinner,100,136,269
2023-06-29,Thursday,6,Pizza,Lunch,350,136,220
2023-06-29,Thursday,6,Pizza,Dinner,350,138,240
2023-06-29,Thursday,6,Burger,Lunch,200,108,318
2023-06-29,Thursday,6,Burger,Dinner,200,131,405
2023-06-29,Thursday,6,Pasta,Lunch,300,97,435
2023-06-29,Thursday,6,Pasta,Dinner,300,90,320
2023-06-29,Thursday,6,Sandwich,Lunch,180,69,395
2023-06-29,Thursday,6,Sandwich,Dinner,180,99,404
2023-06-29,Thursday,6,Salad,Lunch,150,47,230
2023-06-29,Thursday,6,Salad,Dinner,150,86,212
2023-06-29,Thursday,6,Biryani,Lunch,250,155,427
2023-06-29,Thursday,6,Biryani,Dinner,250,172,473
2023-06-29,Thursday,6,Fried Rice,Lunch,220,116,467
2023-06-29,Thursday,6,Fried Rice,Dinner,220,100,336
2023-06-29,Thursday,6,Noodles,Lunch,210,86,385
2023-06-29,Thursday,6,Noodles,Dinner,210,110,341
2023-06-29,Thursday,6,Ice Cream,Lunch,120,78,390
2023-06-29,Thursday,6,Ice Cream,Dinner,120,70,367
2023-06-29,Thursday,6,Coffee,Lunch,100,129,498
2023-06-29,Thursday,6,Coffee,Dinner,100,139,380
2023-06-30,Friday,6,Pizza,Lunch,350,134,440
2023-06-30,Friday,6,Pizza,Dinner,350,174,399
2023-06-30,Friday,6,Burger,Lunch,200,118,434
2023-06-30,Friday,6,Burger,Dinner,200,113,404
2023-06-30,Friday,6,Pasta,Lunch,300,93,303
2023-06-30,Friday,6,Pasta,Dinner,300,90,487
2023-06-30,Friday,6,Sandwich,Lunch,180,66,404
2023-06-30,Friday,6,Sandwich,Dinner,180,101,311
2023-06-30,Friday,6,Salad,Lunch,150,58,385
2023-06-30,Friday,6,Salad,Dinner,150,66,367
2023-06-30,Friday,6,Biryani,Lunch,250,129,422
2023-06-30,Friday,6,Biryani,Dinner,250,185,427
2023-06-30,Friday,6,Fried Rice,Lunch,220,117,430
2023-06-30,Friday,6,Fried Rice,Dinner,220,123,240
2023-06-30,Friday,6,Noodles,Lunch,210,75,294
2023-06-30,Friday,6,Noodles,Dinner,210,123,368
2023-06-30,Friday,6,Ice Cream,Lunch,120,59,285
2023-06-30,Friday,6,Ice Cream,Dinner,120,88,262
2023-06-30,Friday,6,Coffee,Lunch,100,132,222
2023-06-30,Friday,6,Coffee,Dinner,100,147,380
2023-07-01,Saturday,7,Pizza,Lunch,350,166,431
2023-07-01,Saturday,7,Pizza,Dinner,350,197,218
2023-07-01,Saturday,7,Burger,Lunch,200,129,412
2023-07-01,Saturday,7,Burger,Dinner,200,151,437
2023-07-01,Saturday,7,Pasta,Lunch,300,113,468
2023-07-01,Saturday,7,Pasta,Dinner,300,146,348
2023-07-01,Saturday,7,Sandwich,Lunch,180,100,255
2023-07-01,Saturday,7,Sandwich,Dinner,180,126,469
2023-07-01,Saturday,7,Salad,Lunch,150,62,338
2023-07-01,Saturday,7,Salad,Dinner,150,98,332
2023-07-01,Saturday,7,Biryani,Lunch,250,197,482
2023-07-01,Saturday,7,Biryani,Dinner,250,198,268
2023-07-01,Saturday,7,Fried Rice,Lunch,220,132,390
2023-07-01,Saturday,7,Fried Rice,Dinner,220,138,455
2023-07-01,Saturday,7,Noodles,Lunch,210,103,265
2023-07-01,Saturday,7,Noodles,Dinner,210,158,253
2023-07-01,Saturday,7,Ice Cream,Lunch,120,101,268
2023-07-01,Saturday,7,Ice Cream,Dinner,120,103,447
2023-07-01,Saturday,7,Coffee,Lunch,100,160,306
2023-07-01,Saturday,7,Coffee,Dinner,100,201,318
2023-07-02,Sunday,7,Pizza,Lunch,350,162,449
2023-07-02,Sunday,7,Pizza,Dinner,350,193,244
2023-07-02,Sunday,7,Burger,Lunch,200,141,217
2023-07-02,Sunday,7,Burger,Dinner,200,163,207
2023-07-02,Sunday,7,Pasta,Lunch,300,122,228
2023-07-02,Sunday,7,Pasta,Dinner,300,126,434
2023-07-02,Sunday,7,Sandwich,Lunch,180,97,393
2023-07-02,Sunday,7,Sandwich,Dinner,180,137,271
2023-07-02,Sunday,7,Salad,Lunch,150,58,427
2023-07-02,Sunday,7,Salad,Dinner,150,95,256
2023-07-02,Sunday,7,Biryani,Lunch,250,193,477
2023-07-02,Sunday,7,Biryani,Dinner,250,222,499
2023-07-02,Sunday,7,Fried Rice,Lunch,220,129,262
2023-07-02,Sunday,7,Fried Rice,Dinner,220,166,297
2023-07-02,Sunday,7,Noodles,Lunch,210,139,219
2023-07-02,Sunday,7,Noodles,Dinner,210,154,480
2023-07-02,Sunday,7,Ice Cream,Lunch,120,67,500
2023-07-02,Sunday,7,Ice Cream,Dinner,120,117,455
2023-07-02,Sunday,7,Coffee,Lunch,100,157,490
2023-07-02,Sunday,7,Coffee,Dinner,100,183,320
2023-07-03,Monday,7,Pizza,Lunch,350,135,217
2023-07-03,Monday,7,Pizza,Dinner,350,149,465
2023-07-03,Monday,7,Burger,Lunch,200,112,249
2023-07-03,Monday,7,Burger,Dinner,200,133,305
2023-07-03,Monday,7,Pasta,Lunch,300,94,350
2023-07-03,Monday,7,Pasta,Dinner,300,88,444
2023-07-03,Monday,7,Sandwich,Lunch,180,55,484
2023-07-03,Monday,7,Sandwich,Dinner,180,76,457
2023-07-03,Monday,7,Salad,Lunch,150,56,413
2023-07-03,Monday,7,Salad,Dinner,150,66,411
2023-07-03,Monday,7,Biryani,Lunch,250,125,464
2023-07-03,Monday,7,Biryani,Dinner,250,171,429
2023-07-03,Monday,7,Fried Rice,Lunch,220,94,342
2023-07-03,Monday,7,Fried Rice,Dinner,220,110,271
2023-07-03,Monday,7,Noodles,Lunch,210,78,218
2023-07-03,Monday,7,Noodles,Dinner,210,110,342
2023-07-03,Monday,7,Ice Cream,Lunch,120,69,460
2023-07-03,Monday,7,Ice Cream,Dinner,120,62,375
2023-07-03,Monday,7,Coffee,Lunch,100,121,387
2023-07-03,Monday,7,Coffee,Dinner,100,148,478
2023-07-04,Tuesday,7,Pizza,Lunch,350,125,390
2023-07-04,Tuesday,7,Pizza,Dinner,350,126,317
2023-07-04,Tuesday,7,Burger,Lunch,200,110,251
2023-07-04,Tuesday,7,Burger,Dinner,200,112,252
2023-07-04,Tuesday,7,Pasta,Lunch,300,78,321
2023-07-04,Tuesday,7,Pasta,Dinner,300,98,498
2023-07-04,Tuesday,7,Sandwich,Lunch,180,86,231
2023-07-04,Tuesday,7,Sandwich,Dinner,180,91,364
2023-07-04,Tuesday,7,Salad,Lunch,150,44,378
2023-07-04,Tuesday,7,Salad,Dinner,150,73,427
2023-07-04,Tuesday,7,Biryani,Lunch,250,129,482
2023-07-04,Tuesday,7,Biryani,Dinner,250,140,282
2023-07-04,Tuesday,7,Fried Rice,Lunch,220,107,300
2023-07-04,Tuesday,7,Fried Rice,Dinner,220,93,290
2023-07-04,Tuesday,7,Noodles,Lunch,210,87,444
2023-07-04,Tuesday,7,Noodles,Dinner,210,101,261
2023-07-04,Tuesday,7,Ice Cream,Lunch,120,60,394
2023-07-04,Tuesday,7,Ice Cream,Dinner,120,66,288
2023-07-04,Tuesday,7,Coffee,Lunch,100,99,229
2023-07-04,Tuesday,7,Coffee,Dinner,100,117,418
2023-07-05,Wednesday,7,Pizza,Lunch,350,106,413
2023-07-05,Wednesday,7,Pizza,Dinner,350,160,222
2023-07-05,Wednesday,7,Burger,Lunch,200,80,343
2023-07-05,Wednesday,7,Burger,Dinner,200,130,339
2023-07-05,Wednesday,7,Pasta,Lunch,300,88,452
2023-07-05,Wednesday,7,Pasta,Dinner,300,116,323
2023-07-05,Wednesday,7,Sandwich,Lunch,180,85,366
2023-07-05,Wednesday,7,Sandwich,Dinner,180,104,366
2023-07-05,Wednesday,7,Salad,Lunch,150,36,245
2023-07-05,Wednesday,7,Salad,Dinner,150,64,404
2023-07-05,Wednesday,7,Biryani,Lunch,250,132,265
2023-07-05,Wednesday,7,Biryani,Dinner,250,172,442
2023-07-05,Wednesday,7,Fried Rice,Lunch,220,86,278
2023-07-05,Wednesday,7,Fried Rice,Dinner,220,102,403
2023-07-05,Wednesday,7,Noodles,Lunch,210,96,409
2023-07-05,Wednesday,7,Noodles,Dinner,210,102,229
2023-07-05,Wednesday,7,Ice Cream,Lunch,120,60,220
2023-07-05,Wednesday,7,Ice Cream,Dinner,120,85,222
2023-07-05,Wednesday,7,Coffee,Lunch,100,126,408
2023-07-05,Wednesday,7,Coffee,Dinner,100,133,457
2023-07-06,Thursday,7,Pizza,Lunch,350,124,475
2023-07-06,Thursday,7,Pizza,Dinner,350,139,472
2023-07-06,Thursday,7,Burger,Lunch,200,119,364
2023-07-06,Thursday,7,Burger,Dinner,200,111,281
2023-07-06,Thursday,7,Pasta,Lunch,300,90,317
2023-07-06,Thursday,7,Pasta,Dinner,300,105,416
2023-07-06,Thursday,7,Sandwich,Lunch,180,59,421
2023-07-06,Thursday,7,Sandwich,Dinner,180,86,286
2023-07-06,Thursday,7,Salad,Lunch,150,42,434
2023-07-06,Thursday,7,Salad,Dinner,150,72,400
2023-07-06,Thursday,7,Biryani,Lunch,250,131,280
2023-07-06,Thursday,7,Biryani,Dinner,250,144,306
2023-07-06,Thursday,7,Fried Rice,Lunch,220,97,274
2023-07-06,Thursday,7,Fried Rice,Dinner,220,113,336
2023-07-06,Thursday,7,Noodles,Lunch,210,101,341
2023-07-06,Thursday,7,Noodles,Dinner,210,83,407
2023-07-06,Thursday,7,Ice Cream,Lunch,120,75,369
2023-07-06,Thursday,7,Ice Cream,Dinner,120,52,254
2023-07-06,Thursday,7,Coffee,Lunch,100,124,314
2023-07-06,Thursday,7,Coffee,Dinner,100,139,461
2023-07-07,Friday,7,Pizza,Lunch,350,117,410
2023-07-07,Friday,7,Pizza,Dinner,350,148,320
2023-07-07,Friday,7,Burger,Lunch,200,108,451
2023-07-07,Friday,7,Burger,Dinner,200,131,402
2023-07-07,Friday,7,Pasta,Lunch,300,99,303
2023-07-07,Friday,7,Pasta,Dinner,300,105,484
2023-07-07,Friday,7,Sandwich,Lunch,180,67,279
2023-07-07,Friday,7,Sandwich,Dinner,180,82,456
2023-07-07,Friday,7,Salad,Lunch,150,34,426
2023-07-07,Friday,7,Salad,Dinner,150,54,368
2023-07-07,Friday,7,Biryani,Lunch,250,119,481
2023-07-07,Friday,7,Biryani,Dinner,250,174,491
2023-07-07,Friday,7,Fried Rice,Lunch,220,75,344
2023-07-07,Friday,7,Fried Rice,Dinner,220,97,480
2023-07-07,Friday,7,Noodles,Lunch,210,82,360
2023-07-07,Friday,7,Noodles,Dinner,210,86,315
2023-07-07,Friday,7,Ice Cream,Lunch,120,60,480
2023-07-07,Friday,7,Ice Cream,Dinner,120,78,379
2023-07-07,Friday,7,Coffee,Lunch,100,117,219
2023-07-07,Friday,7,Coffee,Dinner,100,127,355
2023-07-08,Saturday,7,Pizza,Lunch,350,159,437
2023-07-08,Saturday,7,Pizza,Dinner,350,216,451
2023-07-08,Saturday,7,Burger,Lunch,200,151,293
2023-07-08,Saturday,7,Burger,Dinner,200,154,390
2023-07-08,Saturday,7,Pasta,Lunch,300,97,500
2023-07-08,Saturday,7,Pasta,Dinner,300,153,374
2023-07-08,Saturday,7,Sandwich,Lunch,180,91,333
2023-07-08,Saturday,7,Sandwich,Dinner,180,120,418
2023-07-08,Saturday,7,Salad,Lunch,150,61,436
2023-07-08,Saturday,7,Salad,Dinner,150,104,430
2023-07-08,Saturday,7,Biryani,Lunch,250,166,493
2023-07-08,Saturday,7,Biryani,Dinner,250,202,455
2023-07-08,Saturday,7,Fried Rice,Lunch,220,132,210
2023-07-08,Saturday,7,Fried Rice,Dinner,220,168,303
2023-07-08,Saturday,7,Noodles,Lunch,210,108,351
2023-07-08,Saturday,7,Noodles,Dinner,210,146,330
2023-07-08,Saturday,7,Ice Cream,Lunch,120,77,468
2023-07-08,Saturday,7,Ice Cream,Dinner,120,94,312
2023-07-08,Saturday,7,Coffee,Lunch,100,170,334
2023-07-08,Saturday,7,Coffee,Dinner,100,183,452
2023-07-09,Sunday,7,Pizza,Lunch,350,160,487
2023-07-09,Sunday,7,Pizza,Dinner,350,192,341
2023-07-09,Sunday,7,Burger,Lunch,200,133,330
2023-07-09,Sunday,7,Burger,Dinner,200,155,241
2023-07-09,Sunday,7,Pasta,Lunch,300,126,405
2023-07-09,Sunday,7,Pasta,Dinner,300,132,271
2023-07-09,Sunday,7,Sandwich,Lunch,180,82,413
2023-07-09,Sunday,7,Sandwich,Dinner,180,105,335
2023-07-09,Sunday,7,Salad,Lunch,150,69,243
2023-07-09,Sunday,7,Salad,Dinner,150,85,318
2023-07-09,Sunday,7,Biryani,Lunch,250,202,389
2023-07-09,Sunday,7,Biryani,Dinner,250,220,208
2023-07-09,Sunday,7,Fried Rice,Lunch,220,125,344
2023-07-09,Sunday,7,Fried Rice,Dinner,220,144,273
2023-07-09,Sunday,7,Noodles,Lunch,210,138,448
2023-07-09,Sunday,7,Noodles,Dinner,210,147,359
2023-07-09,Sunday,7,Ice Cream,Lunch,120,82,423
2023-07-09,Sunday,7,Ice Cream,Dinner,120,94,425
2023-07-09,Sunday,7,Coffee,Lunch,100,151,480
2023-07-09,Sunday,7,Coffee,Dinner,100,204,336
2023-07-10,Monday,7,Pizza,Lunch,350,111,305
2023-07-10,Monday,7,Pizza,Dinner,350,144,427
2023-07-10,Monday,7,Burger,Lunch,200,114,322
2023-07-10,Monday,7,Burger,Dinner,200,124,283
2023-07-10,Monday,7,Pasta,Lunch,300,99,271
2023-07-10,Monday,7,Pasta,Dinner,300,106,349
2023-07-10,Monday,7,Sandwich,Lunch,180,87,318
2023-07-10,Monday,7,Sandwich,Dinner,180,87,202
2023-07-10,Monday,7,Salad,Lunch,150,31,234
2023-07-10,Monday,7,Salad,Dinner,150,57,236
2023-07-10,Monday,7,Biryani,Lunch,250,136,225
2023-07-10,Monday,7,Biryani,Dinner,250,159,474
2023-07-10,Monday,7,Fried Rice,Lunch,220,94,358
2023-07-10,Monday,7,Fried Rice,Dinner,220,88,270
2023-07-10,Monday,7,Noodles,Lunch,210,95,210
2023-07-10,Monday,7,Noodles,Dinner,210,108,305
2023-07-10,Monday,7,Ice Cream,Lunch,120,59,439
2023-07-10,Monday,7,Ice Cream,Dinner,120,86,381
2023-07-10,Monday,7,Coffee,Lunch,100,94,242
2023-07-10,Monday,7,Coffee,Dinner,100,152,448
2023-07-11,Tuesday,7,Pizza,Lunch,350,130,405
2023-07-11,Tuesday,7,Pizza,Dinner,350,156,260
2023-07-11,Tuesday,7,Burger,Lunch,200,109,405
2023-07-11,Tuesday,7,Burger,Dinner,200,101,464
2023-07-11,Tuesday,7,Pasta,Lunch,300,64,286
2023-07-11,Tuesday,7,Pasta,Dinner,300,97,351
2023-07-11,Tuesday,7,Sandwich,Lunch,180,71,293
2023-07-11,Tuesday,7,Sandwich,Dinner,180,100,408
2023-07-11,Tuesday,7,Salad,Lunch,150,64,427
2023-07-11,Tuesday,7,Salad,Dinner,150,42,341
2023-07-11,Tuesday,7,Biryani,Lunch,250,128,314
2023-07-11,Tuesday,7,Biryani,Dinner,250,162,445
2023-07-11,Tuesday,7,Fried Rice,Lunch,220,87,231
2023-07-11,Tuesday,7,Fried Rice,Dinner,220,118,248
2023-07-11,Tuesday,7,Noodles,Lunch,210,70,265
2023-07-11,Tuesday,7,Noodles,Dinner,210,95,286
2023-07-11,Tuesday,7,Ice Cream,Lunch,120,52,257
2023-07-11,Tuesday,7,Ice Cream,Dinner,120,65,387
2023-07-11,Tuesday,7,Coffee,Lunch,100,114,335
2023-07-11,Tuesday,7,Coffee,Dinner,100,120,232
2023-07-12,Wednesday,7,Pizza,Lunch,350,115,390
2023-07-12,Wednesday,7,Pizza,Dinner,350,139,292
2023-07-12,Wednesday,7,Burger,Lunch,200,108,260
2023-07-12,Wednesday,7,Burger,Dinner,200,131,492
2023-07-12,Wednesday,7,Pasta,Lunch,300,84,437
2023-07-12,Wednesday,7,Pasta,Dinner,300,83,245
2023-07-12,Wednesday,7,Sandwich,Lunch,180,63,393
2023-07-12,Wednesday,7,Sandwich,Dinner,180,92,278
2023-07-12,Wednesday,7,Salad,Lunch,150,30,309
2023-07-12,Wednesday,7,Salad,Dinner,150,69,496
2023-07-12,Wednesday,7,Biryani,Lunch,250,133,275
2023-07-12,Wednesday,7,Biryani,Dinner,250,164,285
2023-07-12,Wednesday,7,Fried Rice,Lunch,220,85,225
2023-07-12,Wednesday,7,Fried Rice,Dinner,220,122,359
2023-07-12,Wednesday,7,Noodles,Lunch,210,102,415
2023-07-12,Wednesday,7,Noodles,Dinner,210,102,364
2023-07-12,Wednesday,7,Ice Cream,Lunch,120,40,368
2023-07-12,Wednesday,7,Ice Cream,Dinner,120,64,453
2023-07-12,Wednesday,7,Coffee,Lunch,100,129,313
2023-07-12,Wednesday,7,Coffee,Dinner,100,136,343
2023-07-13,Thursday,7,Pizza,Lunch,350,124,259
2023-07-13,Thursday,7,Pizza,Dinner,350,143,418
2023-07-13,Thursday,7,Burger,Lunch,200,96,241
2023-07-13,Thursday,7,Burger,Dinner,200,132,420
2023-07-13,Thursday,7,Pasta,Lunch,300,81,433
2023-07-13,Thursday,7,Pasta,Dinner,300,100,409
2023-07-13,Thursday,7,Sandwich,Lunch,180,85,232
2023-07-13,Thursday,7,Sandwich,Dinner,180,101,267
2023-07-13,Thursday,7,Salad,Lunch,150,48,293
2023-07-13,Thursday,7,Salad,Dinner,150,75,449
2023-07-13,Thursday,7,Biryani,Lunch,250,122,334
2023-07-13,Thursday,7,Biryani,Dinner,250,175,365
2023-07-13,Thursday,7,Fried Rice,Lunch,220,82,372
2023-07-13,Thursday,7,Fried Rice,Dinner,220,127,325
2023-07-13,Thursday,7,Noodles,Lunch,210,99,439
2023-07-13,Thursday,7,Noodles,Dinner,210,117,203
2023-07-13,Thursday,7,Ice Cream,Lunch,120,53,340
2023-07-13,Thursday,7,Ice Cream,Dinner,120,80,386
2023-07-13,Thursday,7,Coffee,Lunch,100,109,488
2023-07-13,Thursday,7,Coffee,Dinner,100,150,248
2023-07-14,Friday,7,Pizza,Lunch,350,134,308
2023-07-14,Friday,7,Pizza,Dinner,350,162,470
2023-07-14,Friday,7,Burger,Lunch,200,109,302
2023-07-14,Friday,7,Burger,Dinner,200,100,236
2023-07-14,Friday,7,Pasta,Lunch,300,88,256
2023-07-14,Friday,7,Pasta,Dinner,300,88,303
2023-07-14,Friday,7,Sandwich,Lunch,180,53,496
2023-07-14,Friday,7,Sandwich,Dinner,180,99,388
2023-07-14,Friday,7,Salad,Lunch,150,56,457
2023-07-14,Friday,7,Salad,Dinner,150,73,258
2023-07-14,Friday,7,Biryani,Lunch,250,142,260
2023-07-14,Friday,7,Biryani,Dinner,250,154,441
2023-07-14,Friday,7,Fried Rice,Lunch,220,81,223
2023-07-14,Friday,7,Fried Rice,Dinner,220,120,461
2023-07-14,Friday,7,Noodles,Lunch,210,83,450
2023-07-14,Friday,7,Noodles,Dinner,210,100,310
2023-07-14,Friday,7,Ice Cream,Lunch,120,60,436
2023-07-14,Friday,7,Ice Cream,Dinner,120,77,485
2023-07-14,Friday,7,Coffee,Lunch,100,102,304
2023-07-14,Friday,7,Coffee,Dinner,100,122,399
2023-07-15,Saturday,7,Pizza,Lunch,350,179,222
2023-07-15,Saturday,7,Pizza,Dinner,350,208,346
2023-07-15,Saturday,7,Burger,Lunch,200,124,266
2023-07-15,Saturday,7,Burger,Dinner,200,161,343
2023-07-15,Saturday,7,Pasta,Lunch,300,108,353
2023-07-15,Saturday,7,Pasta,Dinner,300,123,265
2023-07-15,Saturday,7,Sandwich,Lunch,180,95,345
2023-07-15,Saturday,7,Sandwich,Dinner,180,132,448
2023-07-15,Saturday,7,Salad,Lunch,150,72,351
2023-07-15,Saturday,7,Salad,Dinner,150,70,352
2023-07-15,Saturday,7,Biryani,Lunch,250,163,348
2023-07-15,Saturday,7,Biryani,Dinner,250,201,344
2023-07-15,Saturday,7,Fried Rice,Lunch,220,118,324
2023-07-15,Saturday,7,Fried Rice,Dinner,220,148,253
2023-07-15,Saturday,7,Noodles,Lunch,210,105,471
2023-07-15,Saturday,7,Noodles,Dinner,210,161,265
2023-07-15,Saturday,7,Ice Cream,Lunch,120,100,315
2023-07-15,Saturday,7,Ice Cream,Dinner,120,103,215
2023-07-15,Saturday,7,Coffee,Lunch,100,155,471
2023-07-15,Saturday,7,Coffee,Dinner,100,171,389
2023-07-16,Sunday,7,Pizza,Lunch,350,148,350
2023-07-16,Sunday,7,Pizza,Dinner,350,190,234
2023-07-16,Sunday,7,Burger,Lunch,200,133,491
2023-07-16,Sunday,7,Burger,Dinner,200,183,461
2023-07-16,Sunday,7,Pasta,Lunch,300,109,433
2023-07-16,Sunday,7,Pasta,Dinner,300,131,311
2023-07-16,Sunday,7,Sandwich,Lunch,180,89,416
2023-07-16,Sunday,7,Sandwich,Dinner,180,116,307
2023-07-16,Sunday,7,Salad,Lunch,150,77,203
2023-07-16,Sunday,7,Salad,Dinner,150,92,452
2023-07-16,Sunday,7,Biryani,Lunch,250,184,298
2023-07-16,Sunday,7,Biryani,Dinner,250,227,366
2023-07-16,Sunday,7,Fried Rice,Lunch,220,130,382
2023-07-16,Sunday,7,Fried Rice,Dinner,220,131,262
2023-07-16,Sunday,7,Noodles,Lunch,210,136,274
2023-07-16,Sunday,7,Noodles,Dinner,210,162,312
2023-07-16,Sunday,7,Ice Cream,Lunch,120,94,423
2023-07-16,Sunday,7,Ice Cream,Dinner,120,96,315
2023-07-16,Sunday,7,Coffee,Lunch,100,142,472
2023-07-16,Sunday,7,Coffee,Dinner,100,180,370
2023-07-17,Monday,7,Pizza,Lunch,350,129,460
2023-07-17,Monday,7,Pizza,Dinner,350,162,347
2023-07-17,Monday,7,Burger,Lunch,200,102,254
2023-07-17,Monday,7,Burger,Dinner,200,109,328
2023-07-17,Monday,7,Pasta,Lunch,300,86,420
2023-07-17,Monday,7,Pasta,Dinner,300,78,492
2023-07-17,Monday,7,Sandwich,Lunch,180,54,322
2023-07-17,Monday,7,Sandwich,Dinner,180,89,423
2023-07-17,Monday,7,Salad,Lunch,150,66,498
2023-07-17,Monday,7,Salad,Dinner,150,77,374
2023-07-17,Monday,7,Biryani,Lunch,250,114,333
2023-07-17,Monday,7,Biryani,Dinner,250,136,486
2023-07-17,Monday,7,Fried Rice,Lunch,220,110,357
2023-07-17,Monday,7,Fried Rice,Dinner,220,119,306
2023-07-17,Monday,7,Noodles,Lunch,210,102,243
2023-07-17,Monday,7,Noodles,Dinner,210,111,466
2023-07-17,Monday,7,Ice Cream,Lunch,120,41,281
2023-07-17,Monday,7,Ice Cream,Dinner,120,91,393
2023-07-17,Monday,7,Coffee,Lunch,100,99,208
2023-07-17,Monday,7,Coffee,Dinner,100,123,413
2023-07-18,Tuesday,7,Pizza,Lunch,350,123,408
2023-07-18,Tuesday,7,Pizza,Dinner,350,145,411
2023-07-18,Tuesday,7,Burger,Lunch,200,86,486
2023-07-18,Tuesday,7,Burger,Dinner,200,110,249
2023-07-18,Tuesday,7,Pasta,Lunch,300,69,288
2023-07-18,Tuesday,7,Pasta,Dinner,300,76,283
2023-07-18,Tuesday,7,Sandwich,Lunch,180,90,251
2023-07-18,Tuesday,7,Sandwich,Dinner,180,65,306
2023-07-18,Tuesday,7,Salad,Lunch,150,33,387
2023-07-18,Tuesday,7,Salad,Dinner,150,59,473
2023-07-18,Tuesday,7,Biryani,Lunch,250,134,376
2023-07-18,Tuesday,7,Biryani,Dinner,250,160,362
2023-07-18,Tuesday,7,Fried Rice,Lunch,220,87,419
2023-07-18,Tuesday,7,Fried Rice,Dinner,220,124,251
2023-07-18,Tuesday,7,Noodles,Lunch,210,100,338
2023-07-18,Tuesday,7,Noodles,Dinner,210,122,344
2023-07-18,Tuesday,7,Ice Cream,Lunch,120,78,344
2023-07-18,Tuesday,7,Ice Cream,Dinner,120,54,362
2023-07-18,Tuesday,7,Coffee,Lunch,100,110,223
2023-07-18,Tuesday,7,Coffee,Dinner,100,132,426
2023-07-19,Wednesday,7,Pizza,Lunch,350,120,230
2023-07-19,Wednesday,7,Pizza,Dinner,350,145,363
2023-07-19,Wednesday,7,Burger,Lunch,200,107,349
2023-07-19,Wednesday,7,Burger,Dinner,200,117,486
2023-07-19,Wednesday,7,Pasta,Lunch,300,64,454
2023-07-19,Wednesday,7,Pasta,Dinner,300,104,316
2023-07-19,Wednesday,7,Sandwich,Lunch,180,56,252
2023-07-19,Wednesday,7,Sandwich,Dinner,180,92,451
2023-07-19,Wednesday,7,Salad,Lunch,150,59,480
2023-07-19,Wednesday,7,Salad,Dinner,150,62,238
2023-07-19,Wednesday,7,Biryani,Lunch,250,118,423
2023-07-19,Wednesday,7,Biryani,Dinner,250,143,408
2023-07-19,Wednesday,7,Fried Rice,Lunch,220,88,217
2023-07-19,Wednesday,7,Fried Rice,Dinner,220,118,348
2023-07-19,Wednesday,7,Noodles,Lunch,210,80,324
2023-07-19,Wednesday,7,Noodles,Dinner,210,120,378
2023-07-19,Wednesday,7,Ice Cream,Lunch,120,63,398
2023-07-19,Wednesday,7,Ice Cream,Dinner,120,83,399
2023-07-19,Wednesday,7,Coffee,Lunch,100,106,243
2023-07-19,Wednesday,7,Coffee,Dinner,100,119,491
2023-07-20,Thursday,7,Pizza,Lunch,350,125,293
2023-07-20,Thursday,7,Pizza,Dinner,350,148,413
2023-07-20,Thursday,7,Burger,Lunch,200,114,344
2023-07-20,Thursday,7,Burger,Dinner,200,123,280
2023-07-20,Thursday,7,Pasta,Lunch,300,97,208
2023-07-20,Thursday,7,Pasta,Dinner,300,113,371
2023-07-20,Thursday,7,Sandwich,Lunch,180,67,459
2023-07-20,Thursday,7,Sandwich,Dinner,180,101,469
2023-07-20,Thursday,7,Salad,Lunch,150,67,355
2023-07-20,Thursday,7,Salad,Dinner,150,74,475
2023-07-20,Thursday,7,Biryani,Lunch,250,123,210
2023-07-20,Thursday,7,Biryani,Dinner,250,151,426
2023-07-20,Thursday,7,Fried Rice,Lunch,220,75,391
2023-07-20,Thursday,7,Fried Rice,Dinner,220,127,234
2023-07-20,Thursday,7,Noodles,Lunch,210,80,297
2023-07-20,Thursday,7,Noodles,Dinner,210,106,429
2023-07-20,Thursday,7,Ice Cream,Lunch,120,72,398
2023-07-20,Thursday,7,Ice Cream,Dinner,120,88,457
2023-07-20,Thursday,7,Coffee,Lunch,100,100,353
2023-07-20,Thursday,7,Coffee,Dinner,100,150,343
2023-07-21,Friday,7,Pizza,Lunch,350,117,270
2023-07-21,Friday,7,Pizza,Dinner,350,129,326
2023-07-21,Friday,7,Burger,Lunch,200,110,222
2023-07-21,Friday,7,Burger,Dinner,200,139,355
2023-07-21,Friday,7,Pasta,Lunch,300,93,255
2023-07-21,Friday,7,Pasta,Dinner,300,86,459
2023-07-21,Friday,7,Sandwich,Lunch,180,82,336
2023-07-21,Friday,7,Sandwich,Dinner,180,76,379
2023-07-21,Friday,7,Salad,Lunch,150,46,254
2023-07-21,Friday,7,Salad,Dinner,150,59,345
2023-07-21,Friday,7,Biryani,Lunch,250,127,331
2023-07-21,Friday,7,Biryani,Dinner,250,146,307
2023-07-21,Friday,7,Fried Rice,Lunch,220,102,295
2023-07-21,Friday,7,Fried Rice,Dinner,220,109,253
2023-07-21,Friday,7,Noodles,Lunch,210,90,332
2023-07-21,Friday,7,Noodles,Dinner,210,93,217
2023-07-21,Friday,7,Ice Cream,Lunch,120,60,444
2023-07-21,Friday,7,Ice Cream,Dinner,120,54,337
2023-07-21,Friday,7,Coffee,Lunch,100,114,498
2023-07-21,Friday,7,Coffee,Dinner,100,132,280
2023-07-22,Saturday,7,Pizza,Lunch,350,174,281
2023-07-22,Saturday,7,Pizza,Dinner,350,214,315
2023-07-22,Saturday,7,Burger,Lunch,200,128,351
2023-07-22,Saturday,7,Burger,Dinner,200,169,426
2023-07-22,Saturday,7,Pasta,Lunch,300,112,469
2023-07-22,Saturday,7,Pasta,Dinner,300,123,375
2023-07-22,Saturday,7,Sandwich,Lunch,180,78,475
2023-07-22,Saturday,7,Sandwich,Dinner,180,116,303
2023-07-22,Saturday,7,Salad,Lunch,150,58,380
2023-07-22,Saturday,7,Salad,Dinner,150,79,464
2023-07-22,Saturday,7,Biryani,Lunch,250,185,225
2023-07-22,Saturday,7,Biryani,Dinner,250,202,200
2023-07-22,Saturday,7,Fried Rice,Lunch,220,142,234
2023-07-22,Saturday,7,Fried Rice,Dinner,220,144,418
2023-07-22,Saturday,7,Noodles,Lunch,210,118,273
2023-07-22,Saturday,7,Noodles,Dinner,210,147,322
2023-07-22,Saturday,7,Ice Cream,Lunch,120,81,359
2023-07-22,Saturday,7,Ice Cream,Dinner,120,119,346
2023-07-22,Saturday,7,Coffee,Lunch,100,167,362
2023-07-22,Saturday,7,Coffee,Dinner,100,202,364
2023-07-23,Sunday,7,Pizza,Lunch,350,149,353
2023-07-23,Sunday,7,Pizza,Dinner,350,221,349
2023-07-23,Sunday,7,Burger,Lunch,200,150,410
2023-07-23,Sunday,7,Burger,Dinner,200,148,466
2023-07-23,Sunday,7,Pasta,Lunch,300,126,315
2023-07-23,Sunday,7,Pasta,Dinner,300,118,366
2023-07-23,Sunday,7,Sandwich,Lunch,180,117,456
2023-07-23,Sunday,7,Sandwich,Dinner,180,119,234
2023-07-23,Sunday,7,Salad,Lunch,150,64,233
2023-07-23,Sunday,7,Salad,Dinner,150,90,365
2023-07-23,Sunday,7,Biryani,Lunch,250,184,394
2023-07-23,Sunday,7,Biryani,Dinner,250,235,234
2023-07-23,Sunday,7,Fried Rice,Lunch,220,138,467
2023-07-23,Sunday,7,Fried Rice,Dinner,220,166,488
2023-07-23,Sunday,7,Noodles,Lunch,210,114,481
2023-07-23,Sunday,7,Noodles,Dinner,210,150,343
2023-07-23,Sunday,7,Ice Cream,Lunch,120,64,350
2023-07-23,Sunday,7,Ice Cream,Dinner,120,83,331
2023-07-23,Sunday,7,Coffee,Lunch,100,155,286
2023-07-23,Sunday,7,Coffee,Dinner,100,169,316
2023-07-24,Monday,7,Pizza,Lunch,350,137,342
2023-07-24,Monday,7,Pizza,Dinner,350,128,275
2023-07-24,Monday,7,Burger,Lunch,200,104,376
2023-07-24,Monday,7,Burger,Dinner,200,128,242
2023-07-24,Monday,7,Pasta,Lunch,300,99,377
2023-07-24,Monday,7,Pasta,Dinner,300,106,356
2023-07-24,Monday,7,Sandwich,Lunch,180,73,465
2023-07-24,Monday,7,Sandwich,Dinner,180,79,252
2023-07-24,Monday,7,Salad,Lunch,150,60,300
2023-07-24,Monday,7,Salad,Dinner,150,48,323
2023-07-24,Monday,7,Biryani,Lunch,250,133,500
2023-07-24,Monday,7,Biryani,Dinner,250,136,451
2023-07-24,Monday,7,Fried Rice,Lunch,220,104,450
2023-07-24,Monday,7,Fried Rice,Dinner,220,91,267
2023-07-24,Monday,7,Noodles,Lunch,210,89,217
2023-07-24,Monday,7,Noodles,Dinner,210,122,404
2023-07-24,Monday,7,Ice Cream,Lunch,120,48,216
2023-07-24,Monday,7,Ice Cream,Dinner,120,65,473
2023-07-24,Monday,7,Coffee,Lunch,100,96,481
2023-07-24,Monday,7,Coffee,Dinner,100,145,311
2023-07-25,Tuesday,7,Pizza,Lunch,350,126,471
2023-07-25,Tuesday,7,Pizza,Dinner,350,151,201
2023-07-25,Tuesday,7,Burger,Lunch,200,89,260
2023-07-25,Tuesday,7,Burger,Dinner,200,139,211
2023-07-25,Tuesday,7,Pasta,Lunch,300,88,435
2023-07-25,Tuesday,7,Pasta,Dinner,300,80,313
2023-07-25,Tuesday,7,Sandwich,Lunch,180,78,301
2023-07-25,Tuesday,7,Sandwich,Dinner,180,65,326
2023-07-25,Tuesday,7,Salad,Lunch,150,44,440
2023-07-25,Tuesday,7,Salad,Dinner,150,54,478
2023-07-25,Tuesday,7,Biryani,Lunch,250,149,286
2023-07-25,Tuesday,7,Biryani,Dinner,250,138,467
2023-07-25,Tuesday,7,Fried Rice,Lunch,220,91,496
2023-07-25,Tuesday,7,Fried Rice,Dinner,220,110,430
2023-07-25,Tuesday,7,Noodles,Lunch,210,98,478
2023-07-25,Tuesday,7,Noodles,Dinner,210,99,483
2023-07-25,Tuesday,7,Ice Cream,Lunch,120,76,292
2023-07-25,Tuesday,7,Ice Cream,Dinner,120,58,233
2023-07-25,Tuesday,7,Coffee,Lunch,100,104,225
2023-07-25,Tuesday,7,Coffee,Dinner,100,144,322
2023-07-26,Wednesday,7,Pizza,Lunch,350,122,250
2023-07-26,Wednesday,7,Pizza,Dinner,350,126,404
2023-07-26,Wednesday,7,Burger,Lunch,200,84,354
2023-07-26,Wednesday,7,Burger,Dinner,200,131,344
2023-07-26,Wednesday,7,Pasta,Lunch,300,67,378
2023-07-26,Wednesday,7,Pasta,Dinner,300,97,301
2023-07-26,Wednesday,7,Sandwich,Lunch,180,69,246
2023-07-26,Wednesday,7,Sandwich,Dinner,180,88,248
2023-07-26,Wednesday,7,Salad,Lunch,150,62,388
2023-07-26,Wednesday,7,Salad,Dinner,150,68,436
2023-07-26,Wednesday,7,Biryani,Lunch,250,129,400
2023-07-26,Wednesday,7,Biryani,Dinner,250,143,249
2023-07-26,Wednesday,7,Fried Rice,Lunch,220,71,263
2023-07-26,Wednesday,7,Fried Rice,Dinner,220,128,225
2023-07-26,Wednesday,7,Noodles,Lunch,210,87,451
2023-07-26,Wednesday,7,Noodles,Dinner,210,87,286
2023-07-26,Wednesday,7,Ice Cream,Lunch,120,61,310
2023-07-26,Wednesday,7,Ice Cream,Dinner,120,65,312
2023-07-26,Wednesday,7,Coffee,Lunch,100,128,297
2023-07-26,Wednesday,7,Coffee,Dinner,100,112,437
2023-07-27,Thursday,7,Pizza,Lunch,350,103,392
2023-07-27,Thursday,7,Pizza,Dinner,350,153,376
2023-07-27,Thursday,7,Burger,Lunch,200,119,353
2023-07-27,Thursday,7,Burger,Dinner,200,127,298
2023-07-27,Thursday,7,Pasta,Lunch,300,75,320
2023-07-27,Thursday,7,Pasta,Dinner,300,99,368
2023-07-27,Thursday,7,Sandwich,Lunch,180,61,400
2023-07-27,Thursday,7,Sandwich,Dinner,180,88,225
2023-07-27,Thursday,7,Salad,Lunch,150,40,380
2023-07-27,Thursday,7,Salad,Dinner,150,43,295
2023-07-27,Thursday,7,Biryani,Lunch,250,115,433
2023-07-27,Thursday,7,Biryani,Dinner,250,165,282
2023-07-27,Thursday,7,Fried Rice,Lunch,220,82,365
2023-07-27,Thursday,7,Fried Rice,Dinner,220,93,332
2023-07-27,Thursday,7,Noodles,Lunch,210,102,469
2023-07-27,Thursday,7,Noodles,Dinner,210,82,235
2023-07-27,Thursday,7,Ice Cream,Lunch,120,61,279
2023-07-27,Thursday,7,Ice Cream,Dinner,120,92,436
2023-07-27,Thursday,7,Coffee,Lunch,100,90,435
2023-07-27,Thursday,7,Coffee,Dinner,100,147,375
2023-07-28,Friday,7,Pizza,Lunch,350,119,389
2023-07-28,Friday,7,Pizza,Dinner,350,157,248
2023-07-28,Friday,7,Burger,Lunch,200,81,291
2023-07-28,Friday,7,Burger,Dinner,200,110,352
2023-07-28,Friday,7,Pasta,Lunch,300,71,346
2023-07-28,Friday,7,Pasta,Dinner,300,100,245
2023-07-28,Friday,7,Sandwich,Lunch,180,64,349
2023-07-28,Friday,7,Sandwich,Dinner,180,79,496
2023-07-28,Friday,7,Salad,Lunch,150,45,482
2023-07-28,Friday,7,Salad,Dinner,150,41,421
2023-07-28,Friday,7,Biryani,Lunch,250,112,228
2023-07-28,Friday,7,Biryani,Dinner,250,144,490
2023-07-28,Friday,7,Fried Rice,Lunch,220,100,303
2023-07-28,Friday,7,Fried Rice,Dinner,220,103,410
2023-07-28,Friday,7,Noodles,Lunch,210,98,500
2023-07-28,Friday,7,Noodles,Dinner,210,91,247
2023-07-28,Friday,7,Ice Cream,Lunch,120,59,370
2023-07-28,Friday,7,Ice Cream,Dinner,120,55,216
2023-07-28,Friday,7,Coffee,Lunch,100,117,325
2023-07-28,Friday,7,Coffee,Dinner,100,152,360
2023-07-29,Saturday,7,Pizza,Lunch,350,180,419
2023-07-29,Saturday,7,Pizza,Dinner,350,219,301
2023-07-29,Saturday,7,Burger,Lunch,200,128,472
2023-07-29,Saturday,7,Burger,Dinner,200,173,240
2023-07-29,Saturday,7,Pasta,Lunch,300,94,445
2023-07-29,Saturday,7,Pasta,Dinner,300,148,381
2023-07-29,Saturday,7,Sandwich,Lunch,180,89,495
2023-07-29,Saturday,7,Sandwich,Dinner,180,122,267
2023-07-29,Saturday,7,Salad,Lunch,150,59,427
2023-07-29,Saturday,7,Salad,Dinner,150,97,398
2023-07-29,Saturday,7,Biryani,Lunch,250,177,204
2023-07-29,Saturday,7,Biryani,Dinner,250,228,422
2023-07-29,Saturday,7,Fried Rice,Lunch,220,144,433
2023-07-29,Saturday,7,Fried Rice,Dinner,220,141,234
2023-07-29,Saturday,7,Noodles,Lunch,210,101,460
2023-07-29,Saturday,7,Noodles,Dinner,210,145,310
2023-07-29,Saturday,7,Ice Cream,Lunch,120,68,465
2023-07-29,Saturday,7,Ice Cream,Dinner,120,117,299
2023-07-29,Saturday,7,Coffee,Lunch,100,144,275
2023-07-29,Saturday,7,Coffee,Dinner,100,202,375
2023-07-30,Sunday,7,Pizza,Lunch,350,175,440
2023-07-30,Sunday,7,Pizza,Dinner,350,213,473
2023-07-30,Sunday,7,Burger,Lunch,200,155,236
2023-07-30,Sunday,7,Burger,Dinner,200,159,281
2023-07-30,Sunday,7,Pasta,Lunch,300,118,278
2023-07-30,Sunday,7,Pasta,Dinner,300,144,230
2023-07-30,Sunday,7,Sandwich,Lunch,180,114,447
2023-07-30,Sunday,7,Sandwich,Dinner,180,136,262
2023-07-30,Sunday,7,Salad,Lunch,150,80,381
2023-07-30,Sunday,7,Salad,Dinner,150,91,369
2023-07-30,Sunday,7,Biryani,Lunch,250,166,255
2023-07-30,Sunday,7,Biryani,Dinner,250,221,444
2023-07-30,Sunday,7,Fried Rice,Lunch,220,139,292
2023-07-30,Sunday,7,Fried Rice,Dinner,220,162,297
2023-07-30,Sunday,7,Noodles,Lunch,210,138,213
2023-07-30,Sunday,7,Noodles,Dinner,210,162,318
2023-07-30,Sunday,7,Ice Cream,Lunch,120,78,439
2023-07-30,Sunday,7,Ice Cream,Dinner,120,101,234
2023-07-30,Sunday,7,Coffee,Lunch,100,146,315
2023-07-30,Sunday,7,Coffee,Dinner,100,183,237
2023-07-31,Monday,7,Pizza,Lunch,350,120,289
2023-07-31,Monday,7,Pizza,Dinner,350,144,304
2023-07-31,Monday,7,Burger,Lunch,200,115,359
2023-07-31,Monday,7,Burger,Dinner,200,115,372
2023-07-31,Monday,7,Pasta,Lunch,300,97,416
2023-07-31,Monday,7,Pasta,Dinner,300,95,433
2023-07-31,Monday,7,Sandwich,Lunch,180,64,377
2023-07-31,Monday,7,Sandwich,Dinner,180,67,240
2023-07-31,Monday,7,Salad,Lunch,150,50,298
2023-07-31,Monday,7,Salad,Dinner,150,49,406
2023-07-31,Monday,7,Biryani,Lunch,250,131,246
2023-07-31,Monday,7,Biryani,Dinner,250,136,265
2023-07-31,Monday,7,Fried Rice,Lunch,220,94,465
2023-07-31,Monday,7,Fried Rice,Dinner,220,126,471
2023-07-31,Monday,7,Noodles,Lunch,210,88,279
2023-07-31,Monday,7,Noodles,Dinner,210,114,330
2023-07-31,Monday,7,Ice Cream,Lunch,120,67,288
2023-07-31,Monday,7,Ice Cream,Dinner,120,86,460
2023-07-31,Monday,7,Coffee,Lunch,100,92,368
2023-07-31,Monday,7,Coffee,Dinner,100,121,440
2023-08-01,Tuesday,8,Pizza,Lunch,350,126,355
2023-08-01,Tuesday,8,Pizza,Dinner,350,141,230
2023-08-01,Tuesday,8,Burger,Lunch,200,96,447
2023-08-01,Tuesday,8,Burger,Dinner,200,138,439
2023-08-01,Tuesday,8,Pasta,Lunch,300,72,358
2023-08-01,Tuesday,8,Pasta,Dinner,300,87,384
2023-08-01,Tuesday,8,Sandwich,Lunch,180,88,386
2023-08-01,Tuesday,8,Sandwich,Dinner,180,64,297
2023-08-01,Tuesday,8,Salad,Lunch,150,43,263
2023-08-01,Tuesday,8,Salad,Dinner,150,40,257
2023-08-01,Tuesday,8,Biryani,Lunch,250,139,463
2023-08-01,Tuesday,8,Biryani,Dinner,250,169,481
2023-08-01,Tuesday,8,Fried Rice,Lunch,220,102,240
2023-08-01,Tuesday,8,Fried Rice,Dinner,220,99,221
2023-08-01,Tuesday,8,Noodles,Lunch,210,99,494
2023-08-01,Tuesday,8,Noodles,Dinner,210,95,430
2023-08-01,Tuesday,8,Ice Cream,Lunch,120,79,279
2023-08-01,Tuesday,8,Ice Cream,Dinner,120,75,238
2023-08-01,Tuesday,8,Coffee,Lunch,100,96,225
2023-08-01,Tuesday,8,Coffee,Dinner,100,136,333
2023-08-02,Wednesday,8,Pizza,Lunch,350,110,263
2023-08-02,Wednesday,8,Pizza,Dinner,350,151,375
2023-08-02,Wednesday,8,Burger,Lunch,200,82,346
2023-08-02,Wednesday,8,Burger,Dinner,200,117,284
2023-08-02,Wednesday,8,Pasta,Lunch,300,66,361
2023-08-02,Wednesday,8,Pasta,Dinner,300,94,299
2023-08-02,Wednesday,8,Sandwich,Lunch,180,69,470
2023-08-02,Wednesday,8,Sandwich,Dinner,180,75,228
2023-08-02,Wednesday,8,Salad,Lunch,150,45,372
2023-08-02,Wednesday,8,Salad,Dinner,150,45,327
2023-08-02,Wednesday,8,Biryani,Lunch,250,138,412
2023-08-02,Wednesday,8,Biryani,Dinner,250,174,237
2023-08-02,Wednesday,8,Fried Rice,Lunch,220,107,345
2023-08-02,Wednesday,8,Fried Rice,Dinner,220,120,448
2023-08-02,Wednesday,8,Noodles,Lunch,210,65,466
2023-08-02,Wednesday,8,Noodles,Dinner,210,82,319
2023-08-02,Wednesday,8,Ice Cream,Lunch,120,46,273
2023-08-02,Wednesday,8,Ice Cream,Dinner,120,85,203
2023-08-02,Wednesday,8,Coffee,Lunch,100,126,200
2023-08-02,Wednesday,8,Coffee,Dinner,100,149,384
2023-08-03,Thursday,8,Pizza,Lunch,350,120,201
2023-08-03,Thursday,8,Pizza,Dinner,350,160,386
2023-08-03,Thursday,8,Burger,Lunch,200,119,353
2023-08-03,Thursday,8,Burger,Dinner,200,106,404
2023-08-03,Thursday,8,Pasta,Lunch,300,80,365
2023-08-03,Thursday,8,Pasta,Dinner,300,88,378
2023-08-03,Thursday,8,Sandwich,Lunch,180,62,255
2023-08-03,Thursday,8,Sandwich,Dinner,180,100,487
2023-08-03,Thursday,8,Salad,Lunch,150,60,410
2023-08-03,Thursday,8,Salad,Dinner,150,58,356
2023-08-03,Thursday,8,Biryani,Lunch,250,120,374
2023-08-03,Thursday,8,Biryani,Dinner,250,154,485
2023-08-03,Thursday,8,Fried Rice,Lunch,220,93,469
2023-08-03,Thursday,8,Fried Rice,Dinner,220,120,266
2023-08-03,Thursday,8,Noodles,Lunch,210,86,219
2023-08-03,Thursday,8,Noodles,Dinner,210,120,266
2023-08-03,Thursday,8,Ice Cream,Lunch,120,50,227
2023-08-03,Thursday,8,Ice Cream,Dinner,120,83,349
2023-08-03,Thursday,8,Coffee,Lunch,100,120,202
2023-08-03,Thursday,8,Coffee,Dinner,100,132,348
2023-08-04,Friday,8,Pizza,Lunch,350,111,280
2023-08-04,Friday,8,Pizza,Dinner,350,154,246
2023-08-04,Friday,8,Burger,Lunch,200,84,216
2023-08-04,Friday,8,Burger,Dinner,200,114,435
2023-08-04,Friday,8,Pasta,Lunch,300,85,491
2023-08-04,Friday,8,Pasta,Dinner,300,114,415
2023-08-04,Friday,8,Sandwich,Lunch,180,68,274
2023-08-04,Friday,8,Sandwich,Dinner,180,69,447
2023-08-04,Friday,8,Salad,Lunch,150,63,232
2023-08-04,Friday,8,Salad,Dinner,150,70,265
2023-08-04,Friday,8,Biryani,Lunch,250,131,244
2023-08-04,Friday,8,Biryani,Dinner,250,176,337
2023-08-04,Friday,8,Fried Rice,Lunch,220,102,323
2023-08-04,Friday,8,Fried Rice,Dinner,220,121,249
2023-08-04,Friday,8,Noodles,Lunch,210,79,461
2023-08-04,Friday,8,Noodles,Dinner,210,90,446
2023-08-04,Friday,8,Ice Cream,Lunch,120,57,396
2023-08-04,Friday,8,Ice Cream,Dinner,120,89,207
2023-08-04,Friday,8,Coffee,Lunch,100,94,415
2023-08-04,Friday,8,Coffee,Dinner,100,135,455
2023-08-05,Saturday,8,Pizza,Lunch,350,163,355
2023-08-05,Saturday,8,Pizza,Dinner,350,221,201
2023-08-05,Saturday,8,Burger,Lunch,200,154,440
2023-08-05,Saturday,8,Burger,Dinner,200,161,303
2023-08-05,Saturday,8,Pasta,Lunch,300,130,370
2023-08-05,Saturday,8,Pasta,Dinner,300,133,395
2023-08-05,Saturday,8,Sandwich,Lunch,180,115,307
2023-08-05,Saturday,8,Sandwich,Dinner,180,99,493
2023-08-05,Saturday,8,Salad,Lunch,150,90,452
2023-08-05,Saturday,8,Salad,Dinner,150,82,228
2023-08-05,Saturday,8,Biryani,Lunch,250,186,239
2023-08-05,Saturday,8,Biryani,Dinner,250,205,331
2023-08-05,Saturday,8,Fried Rice,Lunch,220,114,412
2023-08-05,Saturday,8,Fried Rice,Dinner,220,150,423
2023-08-05,Saturday,8,Noodles,Lunch,210,107,455
2023-08-05,Saturday,8,Noodles,Dinner,210,132,454
2023-08-05,Saturday,8,Ice Cream,Lunch,120,81,342
2023-08-05,Saturday,8,Ice Cream,Dinner,120,87,496
2023-08-05,Saturday,8,Coffee,Lunch,100,150,341
2023-08-05,Saturday,8,Coffee,Dinner,100,187,419
2023-08-06,Sunday,8,Pizza,Lunch,350,163,483
2023-08-06,Sunday,8,Pizza,Dinner,350,211,370
2023-08-06,Sunday,8,Burger,Lunch,200,159,223
2023-08-06,Sunday,8,Burger,Dinner,200,180,348
2023-08-06,Sunday,8,Pasta,Lunch,300,120,442
2023-08-06,Sunday,8,Pasta,Dinner,300,146,476
2023-08-06,Sunday,8,Sandwich,Lunch,180,82,341
2023-08-06,Sunday,8,Sandwich,Dinner,180,114,264
2023-08-06,Sunday,8,Salad,Lunch,150,81,433
2023-08-06,Sunday,8,Salad,Dinner,150,78,205
2023-08-06,Sunday,8,Biryani,Lunch,250,182,362
2023-08-06,Sunday,8,Biryani,Dinner,250,231,204
2023-08-06,Sunday,8,Fried Rice,Lunch,220,145,361
2023-08-06,Sunday,8,Fried Rice,Dinner,220,145,478
2023-08-06,Sunday,8,Noodles,Lunch,210,135,367
2023-08-06,Sunday,8,Noodles,Dinner,210,158,343
2023-08-06,Sunday,8,Ice Cream,Lunch,120,99,348
2023-08-06,Sunday,8,Ice Cream,Dinner,120,85,275
2023-08-06,Sunday,8,Coffee,Lunch,100,163,216
2023-08-06,Sunday,8,Coffee,Dinner,100,170,465
2023-08-07,Monday,8,Pizza,Lunch,350,119,425
2023-08-07,Monday,8,Pizza,Dinner,350,127,319
2023-08-07,Monday,8,Burger,Lunch,200,101,365
2023-08-07,Monday,8,Burger,Dinner,200,102,444
2023-08-07,Monday,8,Pasta,Lunch,300,91,467
2023-08-07,Monday,8,Pasta,Dinner,300,102,255
2023-08-07,Monday,8,Sandwich,Lunch,180,56,424
2023-08-07,Monday,8,Sandwich,Dinner,180,75,215
2023-08-07,Monday,8,Salad,Lunch,150,65,411
2023-08-07,Monday,8,Salad,Dinner,150,66,361
2023-08-07,Monday,8,Biryani,Lunch,250,144,493
2023-08-07,Monday,8,Biryani,Dinner,250,165,455
2023-08-07,Monday,8,Fried Rice,Lunch,220,73,408
2023-08-07,Monday,8,Fried Rice,Dinner,220,95,219
2023-08-07,Monday,8,Noodles,Lunch,210,81,387
2023-08-07,Monday,8,Noodles,Dinner,210,119,299
2023-08-07,Monday,8,Ice Cream,Lunch,120,45,492
2023-08-07,Monday,8,Ice Cream,Dinner,120,85,349
2023-08-07,Monday,8,Coffee,Lunch,100,114,346
2023-08-07,Monday,8,Coffee,Dinner,100,121,462
2023-08-08,Tuesday,8,Pizza,Lunch,350,135,491
2023-08-08,Tuesday,8,Pizza,Dinner,350,163,256
2023-08-08,Tuesday,8,Burger,Lunch,200,111,220
2023-08-08,Tuesday,8,Burger,Dinner,200,123,207
2023-08-08,Tuesday,8,Pasta,Lunch,300,96,437
2023-08-08,Tuesday,8,Pasta,Dinner,300,97,330
2023-08-08,Tuesday,8,Sandwich,Lunch,180,90,448
2023-08-08,Tuesday,8,Sandwich,Dinner,180,80,308
2023-08-08,Tuesday,8,Salad,Lunch,150,41,335
2023-08-08,Tuesday,8,Salad,Dinner,150,72,421
2023-08-08,Tuesday,8,Biryani,Lunch,250,122,372
2023-08-08,Tuesday,8,Biryani,Dinner,250,165,415
2023-08-08,Tuesday,8,Fried Rice,Lunch,220,90,204
2023-08-08,Tuesday,8,Fried Rice,Dinner,220,106,225
2023-08-08,Tuesday,8,Noodles,Lunch,210,101,217
2023-08-08,Tuesday,8,Noodles,Dinner,210,105,454
2023-08-08,Tuesday,8,Ice Cream,Lunch,120,75,468
2023-08-08,Tuesday,8,Ice Cream,Dinner,120,83,201
2023-08-08,Tuesday,8,Coffee,Lunch,100,129,400
2023-08-08,Tuesday,8,Coffee,Dinner,100,144,497
2023-08-09,Wednesday,8,Pizza,Lunch,350,101,379
2023-08-09,Wednesday,8,Pizza,Dinner,350,149,358
2023-08-09,Wednesday,8,Burger,Lunch,200,85,443
2023-08-09,Wednesday,8,Burger,Dinner,200,102,475
2023-08-09,Wednesday,8,Pasta,Lunch,300,68,258
2023-08-09,Wednesday,8,Pasta,Dinner,300,110,220
2023-08-09,Wednesday,8,Sandwich,Lunch,180,87,303
2023-08-09,Wednesday,8,Sandwich,Dinner,180,86,312
2023-08-09,Wednesday,8,Salad,Lunch,150,30,248
2023-08-09,Wednesday,8,Salad,Dinner,150,41,462
2023-08-09,Wednesday,8,Biryani,Lunch,250,139,476
2023-08-09,Wednesday,8,Biryani,Dinner,250,156,482
2023-08-09,Wednesday,8,Fried Rice,Lunch,220,102,396
2023-08-09,Wednesday,8,Fried Rice,Dinner,220,118,483
2023-08-09,Wednesday,8,Noodles,Lunch,210,89,483
2023-08-09,Wednesday,8,Noodles,Dinner,210,89,252
2023-08-09,Wednesday,8,Ice Cream,Lunch,120,66,419
2023-08-09,Wednesday,8,Ice Cream,Dinner,120,68,278
2023-08-09,Wednesday,8,Coffee,Lunch,100,111,316
2023-08-09,Wednesday,8,Coffee,Dinner,100,139,208
2023-08-10,Thursday,8,Pizza,Lunch,350,107,206
2023-08-10,Thursday,8,Pizza,Dinner,350,148,480
2023-08-10,Thursday,8,Burger,Lunch,200,104,399
2023-08-10,Thursday,8,Burger,Dinner,200,136,469
2023-08-10,Thursday,8,Pasta,Lunch,300,97,407
2023-08-10,Thursday,8,Pasta,Dinner,300,92,325
2023-08-10,Thursday,8,Sandwich,Lunch,180,77,221
2023-08-10,Thursday,8,Sandwich,Dinner,180,103,404
2023-08-10,Thursday,8,Salad,Lunch,150,65,263
2023-08-10,Thursday,8,Salad,Dinner,150,46,470
2023-08-10,Thursday,8,Biryani,Lunch,250,135,219
2023-08-10,Thursday,8,Biryani,Dinner,250,141,212
2023-08-10,Thursday,8,Fried Rice,Lunch,220,80,362
2023-08-10,Thursday,8,Fried Rice,Dinner,220,107,241
2023-08-10,Thursday,8,Noodles,Lunch,210,105,324
2023-08-10,Thursday,8,Noodles,Dinner,210,118,444
2023-08-10,Thursday,8,Ice Cream,Lunch,120,75,432
2023-08-10,Thursday,8,Ice Cream,Dinner,120,54,395
2023-08-10,Thursday,8,Coffee,Lunch,100,112,327
2023-08-10,Thursday,8,Coffee,Dinner,100,116,309
2023-08-11,Friday,8,Pizza,Lunch,350,135,487
2023-08-11,Friday,8,Pizza,Dinner,350,160,371
2023-08-11,Friday,8,Burger,Lunch,200,84,490
2023-08-11,Friday,8,Burger,Dinner,200,118,334
2023-08-11,Friday,8,Pasta,Lunch,300,89,204
2023-08-11,Friday,8,Pasta,Dinner,300,113,450
2023-08-11,Friday,8,Sandwich,Lunch,180,84,245
2023-08-11,Friday,8,Sandwich,Dinner,180,101,412
2023-08-11,Friday,8,Salad,Lunch,150,66,416
2023-08-11,Friday,8,Salad,Dinner,150,41,481
2023-08-11,Friday,8,Biryani,Lunch,250,117,233
2023-08-11,Friday,8,Biryani,Dinner,250,157,490
2023-08-11,Friday,8,Fried Rice,Lunch,220,92,382
2023-08-11,Friday,8,Fried Rice,Dinner,220,94,418
2023-08-11,Friday,8,Noodles,Lunch,210,66,321
2023-08-11,Friday,8,Noodles,Dinner,210,96,213
2023-08-11,Friday,8,Ice Cream,Lunch,120,47,451
2023-08-11,Friday,8,Ice Cream,Dinner,120,85,252
2023-08-11,Friday,8,Coffee,Lunch,100,98,365
2023-08-11,Friday,8,Coffee,Dinner,100,127,345
2023-08-12,Saturday,8,Pizza,Lunch,350,148,446
2023-08-12,Saturday,8,Pizza,Dinner,350,182,306
2023-08-12,Saturday,8,Burger,Lunch,200,141,404
2023-08-12,Saturday,8,Burger,Dinner,200,180,294
2023-08-12,Saturday,8,Pasta,Lunch,300,123,266
2023-08-12,Saturday,8,Pasta,Dinner,300,150,210
2023-08-12,Saturday,8,Sandwich,Lunch,180,90,345
2023-08-12,Saturday,8,Sandwich,Dinner,180,122,236
2023-08-12,Saturday,8,Salad,Lunch,150,72,314
2023-08-12,Saturday,8,Salad,Dinner,150,70,371
2023-08-12,Saturday,8,Biryani,Lunch,250,190,400
2023-08-12,Saturday,8,Biryani,Dinner,250,211,264
2023-08-12,Saturday,8,Fried Rice,Lunch,220,129,263
2023-08-12,Saturday,8,Fried Rice,Dinner,220,158,456
2023-08-12,Saturday,8,Noodles,Lunch,210,137,245
2023-08-12,Saturday,8,Noodles,Dinner,210,157,414
2023-08-12,Saturday,8,Ice Cream,Lunch,120,73,407
2023-08-12,Saturday,8,Ice Cream,Dinner,120,91,398
2023-08-12,Saturday,8,Coffee,Lunch,100,152,473
2023-08-12,Saturday,8,Coffee,Dinner,100,168,204
2023-08-13,Sunday,8,Pizza,Lunch,350,170,313
2023-08-13,Sunday,8,Pizza,Dinner,350,185,437
2023-08-13,Sunday,8,Burger,Lunch,200,154,233
2023-08-13,Sunday,8,Burger,Dinner,200,154,301
2023-08-13,Sunday,8,Pasta,Lunch,300,100,413
2023-08-13,Sunday,8,Pasta,Dinner,300,126,456
2023-08-13,Sunday,8,Sandwich,Lunch,180,92,499
2023-08-13,Sunday,8,Sandwich,Dinner,180,126,467
2023-08-13,Sunday,8,Salad,Lunch,150,73,393
2023-08-13,Sunday,8,Salad,Dinner,150,79,336
2023-08-13,Sunday,8,Biryani,Lunch,250,202,405
2023-08-13,Sunday,8,Biryani,Dinner,250,204,470
2023-08-13,Sunday,8,Fried Rice,Lunch,220,116,326
2023-08-13,Sunday,8,Fried Rice,Dinner,220,155,262
2023-08-13,Sunday,8,Noodles,Lunch,210,106,309
2023-08-13,Sunday,8,Noodles,Dinner,210,159,211
2023-08-13,Sunday,8,Ice Cream,Lunch,120,81,335
2023-08-13,Sunday,8,Ice Cream,Dinner,120,97,221
2023-08-13,Sunday,8,Coffee,Lunch,100,136,455
2023-08-13,Sunday,8,Coffee,Dinner,100,191,488
2023-08-14,Monday,8,Pizza,Lunch,350,140,407
2023-08-14,Monday,8,Pizza,Dinner,350,149,323
2023-08-14,Monday,8,Burger,Lunch,200,114,443
2023-08-14,Monday,8,Burger,Dinner,200,116,486
2023-08-14,Monday,8,Pasta,Lunch,300,79,218
2023-08-14,Monday,8,Pasta,Dinner,300,89,311
2023-08-14,Monday,8,Sandwich,Lunch,180,63,361
2023-08-14,Monday,8,Sandwich,Dinner,180,95,261
2023-08-14,Monday,8,Salad,Lunch,150,44,332
2023-08-14,Monday,8,Salad,Dinner,150,47,299
2023-08-14,Monday,8,Biryani,Lunch,250,149,319
2023-08-14,Monday,8,Biryani,Dinner,250,158,218
2023-08-14,Monday,8,Fried Rice,Lunch,220,96,404
2023-08-14,Monday,8,Fried Rice,Dinner,220,115,304
2023-08-14,Monday,8,Noodles,Lunch,210,86,482
2023-08-14,Monday,8,Noodles,Dinner,210,105,489
2023-08-14,Monday,8,Ice Cream,Lunch,120,59,400
2023-08-14,Monday,8,Ice Cream,Dinner,120,62,446
2023-08-14,Monday,8,Coffee,Lunch,100,105,306
2023-08-14,Monday,8,Coffee,Dinner,100,122,267
2023-08-15,Tuesday,8,Pizza,Lunch,350,107,261
2023-08-15,Tuesday,8,Pizza,Dinner,350,164,244
2023-08-15,Tuesday,8,Burger,Lunch,200,118,238
2023-08-15,Tuesday,8,Burger,Dinner,200,101,331
2023-08-15,Tuesday,8,Pasta,Lunch,300,80,253
2023-08-15,Tuesday,8,Pasta,Dinner,300,112,414
2023-08-15,Tuesday,8,Sandwich,Lunch,180,69,205
2023-08-15,Tuesday,8,Sandwich,Dinner,180,92,214
2023-08-15,Tuesday,8,Salad,Lunch,150,33,357
2023-08-15,Tuesday,8,Salad,Dinner,150,71,339
2023-08-15,Tuesday,8,Biryani,Lunch,250,139,233
2023-08-15,Tuesday,8,Biryani,Dinner,250,151,285
2023-08-15,Tuesday,8,Fried Rice,Lunch,220,73,347
2023-08-15,Tuesday,8,Fried Rice,Dinner,220,92,321
2023-08-15,Tuesday,8,Noodles,Lunch,210,101,278
2023-08-15,Tuesday,8,Noodles,Dinner,210,92,340
2023-08-15,Tuesday,8,Ice Cream,Lunch,120,51,482
2023-08-15,Tuesday,8,Ice Cream,Dinner,120,79,306
2023-08-15,Tuesday,8,Coffee,Lunch,100,91,354
2023-08-15,Tuesday,8,Coffee,Dinner,100,150,448
2023-08-16,Wednesday,8,Pizza,Lunch,350,121,325
2023-08-16,Wednesday,8,Pizza,Dinner,350,129,293
2023-08-16,Wednesday,8,Burger,Lunch,200,84,299
2023-08-16,Wednesday,8,Burger,Dinner,200,115,449
2023-08-16,Wednesday,8,Pasta,Lunch,300,74,352
2023-08-16,Wednesday,8,Pasta,Dinner,300,99,283
2023-08-16,Wednesday,8,Sandwich,Lunch,180,84,429
2023-08-16,Wednesday,8,Sandwich,Dinner,180,74,380
2023-08-16,Wednesday,8,Salad,Lunch,150,45,349
2023-08-16,Wednesday,8,Salad,Dinner,150,76,347
2023-08-16,Wednesday,8,Biryani,Lunch,250,123,435
2023-08-16,Wednesday,8,Biryani,Dinner,250,155,295
2023-08-16,Wednesday,8,Fried Rice,Lunch,220,83,225
2023-08-16,Wednesday,8,Fried Rice,Dinner,220,98,329
2023-08-16,Wednesday,8,Noodles,Lunch,210,104,458
2023-08-16,Wednesday,8,Noodles,Dinner,210,88,428
2023-08-16,Wednesday,8,Ice Cream,Lunch,120,62,358
2023-08-16,Wednesday,8,Ice Cream,Dinner,120,56,310
2023-08-16,Wednesday,8,Coffee,Lunch,100,116,445
2023-08-16,Wednesday,8,Coffee,Dinner,100,122,219
2023-08-17,Thursday,8,Pizza,Lunch,350,101,228
2023-08-17,Thursday,8,Pizza,Dinner,350,163,303
2023-08-17,Thursday,8,Burger,Lunch,200,101,236
2023-08-17,Thursday,8,Burger,Dinner,200,126,344
2023-08-17,Thursday,8,Pasta,Lunch,300,77,411
2023-08-17,Thursday,8,Pasta,Dinner,300,98,333
2023-08-17,Thursday,8,Sandwich,Lunch,180,88,301
2023-08-17,Thursday,8,Sandwich,Dinner,180,84,308
2023-08-17,Thursday,8,Salad,Lunch,150,36,484
2023-08-17,Thursday,8,Salad,Dinner,150,40,294
2023-08-17,Thursday,8,Biryani,Lunch,250,145,259
2023-08-17,Thursday,8,Biryani,Dinner,250,147,360
2023-08-17,Thursday,8,Fried Rice,Lunch,220,85,375
2023-08-17,Thursday,8,Fried Rice,Dinner,220,121,272
2023-08-17,Thursday,8,Noodles,Lunch,210,78,282
2023-08-17,Thursday,8,Noodles,Dinner,210,100,260
2023-08-17,Thursday,8,Ice Cream,Lunch,120,61,468
2023-08-17,Thursday,8,Ice Cream,Dinner,120,78,336
2023-08-17,Thursday,8,Coffee,Lunch,100,105,404
2023-08-17,Thursday,8,Coffee,Dinner,100,131,277
2023-08-18,Friday,8,Pizza,Lunch,350,100,240
2023-08-18,Friday,8,Pizza,Dinner,350,127,374
2023-08-18,Friday,8,Burger,Lunch,200,101,433
2023-08-18,Friday,8,Burger,Dinner,200,126,433
2023-08-18,Friday,8,Pasta,Lunch,300,75,420
2023-08-18,Friday,8,Pasta,Dinner,300,88,467
2023-08-18,Friday,8,Sandwich,Lunch,180,76,264
2023-08-18,Friday,8,Sandwich,Dinner,180,69,305
2023-08-18,Friday,8,Salad,Lunch,150,53,303
2023-08-18,Friday,8,Salad,Dinner,150,53,265
2023-08-18,Friday,8,Biryani,Lunch,250,131,312
2023-08-18,Friday,8,Biryani,Dinner,250,167,486
2023-08-18,Friday,8,Fried Rice,Lunch,220,93,395
2023-08-18,Friday,8,Fried Rice,Dinner,220,102,399
2023-08-18,Friday,8,Noodles,Lunch,210,91,260
2023-08-18,Friday,8,Noodles,Dinner,210,98,284
2023-08-18,Friday,8,Ice Cream,Lunch,120,55,375
2023-08-18,Friday,8,Ice Cream,Dinner,120,55,248
2023-08-18,Friday,8,Coffee,Lunch,100,118,482
2023-08-18,Friday,8,Coffee,Dinner,100,118,296
2023-08-19,Saturday,8,Pizza,Lunch,350,185,442
2023-08-19,Saturday,8,Pizza,Dinner,350,184,261
2023-08-19,Saturday,8,Burger,Lunch,200,154,468
2023-08-19,Saturday,8,Burger,Dinner,200,171,448
2023-08-19,Saturday,8,Pasta,Lunch,300,118,252
2023-08-19,Saturday,8,Pasta,Dinner,300,141,398
2023-08-19,Saturday,8,Sandwich,Lunch,180,99,222
2023-08-19,Saturday,8,Sandwich,Dinner,180,118,346
2023-08-19,Saturday,8,Salad,Lunch,150,67,270
2023-08-19,Saturday,8,Salad,Dinner,150,65,345
2023-08-19,Saturday,8,Biryani,Lunch,250,165,382
2023-08-19,Saturday,8,Biryani,Dinner,250,230,367
2023-08-19,Saturday,8,Fried Rice,Lunch,220,144,471
2023-08-19,Saturday,8,Fried Rice,Dinner,220,136,397
2023-08-19,Saturday,8,Noodles,Lunch,210,123,296
2023-08-19,Saturday,8,Noodles,Dinner,210,146,353
2023-08-19,Saturday,8,Ice Cream,Lunch,120,79,488
2023-08-19,Saturday,8,Ice Cream,Dinner,120,99,307
2023-08-19,Saturday,8,Coffee,Lunch,100,165,440
2023-08-19,Saturday,8,Coffee,Dinner,100,180,304
2023-08-20,Sunday,8,Pizza,Lunch,350,159,240
2023-08-20,Sunday,8,Pizza,Dinner,350,208,339
2023-08-20,Sunday,8,Burger,Lunch,200,129,250
2023-08-20,Sunday,8,Burger,Dinner,200,180,362
2023-08-20,Sunday,8,Pasta,Lunch,300,115,489
2023-08-20,Sunday,8,Pasta,Dinner,300,136,393
2023-08-20,Sunday,8,Sandwich,Lunch,180,101,490
2023-08-20,Sunday,8,Sandwich,Dinner,180,124,423
2023-08-20,Sunday,8,Salad,Lunch,150,89,497
2023-08-20,Sunday,8,Salad,Dinner,150,97,326
2023-08-20,Sunday,8,Biryani,Lunch,250,202,360
2023-08-20,Sunday,8,Biryani,Dinner,250,225,397
2023-08-20,Sunday,8,Fried Rice,Lunch,220,105,456
2023-08-20,Sunday,8,Fried Rice,Dinner,220,150,416
2023-08-20,Sunday,8,Noodles,Lunch,210,98,388
2023-08-20,Sunday,8,Noodles,Dinner,210,135,337
2023-08-20,Sunday,8,Ice Cream,Lunch,120,93,404
2023-08-20,Sunday,8,Ice Cream,Dinner,120,95,371
2023-08-20,Sunday,8,Coffee,Lunch,100,145,382
2023-08-20,Sunday,8,Coffee,Dinner,100,196,331
2023-08-21,Monday,8,Pizza,Lunch,350,128,317
2023-08-21,Monday,8,Pizza,Dinner,350,131,370
2023-08-21,Monday,8,Burger,Lunch,200,98,331
2023-08-21,Monday,8,Burger,Dinner,200,101,245
2023-08-21,Monday,8,Pasta,Lunch,300,85,230
2023-08-21,Monday,8,Pasta,Dinner,300,108,467
2023-08-21,Monday,8,Sandwich,Lunch,180,67,424
2023-08-21,Monday,8,Sandwich,Dinner,180,75,366
2023-08-21,Monday,8,Salad,Lunch,150,52,383
2023-08-21,Monday,8,Salad,Dinner,150,55,351
2023-08-21,Monday,8,Biryani,Lunch,250,113,473
2023-08-21,Monday,8,Biryani,Dinner,250,146,208
2023-08-21,Monday,8,Fried Rice,Lunch,220,89,339
2023-08-21,Monday,8,Fried Rice,Dinner,220,119,371
2023-08-21,Monday,8,Noodles,Lunch,210,86,446
2023-08-21,Monday,8,Noodles,Dinner,210,87,441
2023-08-21,Monday,8,Ice Cream,Lunch,120,74,414
2023-08-21,Monday,8,Ice Cream,Dinner,120,78,266
2023-08-21,Monday,8,Coffee,Lunch,100,123,363
2023-08-21,Monday,8,Coffee,Dinner,100,128,438
2023-08-22,Tuesday,8,Pizza,Lunch,350,128,283
2023-08-22,Tuesday,8,Pizza,Dinner,350,126,265
2023-08-22,Tuesday,8,Burger,Lunch,200,95,233
2023-08-22,Tuesday,8,Burger,Dinner,200,130,492
2023-08-22,Tuesday,8,Pasta,Lunch,300,77,409
2023-08-22,Tuesday,8,Pasta,Dinner,300,88,488
2023-08-22,Tuesday,8,Sandwich,Lunch,180,61,324
2023-08-22,Tuesday,8,Sandwich,Dinner,180,100,464
2023-08-22,Tuesday,8,Salad,Lunch,150,50,201
2023-08-22,Tuesday,8,Salad,Dinner,150,47,473
2023-08-22,Tuesday,8,Biryani,Lunch,250,111,276
2023-08-22,Tuesday,8,Biryani,Dinner,250,137,462
2023-08-22,Tuesday,8,Fried Rice,Lunch,220,75,476
2023-08-22,Tuesday,8,Fried Rice,Dinner,220,113,408
2023-08-22,Tuesday,8,Noodles,Lunch,210,86,338
2023-08-22,Tuesday,8,Noodles,Dinner,210,100,423
2023-08-22,Tuesday,8,Ice Cream,Lunch,120,79,425
2023-08-22,Tuesday,8,Ice Cream,Dinner,120,68,264
2023-08-22,Tuesday,8,Coffee,Lunch,100,122,236
2023-08-22,Tuesday,8,Coffee,Dinner,100,127,229
2023-08-23,Wednesday,8,Pizza,Lunch,350,107,466
2023-08-23,Wednesday,8,Pizza,Dinner,350,134,468
2023-08-23,Wednesday,8,Burger,Lunch,200,103,411
2023-08-23,Wednesday,8,Burger,Dinner,200,103,295
2023-08-23,Wednesday,8,Pasta,Lunch,300,85,436
2023-08-23,Wednesday,8,Pasta,Dinner,300,78,333
2023-08-23,Wednesday,8,Sandwich,Lunch,180,83,301
2023-08-23,Wednesday,8,Sandwich,Dinner,180,77,492
2023-08-23,Wednesday,8,Salad,Lunch,150,67,228
2023-08-23,Wednesday,8,Salad,Dinner,150,41,284
2023-08-23,Wednesday,8,Biryani,Lunch,250,141,203
2023-08-23,Wednesday,8,Biryani,Dinner,250,139,301
2023-08-23,Wednesday,8,Fried Rice,Lunch,220,99,350
2023-08-23,Wednesday,8,Fried Rice,Dinner,220,90,255
2023-08-23,Wednesday,8,Noodles,Lunch,210,87,230
2023-08-23,Wednesday,8,Noodles,Dinner,210,104,388
2023-08-23,Wednesday,8,Ice Cream,Lunch,120,59,206
2023-08-23,Wednesday,8,Ice Cream,Dinner,120,56,320
2023-08-23,Wednesday,8,Coffee,Lunch,100,98,398
2023-08-23,Wednesday,8,Coffee,Dinner,100,150,259
2023-08-24,Thursday,8,Pizza,Lunch,350,138,327
2023-08-24,Thursday,8,Pizza,Dinner,350,138,331
2023-08-24,Thursday,8,Burger,Lunch,200,92,317
2023-08-24,Thursday,8,Burger,Dinner,200,100,223
2023-08-24,Thursday,8,Pasta,Lunch,300,92,390
2023-08-24,Thursday,8,Pasta,Dinner,300,91,291
2023-08-24,Thursday,8,Sandwich,Lunch,180,82,291
2023-08-24,Thursday,8,Sandwich,Dinner,180,85,497
2023-08-24,Thursday,8,Salad,Lunch,150,41,357
2023-08-24,Thursday,8,Salad,Dinner,150,40,361
2023-08-24,Thursday,8,Biryani,Lunch,250,116,246
2023-08-24,Thursday,8,Biryani,Dinner,250,164,442
2023-08-24,Thursday,8,Fried Rice,Lunch,220,100,245
2023-08-24,Thursday,8,Fried Rice,Dinner,220,106,279
2023-08-24,Thursday,8,Noodles,Lunch,210,84,496
2023-08-24,Thursday,8,Noodles,Dinner,210,98,225
2023-08-24,Thursday,8,Ice Cream,Lunch,120,56,484
2023-08-24,Thursday,8,Ice Cream,Dinner,120,76,216
2023-08-24,Thursday,8,Coffee,Lunch,100,122,462
2023-08-24,Thursday,8,Coffee,Dinner,100,122,216
2023-08-25,Friday,8,Pizza,Lunch,350,133,271
2023-08-25,Friday,8,Pizza,Dinner,350,140,294
2023-08-25,Friday,8,Burger,Lunch,200,112,225
2023-08-25,Friday,8,Burger,Dinner,200,116,470
2023-08-25,Friday,8,Pasta,Lunch,300,95,354
2023-08-25,Friday,8,Pasta,Dinner,300,111,349
2023-08-25,Friday,8,Sandwich,Lunch,180,81,432
2023-08-25,Friday,8,Sandwich,Dinner,180,90,308
2023-08-25,Friday,8,Salad,Lunch,150,67,369
2023-08-25,Friday,8,Salad,Dinner,150,69,204
2023-08-25,Friday,8,Biryani,Lunch,250,144,287
2023-08-25,Friday,8,Biryani,Dinner,250,168,430
2023-08-25,Friday,8,Fried Rice,Lunch,220,82,393
2023-08-25,Friday,8,Fried Rice,Dinner,220,125,452
2023-08-25,Friday,8,Noodles,Lunch,210,103,418
2023-08-25,Friday,8,Noodles,Dinner,210,104,423
2023-08-25,Friday,8,Ice Cream,Lunch,120,45,267
2023-08-25,Friday,8,Ice Cream,Dinner,120,52,259
2023-08-25,Friday,8,Coffee,Lunch,100,130,450
2023-08-25,Friday,8,Coffee,Dinner,100,144,438
2023-08-26,Saturday,8,Pizza,Lunch,350,157,352
2023-08-26,Saturday,8,Pizza,Dinner,350,196,376
2023-08-26,Saturday,8,Burger,Lunch,200,151,349
2023-08-26,Saturday,8,Burger,Dinner,200,180,314
2023-08-26,Saturday,8,Pasta,Lunch,300,128,387
2023-08-26,Saturday,8,Pasta,Dinner,300,136,361
2023-08-26,Saturday,8,Sandwich,Lunch,180,107,436
2023-08-26,Saturday,8,Sandwich,Dinner,180,123,470
2023-08-26,Saturday,8,Salad,Lunch,150,89,298
2023-08-26,Saturday,8,Salad,Dinner,150,103,214
2023-08-26,Saturday,8,Biryani,Lunch,250,178,405
2023-08-26,Saturday,8,Biryani,Dinner,250,231,439
2023-08-26,Saturday,8,Fried Rice,Lunch,220,107,418
2023-08-26,Saturday,8,Fried Rice,Dinner,220,165,379
2023-08-26,Saturday,8,Noodles,Lunch,210,136,293
2023-08-26,Saturday,8,Noodles,Dinner,210,124,403
2023-08-26,Saturday,8,Ice Cream,Lunch,120,99,319
2023-08-26,Saturday,8,Ice Cream,Dinner,120,108,466
2023-08-26,Saturday,8,Coffee,Lunch,100,153,388
2023-08-26,Saturday,8,Coffee,Dinner,100,176,228
2023-08-27,Sunday,8,Pizza,Lunch,350,148,291
2023-08-27,Sunday,8,Pizza,Dinner,350,212,264
2023-08-27,Sunday,8,Burger,Lunch,200,125,393
2023-08-27,Sunday,8,Burger,Dinner,200,168,253
2023-08-27,Sunday,8,Pasta,Lunch,300,113,351
2023-08-27,Sunday,8,Pasta,Dinner,300,151,204
2023-08-27,Sunday,8,Sandwich,Lunch,180,84,235
2023-08-27,Sunday,8,Sandwich,Dinner,180,116,454
2023-08-27,Sunday,8,Salad,Lunch,150,79,456
2023-08-27,Sunday,8,Salad,Dinner,150,91,287
2023-08-27,Sunday,8,Biryani,Lunch,250,198,333
2023-08-27,Sunday,8,Biryani,Dinner,250,210,256
2023-08-27,Sunday,8,Fried Rice,Lunch,220,139,405
2023-08-27,Sunday,8,Fried Rice,Dinner,220,163,313
2023-08-27,Sunday,8,Noodles,Lunch,210,102,488
2023-08-27,Sunday,8,Noodles,Dinner,210,147,335
2023-08-27,Sunday,8,Ice Cream,Lunch,120,87,322
2023-08-27,Sunday,8,Ice Cream,Dinner,120,113,404
2023-08-27,Sunday,8,Coffee,Lunch,100,158,398
2023-08-27,Sunday,8,Coffee,Dinner,100,175,424
2023-08-28,Monday,8,Pizza,Lunch,350,126,333
2023-08-28,Monday,8,Pizza,Dinner,350,140,220
2023-08-28,Monday,8,Burger,Lunch,200,84,389
2023-08-28,Monday,8,Burger,Dinner,200,130,295
2023-08-28,Monday,8,Pasta,Lunch,300,64,305
2023-08-28,Monday,8,Pasta,Dinner,300,111,413
2023-08-28,Monday,8,Sandwich,Lunch,180,78,278
2023-08-28,Monday,8,Sandwich,Dinner,180,98,363
2023-08-28,Monday,8,Salad,Lunch,150,67,377
2023-08-28,Monday,8,Salad,Dinner,150,80,436
2023-08-28,Monday,8,Biryani,Lunch,250,141,344
2023-08-28,Monday,8,Biryani,Dinner,250,173,274
2023-08-28,Monday,8,Fried Rice,Lunch,220,104,327
2023-08-28,Monday,8,Fried Rice,Dinner,220,119,500
2023-08-28,Monday,8,Noodles,Lunch,210,66,257
2023-08-28,Monday,8,Noodles,Dinner,210,102,441
2023-08-28,Monday,8,Ice Cream,Lunch,120,61,301
2023-08-28,Monday,8,Ice Cream,Dinner,120,77,242
2023-08-28,Monday,8,Coffee,Lunch,100,120,260
2023-08-28,Monday,8,Coffee,Dinner,100,116,298
2023-08-29,Tuesday,8,Pizza,Lunch,350,137,200
2023-08-29,Tuesday,8,Pizza,Dinner,350,135,334
2023-08-29,Tuesday,8,Burger,Lunch,200,105,307
2023-08-29,Tuesday,8,Burger,Dinner,200,118,403
2023-08-29,Tuesday,8,Pasta,Lunch,300,68,410
2023-08-29,Tuesday,8,Pasta,Dinner,300,110,375
2023-08-29,Tuesday,8,Sandwich,Lunch,180,67,302
2023-08-29,Tuesday,8,Sandwich,Dinner,180,80,259
2023-08-29,Tuesday,8,Salad,Lunch,150,51,351
2023-08-29,Tuesday,8,Salad,Dinner,150,80,264
2023-08-29,Tuesday,8,Biryani,Lunch,250,115,358
2023-08-29,Tuesday,8,Biryani,Dinner,250,170,475
2023-08-29,Tuesday,8,Fried Rice,Lunch,220,92,456
2023-08-29,Tuesday,8,Fried Rice,Dinner,220,105,220
2023-08-29,Tuesday,8,Noodles,Lunch,210,71,437
2023-08-29,Tuesday,8,Noodles,Dinner,210,85,273
2023-08-29,Tuesday,8,Ice Cream,Lunch,120,74,288
2023-08-29,Tuesday,8,Ice Cream,Dinner,120,67,463
2023-08-29,Tuesday,8,Coffee,Lunch,100,109,213
2023-08-29,Tuesday,8,Coffee,Dinner,100,128,257
2023-08-30,Wednesday,8,Pizza,Lunch,350,100,349
2023-08-30,Wednesday,8,Pizza,Dinner,350,142,395
2023-08-30,Wednesday,8,Burger,Lunch,200,117,364
2023-08-30,Wednesday,8,Burger,Dinner,200,139,276
2023-08-30,Wednesday,8,Pasta,Lunch,300,63,463
2023-08-30,Wednesday,8,Pasta,Dinner,300,93,252
2023-08-30,Wednesday,8,Sandwich,Lunch,180,67,436
2023-08-30,Wednesday,8,Sandwich,Dinner,180,73,330
2023-08-30,Wednesday,8,Salad,Lunch,150,38,484
2023-08-30,Wednesday,8,Salad,Dinner,150,55,406
2023-08-30,Wednesday,8,Biryani,Lunch,250,123,246
2023-08-30,Wednesday,8,Biryani,Dinner,250,148,205
2023-08-30,Wednesday,8,Fried Rice,Lunch,220,96,320
2023-08-30,Wednesday,8,Fried Rice,Dinner,220,104,494
2023-08-30,Wednesday,8,Noodles,Lunch,210,99,295
2023-08-30,Wednesday,8,Noodles,Dinner,210,100,418
2023-08-30,Wednesday,8,Ice Cream,Lunch,120,68,225
2023-08-30,Wednesday,8,Ice Cream,Dinner,120,56,475
2023-08-30,Wednesday,8,Coffee,Lunch,100,97,468
2023-08-30,Wednesday,8,Coffee,Dinner,100,138,471
2023-08-31,Thursday,8,Pizza,Lunch,350,101,208
2023-08-31,Thursday,8,Pizza,Dinner,350,164,269
2023-08-31,Thursday,8,Burger,Lunch,200,108,398
2023-08-31,Thursday,8,Burger,Dinner,200,140,384
2023-08-31,Thursday,8,Pasta,Lunch,300,67,310
2023-08-31,Thursday,8,Pasta,Dinner,300,76,455
2023-08-31,Thursday,8,Sandwich,Lunch,180,78,459
2023-08-31,Thursday,8,Sandwich,Dinner,180,76,344
2023-08-31,Thursday,8,Salad,Lunch,150,41,206
2023-08-31,Thursday,8,Salad,Dinner,150,50,216
2023-08-31,Thursday,8,Biryani,Lunch,250,117,399
2023-08-31,Thursday,8,Biryani,Dinner,250,175,313
2023-08-31,Thursday,8,Fried Rice,Lunch,220,87,453
2023-08-31,Thursday,8,Fried Rice,Dinner,220,128,281
2023-08-31,Thursday,8,Noodles,Lunch,210,74,243
2023-08-31,Thursday,8,Noodles,Dinner,210,86,237
2023-08-31,Thursday,8,Ice Cream,Lunch,120,77,360
2023-08-31,Thursday,8,Ice Cream,Dinner,120,73,425
2023-08-31,Thursday,8,Coffee,Lunch,100,124,324
2023-08-31,Thursday,8,Coffee,Dinner,100,129,248
2023-09-01,Friday,9,Pizza,Lunch,350,134,213
2023-09-01,Friday,9,Pizza,Dinner,350,148,454
2023-09-01,Friday,9,Burger,Lunch,200,108,332
2023-09-01,Friday,9,Burger,Dinner,200,100,422
2023-09-01,Friday,9,Pasta,Lunch,300,100,343
2023-09-01,Friday,9,Pasta,Dinner,300,76,429
2023-09-01,Friday,9,Sandwich,Lunch,180,82,389
2023-09-01,Friday,9,Sandwich,Dinner,180,95,326
2023-09-01,Friday,9,Salad,Lunch,150,64,455
2023-09-01,Friday,9,Salad,Dinner,150,49,306
2023-09-01,Friday,9,Biryani,Lunch,250,140,373
2023-09-01,Friday,9,Biryani,Dinner,250,166,396
2023-09-01,Friday,9,Fried Rice,Lunch,220,72,282
2023-09-01,Friday,9,Fried Rice,Dinner,220,114,302
2023-09-01,Friday,9,Noodles,Lunch,210,79,417
2023-09-01,Friday,9,Noodles,Dinner,210,104,490
2023-09-01,Friday,9,Ice Cream,Lunch,120,51,307
2023-09-01,Friday,9,Ice Cream,Dinner,120,77,499
2023-09-01,Friday,9,Coffee,Lunch,100,98,346
2023-09-01,Friday,9,Coffee,Dinner,100,147,487
2023-09-02,Saturday,9,Pizza,Lunch,350,157,460
2023-09-02,Saturday,9,Pizza,Dinner,350,213,461
2023-09-02,Saturday,9,Burger,Lunch,200,135,479
2023-09-02,Saturday,9,Burger,Dinner,200,188,489
2023-09-02,Saturday,9,Pasta,Lunch,300,110,365
2023-09-02,Saturday,9,Pasta,Dinner,300,114,456
2023-09-02,Saturday,9,Sandwich,Lunch,180,98,358
2023-09-02,Saturday,9,Sandwich,Dinner,180,127,270
2023-09-02,Saturday,9,Salad,Lunch,150,52,219
2023-09-02,Saturday,9,Salad,Dinner,150,78,459
2023-09-02,Saturday,9,Biryani,Lunch,250,190,304
2023-09-02,Saturday,9,Biryani,Dinner,250,238,474
2023-09-02,Saturday,9,Fried Rice,Lunch,220,121,473
2023-09-02,Saturday,9,Fried Rice,Dinner,220,135,221
2023-09-02,Saturday,9,Noodles,Lunch,210,139,329
2023-09-02,Saturday,9,Noodles,Dinner,210,146,214
2023-09-02,Saturday,9,Ice Cream,Lunch,120,74,479
2023-09-02,Saturday,9,Ice Cream,Dinner,120,108,338
2023-09-02,Saturday,9,Coffee,Lunch,100,141,354
2023-09-02,Saturday,9,Coffee,Dinner,100,171,263
2023-09-03,Sunday,9,Pizza,Lunch,350,174,287
2023-09-03,Sunday,9,Pizza,Dinner,350,188,304
2023-09-03,Sunday,9,Burger,Lunch,200,160,345
2023-09-03,Sunday,9,Burger,Dinner,200,178,470
2023-09-03,Sunday,9,Pasta,Lunch,300,106,435
2023-09-03,Sunday,9,Pasta,Dinner,300,115,450
2023-09-03,Sunday,9,Sandwich,Lunch,180,108,225
2023-09-03,Sunday,9,Sandwich,Dinner,180,125,368
2023-09-03,Sunday,9,Salad,Lunch,150,59,391
2023-09-03,Sunday,9,Salad,Dinner,150,76,285
2023-09-03,Sunday,9,Biryani,Lunch,250,171,277
2023-09-03,Sunday,9,Biryani,Dinner,250,204,489
2023-09-03,Sunday,9,Fried Rice,Lunch,220,109,447
2023-09-03,Sunday,9,Fried Rice,Dinner,220,162,375
2023-09-03,Sunday,9,Noodles,Lunch,210,116,470
2023-09-03,Sunday,9,Noodles,Dinner,210,159,395
2023-09-03,Sunday,9,Ice Cream,Lunch,120,80,428
2023-09-03,Sunday,9,Ice Cream,Dinner,120,98,342
2023-09-03,Sunday,9,Coffee,Lunch,100,152,397
2023-09-03,Sunday,9,Coffee,Dinner,100,193,257
2023-09-04,Monday,9,Pizza,Lunch,350,102,379
2023-09-04,Monday,9,Pizza,Dinner,350,140,313
2023-09-04,Monday,9,Burger,Lunch,200,94,452
2023-09-04,Monday,9,Burger,Dinner,200,103,391
2023-09-04,Monday,9,Pasta,Lunch,300,85,272
2023-09-04,Monday,9,Pasta,Dinner,300,103,479
2023-09-04,Monday,9,Sandwich,Lunch,180,71,252
2023-09-04,Monday,9,Sandwich,Dinner,180,68,457
2023-09-04,Monday,9,Salad,Lunch,150,46,276
2023-09-04,Monday,9,Salad,Dinner,150,60,421
2023-09-04,Monday,9,Biryani,Lunch,250,117,333
2023-09-04,Monday,9,Biryani,Dinner,250,159,208
2023-09-04,Monday,9,Fried Rice,Lunch,220,87,338
2023-09-04,Monday,9,Fried Rice,Dinner,220,114,236
2023-09-04,Monday,9,Noodles,Lunch,210,65,281
2023-09-04,Monday,9,Noodles,Dinner,210,110,220
2023-09-04,Monday,9,Ice Cream,Lunch,120,73,439
2023-09-04,Monday,9,Ice Cream,Dinner,120,53,259
2023-09-04,Monday,9,Coffee,Lunch,100,119,457
2023-09-04,Monday,9,Coffee,Dinner,100,112,360
2023-09-05,Tuesday,9,Pizza,Lunch,350,101,333
2023-09-05,Tuesday,9,Pizza,Dinner,350,135,418
2023-09-05,Tuesday,9,Burger,Lunch,200,80,407
2023-09-05,Tuesday,9,Burger,Dinner,200,124,375
2023-09-05,Tuesday,9,Pasta,Lunch,300,65,316
2023-09-05,Tuesday,9,Pasta,Dinner,300,93,291
2023-09-05,Tuesday,9,Sandwich,Lunch,180,70,250
2023-09-05,Tuesday,9,Sandwich,Dinner,180,76,302
2023-09-05,Tuesday,9,Salad,Lunch,150,38,251
2023-09-05,Tuesday,9,Salad,Dinner,150,80,205
2023-09-05,Tuesday,9,Biryani,Lunch,250,143,313
2023-09-05,Tuesday,9,Biryani,Dinner,250,171,450
2023-09-05,Tuesday,9,Fried Rice,Lunch,220,90,316
2023-09-05,Tuesday,9,Fried Rice,Dinner,220,91,254
2023-09-05,Tuesday,9,Noodles,Lunch,210,74,300
2023-09-05,Tuesday,9,Noodles,Dinner,210,110,446
2023-09-05,Tuesday,9,Ice Cream,Lunch,120,40,376
2023-09-05,Tuesday,9,Ice Cream,Dinner,120,57,403
2023-09-05,Tuesday,9,Coffee,Lunch,100,96,260
2023-09-05,Tuesday,9,Coffee,Dinner,100,143,233
2023-09-06,Wednesday,9,Pizza,Lunch,350,129,237
2023-09-06,Wednesday,9,Pizza,Dinner,350,126,272
2023-09-06,Wednesday,9,Burger,Lunch,200,112,261
2023-09-06,Wednesday,9,Burger,Dinner,200,139,470
2023-09-06,Wednesday,9,Pasta,Lunch,300,98,275
2023-09-06,Wednesday,9,Pasta,Dinner,300,106,491
2023-09-06,Wednesday,9,Sandwich,Lunch,180,87,251
2023-09-06,Wednesday,9,Sandwich,Dinner,180,98,374
2023-09-06,Wednesday,9,Salad,Lunch,150,60,422
2023-09-06,Wednesday,9,Salad,Dinner,150,69,398
2023-09-06,Wednesday,9,Biryani,Lunch,250,131,424
2023-09-06,Wednesday,9,Biryani,Dinner,250,140,339
2023-09-06,Wednesday,9,Fried Rice,Lunch,220,75,494
2023-09-06,Wednesday,9,Fried Rice,Dinner,220,97,218
2023-09-06,Wednesday,9,Noodles,Lunch,210,71,491
2023-09-06,Wednesday,9,Noodles,Dinner,210,96,226
2023-09-06,Wednesday,9,Ice Cream,Lunch,120,59,278
2023-09-06,Wednesday,9,Ice Cream,Dinner,120,60,451
2023-09-06,Wednesday,9,Coffee,Lunch,100,128,417
2023-09-06,Wednesday,9,Coffee,Dinner,100,135,202
2023-09-07,Thursday,9,Pizza,Lunch,350,132,452
2023-09-07,Thursday,9,Pizza,Dinner,350,133,260
2023-09-07,Thursday,9,Burger,Lunch,200,86,495
2023-09-07,Thursday,9,Burger,Dinner,200,119,385
2023-09-07,Thursday,9,Pasta,Lunch,300,70,318
2023-09-07,Thursday,9,Pasta,Dinner,300,100,258
2023-09-07,Thursday,9,Sandwich,Lunch,180,78,246
2023-09-07,Thursday,9,Sandwich,Dinner,180,89,351
2023-09-07,Thursday,9,Salad,Lunch,150,35,351
2023-09-07,Thursday,9,Salad,Dinner,150,46,241
2023-09-07,Thursday,9,Biryani,Lunch,250,143,360
2023-09-07,Thursday,9,Biryani,Dinner,250,170,359
2023-09-07,Thursday,9,Fried Rice,Lunch,220,88,314
2023-09-07,Thursday,9,Fried Rice,Dinner,220,119,256
2023-09-07,Thursday,9,Noodles,Lunch,210,89,402
2023-09-07,Thursday,9,Noodles,Dinner,210,118,276
2023-09-07,Thursday,9,Ice Cream,Lunch,120,44,313
2023-09-07,Thursday,9,Ice Cream,Dinner,120,85,473
2023-09-07,Thursday,9,Coffee,Lunch,100,100,393
2023-09-07,Thursday,9,Coffee,Dinner,100,143,264
2023-09-08,Friday,9,Pizza,Lunch,350,104,218
2023-09-08,Friday,9,Pizza,Dinner,350,146,392
2023-09-08,Friday,9,Burger,Lunch,200,91,471
2023-09-08,Friday,9,Burger,Dinner,200,125,499
2023-09-08,Friday,9,Pasta,Lunch,300,85,477
2023-09-08,Friday,9,Pasta,Dinner,300,100,211
2023-09-08,Friday,9,Sandwich,Lunch,180,84,329
2023-09-08,Friday,9,Sandwich,Dinner,180,67,240
2023-09-08,Friday,9,Salad,Lunch,150,45,338
2023-09-08,Friday,9,Salad,Dinner,150,65,382
2023-09-08,Friday,9,Biryani,Lunch,250,141,234
2023-09-08,Friday,9,Biryani,Dinner,250,139,303
2023-09-08,Friday,9,Fried Rice,Lunch,220,91,382
2023-09-08,Friday,9,Fried Rice,Dinner,220,111,443
2023-09-08,Friday,9,Noodles,Lunch,210,76,453
2023-09-08,Friday,9,Noodles,Dinner,210,109,251
2023-09-08,Friday,9,Ice Cream,Lunch,120,59,499
2023-09-08,Friday,9,Ice Cream,Dinner,120,70,307
2023-09-08,Friday,9,Coffee,Lunch,100,97,236
2023-09-08,Friday,9,Coffee,Dinner,100,151,304
2023-09-09,Saturday,9,Pizza,Lunch,350,179,282
2023-09-09,Saturday,9,Pizza,Dinner,350,192,348
2023-09-09,Saturday,9,Burger,Lunch,200,149,380
2023-09-09,Saturday,9,Burger,Dinner,200,164,353
2023-09-09,Saturday,9,Pasta,Lunch,300,120,453
2023-09-09,Saturday,9,Pasta,Dinner,300,114,369
2023-09-09,Saturday,9,Sandwich,Lunch,180,93,468
2023-09-09,Saturday,9,Sandwich,Dinner,180,106,387
2023-09-09,Saturday,9,Salad,Lunch,150,67,294
2023-09-09,Saturday,9,Salad,Dinner,150,100,462
2023-09-09,Saturday,9,Biryani,Lunch,250,194,211
2023-09-09,Saturday,9,Biryani,Dinner,250,219,295
2023-09-09,Saturday,9,Fried Rice,Lunch,220,146,270
2023-09-09,Saturday,9,Fried Rice,Dinner,220,159,409
2023-09-09,Saturday,9,Noodles,Lunch,210,98,277
2023-09-09,Saturday,9,Noodles,Dinner,210,124,428
2023-09-09,Saturday,9,Ice Cream,Lunch,120,96,493
2023-09-09,Saturday,9,Ice Cream,Dinner,120,116,432
2023-09-09,Saturday,9,Coffee,Lunch,100,154,461
2023-09-09,Saturday,9,Coffee,Dinner,100,178,490
2023-09-10,Sunday,9,Pizza,Lunch,350,153,208
2023-09-10,Sunday,9,Pizza,Dinner,350,215,227
2023-09-10,Sunday,9,Burger,Lunch,200,125,207
2023-09-10,Sunday,9,Burger,Dinner,200,171,388
2023-09-10,Sunday,9,Pasta,Lunch,300,93,377
2023-09-10,Sunday,9,Pasta,Dinner,300,124,436
2023-09-10,Sunday,9,Sandwich,Lunch,180,99,292
2023-09-10,Sunday,9,Sandwich,Dinner,180,105,407
2023-09-10,Sunday,9,Salad,Lunch,150,50,217
2023-09-10,Sunday,9,Salad,Dinner,150,92,331
2023-09-10,Sunday,9,Biryani,Lunch,250,185,391
2023-09-10,Sunday,9,Biryani,Dinner,250,198,490
2023-09-10,Sunday,9,Fried Rice,Lunch,220,106,385
2023-09-10,Sunday,9,Fried Rice,Dinner,220,139,227
2023-09-10,Sunday,9,Noodles,Lunch,210,107,262
2023-09-10,Sunday,9,Noodles,Dinner,210,135,421
2023-09-10,Sunday,9,Ice Cream,Lunch,120,86,365
2023-09-10,Sunday,9,Ice Cream,Dinner,120,104,417
2023-09-10,Sunday,9,Coffee,Lunch,100,153,305
2023-09-10,Sunday,9,Coffee,Dinner,100,170,319
2023-09-11,Monday,9,Pizza,Lunch,350,105,357
2023-09-11,Monday,9,Pizza,Dinner,350,130,349
2023-09-11,Monday,9,Burger,Lunch,200,92,333
2023-09-11,Monday,9,Burger,Dinner,200,111,317
2023-09-11,Monday,9,Pasta,Lunch,300,80,458
2023-09-11,Monday,9,Pasta,Dinner,300,87,345
2023-09-11,Monday,9,Sandwich,Lunch,180,86,262
2023-09-11,Monday,9,Sandwich,Dinner,180,79,449
2023-09-11,Monday,9,Salad,Lunch,150,45,492
2023-09-11,Monday,9,Salad,Dinner,150,73,269
2023-09-11,Monday,9,Biryani,Lunch,250,119,488
2023-09-11,Monday,9,Biryani,Dinner,250,150,335
2023-09-11,Monday,9,Fried Rice,Lunch,220,97,470
2023-09-11,Monday,9,Fried Rice,Dinner,220,89,273
2023-09-11,Monday,9,Noodles,Lunch,210,78,290
2023-09-11,Monday,9,Noodles,Dinner,210,92,416
2023-09-11,Monday,9,Ice Cream,Lunch,120,60,442
2023-09-11,Monday,9,Ice Cream,Dinner,120,82,329
2023-09-11,Monday,9,Coffee,Lunch,100,119,312
2023-09-11,Monday,9,Coffee,Dinner,100,115,339
2023-09-12,Tuesday,9,Pizza,Lunch,350,110,334
2023-09-12,Tuesday,9,Pizza,Dinner,350,156,359
2023-09-12,Tuesday,9,Burger,Lunch,200,80,371
2023-09-12,Tuesday,9,Burger,Dinner,200,118,213
2023-09-12,Tuesday,9,Pasta,Lunch,300,69,439
2023-09-12,Tuesday,9,Pasta,Dinner,300,86,306
2023-09-12,Tuesday,9,Sandwich,Lunch,180,53,474
2023-09-12,Tuesday,9,Sandwich,Dinner,180,65,391
2023-09-12,Tuesday,9,Salad,Lunch,150,45,265
2023-09-12,Tuesday,9,Salad,Dinner,150,56,242
2023-09-12,Tuesday,9,Biryani,Lunch,250,137,481
2023-09-12,Tuesday,9,Biryani,Dinner,250,143,455
2023-09-12,Tuesday,9,Fried Rice,Lunch,220,81,213
2023-09-12,Tuesday,9,Fried Rice,Dinner,220,100,399
2023-09-12,Tuesday,9,Noodles,Lunch,210,88,230
2023-09-12,Tuesday,9,Noodles,Dinner,210,120,277
2023-09-12,Tuesday,9,Ice Cream,Lunch,120,75,341
2023-09-12,Tuesday,9,Ice Cream,Dinner,120,53,493
2023-09-12,Tuesday,9,Coffee,Lunch,100,103,288
2023-09-12,Tuesday,9,Coffee,Dinner,100,126,461
2023-09-13,Wednesday,9,Pizza,Lunch,350,110,210
2023-09-13,Wednesday,9,Pizza,Dinner,350,162,349
2023-09-13,Wednesday,9,Burger,Lunch,200,90,334
2023-09-13,Wednesday,9,Burger,Dinner,200,121,225
2023-09-13,Wednesday,9,Pasta,Lunch,300,64,412
2023-09-13,Wednesday,9,Pasta,Dinner,300,114,341
2023-09-13,Wednesday,9,Sandwich,Lunch,180,81,232
2023-09-13,Wednesday,9,Sandwich,Dinner,180,97,484
2023-09-13,Wednesday,9,Salad,Lunch,150,51,319
2023-09-13,Wednesday,9,Salad,Dinner,150,43,365
2023-09-13,Wednesday,9,Biryani,Lunch,250,138,398
2023-09-13,Wednesday,9,Biryani,Dinner,250,174,216
2023-09-13,Wednesday,9,Fried Rice,Lunch,220,85,236
2023-09-13,Wednesday,9,Fried Rice,Dinner,220,90,435
2023-09-13,Wednesday,9,Noodles,Lunch,210,97,378
2023-09-13,Wednesday,9,Noodles,Dinner,210,116,265
2023-09-13,Wednesday,9,Ice Cream,Lunch,120,59,211
2023-09-13,Wednesday,9,Ice Cream,Dinner,120,92,362
2023-09-13,Wednesday,9,Coffee,Lunch,100,102,436
2023-09-13,Wednesday,9,Coffee,Dinner,100,140,435
2023-09-14,Thursday,9,Pizza,Lunch,350,130,426
2023-09-14,Thursday,9,Pizza,Dinner,350,146,391
2023-09-14,Thursday,9,Burger,Lunch,200,82,470
2023-09-14,Thursday,9,Burger,Dinner,200,115,378
2023-09-14,Thursday,9,Pasta,Lunch,300,84,388
2023-09-14,Thursday,9,Pasta,Dinner,300,92,394
2023-09-14,Thursday,9,Sandwich,Lunch,180,85,242
2023-09-14,Thursday,9,Sandwich,Dinner,180,75,443
2023-09-14,Thursday,9,Salad,Lunch,150,32,386
2023-09-14,Thursday,9,Salad,Dinner,150,42,256
2023-09-14,Thursday,9,Biryani,Lunch,250,146,265
2023-09-14,Thursday,9,Biryani,Dinner,250,137,367
2023-09-14,Thursday,9,Fried Rice,Lunch,220,93,241
2023-09-14,Thursday,9,Fried Rice,Dinner,220,116,491
2023-09-14,Thursday,9,Noodles,Lunch,210,77,253
2023-09-14,Thursday,9,Noodles,Dinner,210,121,339
2023-09-14,Thursday,9,Ice Cream,Lunch,120,47,229
2023-09-14,Thursday,9,Ice Cream,Dinner,120,53,204
2023-09-14,Thursday,9,Coffee,Lunch,100,122,473
2023-09-14,Thursday,9,Coffee,Dinner,100,118,447
2023-09-15,Friday,9,Pizza,Lunch,350,120,276
2023-09-15,Friday,9,Pizza,Dinner,350,155,318
2023-09-15,Friday,9,Burger,Lunch,200,97,216
2023-09-15,Friday,9,Burger,Dinner,200,134,482
2023-09-15,Friday,9,Pasta,Lunch,300,67,275
2023-09-15,Friday,9,Pasta,Dinner,300,82,395
2023-09-15,Friday,9,Sandwich,Lunch,180,83,304
2023-09-15,Friday,9,Sandwich,Dinner,180,85,443
2023-09-15,Friday,9,Salad,Lunch,150,58,232
2023-09-15,Friday,9,Salad,Dinner,150,65,240
2023-09-15,Friday,9,Biryani,Lunch,250,149,293
2023-09-15,Friday,9,Biryani,Dinner,250,172,412
2023-09-15,Friday,9,Fried Rice,Lunch,220,93,240
2023-09-15,Friday,9,Fried Rice,Dinner,220,102,340
2023-09-15,Friday,9,Noodles,Lunch,210,80,330
2023-09-15,Friday,9,Noodles,Dinner,210,115,330
2023-09-15,Friday,9,Ice Cream,Lunch,120,75,396
2023-09-15,Friday,9,Ice Cream,Dinner,120,75,405
2023-09-15,Friday,9,Coffee,Lunch,100,122,285
2023-09-15,Friday,9,Coffee,Dinner,100,140,268
2023-09-16,Saturday,9,Pizza,Lunch,350,162,454
2023-09-16,Saturday,9,Pizza,Dinner,350,193,211
2023-09-16,Saturday,9,Burger,Lunch,200,149,239
2023-09-16,Saturday,9,Burger,Dinner,200,151,294
2023-09-16,Saturday,9,Pasta,Lunch,300,95,406
2023-09-16,Saturday,9,Pasta,Dinner,300,116,250
2023-09-16,Saturday,9,Sandwich,Lunch,180,78,400
2023-09-16,Saturday,9,Sandwich,Dinner,180,110,311
2023-09-16,Saturday,9,Salad,Lunch,150,72,262
2023-09-16,Saturday,9,Salad,Dinner,150,76,363
2023-09-16,Saturday,9,Biryani,Lunch,250,200,483
2023-09-16,Saturday,9,Biryani,Dinner,250,212,497
2023-09-16,Saturday,9,Fried Rice,Lunch,220,139,481
2023-09-16,Saturday,9,Fried Rice,Dinner,220,146,500
2023-09-16,Saturday,9,Noodles,Lunch,210,107,427
2023-09-16,Saturday,9,Noodles,Dinner,210,133,351
2023-09-16,Saturday,9,Ice Cream,Lunch,120,65,347
2023-09-16,Saturday,9,Ice Cream,Dinner,120,113,472
2023-09-16,Saturday,9,Coffee,Lunch,100,148,311
2023-09-16,Saturday,9,Coffee,Dinner,100,185,413
2023-09-17,Sunday,9,Pizza,Lunch,350,164,466
2023-09-17,Sunday,9,Pizza,Dinner,350,215,294
2023-09-17,Sunday,9,Burger,Lunch,200,140,210
2023-09-17,Sunday,9,Burger,Dinner,200,161,381
2023-09-17,Sunday,9,Pasta,Lunch,300,114,383
2023-09-17,Sunday,9,Pasta,Dinner,300,152,440
2023-09-17,Sunday,9,Sandwich,Lunch,180,79,427
2023-09-17,Sunday,9,Sandwich,Dinner,180,121,437
2023-09-17,Sunday,9,Salad,Lunch,150,81,443
2023-09-17,Sunday,9,Salad,Dinner,150,93,452
2023-09-17,Sunday,9,Biryani,Lunch,250,177,482
2023-09-17,Sunday,9,Biryani,Dinner,250,223,478
2023-09-17,Sunday,9,Fried Rice,Lunch,220,131,446
2023-09-17,Sunday,9,Fried Rice,Dinner,220,154,493
2023-09-17,Sunday,9,Noodles,Lunch,210,130,286
2023-09-17,Sunday,9,Noodles,Dinner,210,152,304
2023-09-17,Sunday,9,Ice Cream,Lunch,120,101,392
2023-09-17,Sunday,9,Ice Cream,Dinner,120,87,246
2023-09-17,Sunday,9,Coffee,Lunch,100,172,321
2023-09-17,Sunday,9,Coffee,Dinner,100,186,232
2023-09-18,Monday,9,Pizza,Lunch,350,136,272
2023-09-18,Monday,9,Pizza,Dinner,350,126,203
2023-09-18,Monday,9,Burger,Lunch,200,83,265
2023-09-18,Monday,9,Burger,Dinner,200,140,460
2023-09-18,Monday,9,Pasta,Lunch,300,66,252
2023-09-18,Monday,9,Pasta,Dinner,300,103,357
2023-09-18,Monday,9,Sandwich,Lunch,180,65,317
2023-09-18,Monday,9,Sandwich,Dinner,180,94,432
2023-09-18,Monday,9,Salad,Lunch,150,50,498
2023-09-18,Monday,9,Salad,Dinner,150,72,415
2023-09-18,Monday,9,Biryani,Lunch,250,137,408
2023-09-18,Monday,9,Biryani,Dinner,250,163,371
2023-09-18,Monday,9,Fried Rice,Lunch,220,94,431
2023-09-18,Monday,9,Fried Rice,Dinner,220,124,342
2023-09-18,Monday,9,Noodles,Lunch,210,95,498
2023-09-18,Monday,9,Noodles,Dinner,210,116,400
2023-09-18,Monday,9,Ice Cream,Lunch,120,52,278
2023-09-18,Monday,9,Ice Cream,Dinner,120,70,298
2023-09-18,Monday,9,Coffee,Lunch,100,100,405
2023-09-18,Monday,9,Coffee,Dinner,100,128,204
2023-09-19,Tuesday,9,Pizza,Lunch,350,102,267
2023-09-19,Tuesday,9,Pizza,Dinner,350,153,296
2023-09-19,Tuesday,9,Burger,Lunch,200,118,474
2023-09-19,Tuesday,9,Burger,Dinner,200,131,416
2023-09-19,Tuesday,9,Pasta,Lunch,300,65,406
2023-09-19,Tuesday,9,Pasta,Dinner,300,109,326
2023-09-19,Tuesday,9,Sandwich,Lunch,180,66,293
2023-09-19,Tuesday,9,Sandwich,Dinner,180,86,326
2023-09-19,Tuesday,9,Salad,Lunch,150,50,258
2023-09-19,Tuesday,9,Salad,Dinner,150,41,287
2023-09-19,Tuesday,9,Biryani,Lunch,250,120,368
2023-09-19,Tuesday,9,Biryani,Dinner,250,161,228
2023-09-19,Tuesday,9,Fried Rice,Lunch,220,74,203
2023-09-19,Tuesday,9,Fried Rice,Dinner,220,124,280
2023-09-19,Tuesday,9,Noodles,Lunch,210,69,244
2023-09-19,Tuesday,9,Noodles,Dinner,210,90,466
2023-09-19,Tuesday,9,Ice Cream,Lunch,120,60,246
2023-09-19,Tuesday,9,Ice Cream,Dinner,120,71,309
2023-09-19,Tuesday,9,Coffee,Lunch,100,122,402
2023-09-19,Tuesday,9,Coffee,Dinner,100,129,449
2023-09-20,Wednesday,9,Pizza,Lunch,350,131,361
2023-09-20,Wednesday,9,Pizza,Dinner,350,164,397
2023-09-20,Wednesday,9,Burger,Lunch,200,91,322
2023-09-20,Wednesday,9,Burger,Dinner,200,135,271
2023-09-20,Wednesday,9,Pasta,Lunch,300,60,258
2023-09-20,Wednesday,9,Pasta,Dinner,300,79,200
2023-09-20,Wednesday,9,Sandwich,Lunch,180,90,362
2023-09-20,Wednesday,9,Sandwich,Dinner,180,92,479
2023-09-20,Wednesday,9,Salad,Lunch,150,65,428
2023-09-20,Wednesday,9,Salad,Dinner,150,51,312
2023-09-20,Wednesday,9,Biryani,Lunch,250,120,310
2023-09-20,Wednesday,9,Biryani,Dinner,250,175,219
2023-09-20,Wednesday,9,Fried Rice,Lunch,220,93,442
2023-09-20,Wednesday,9,Fried Rice,Dinner,220,128,233
2023-09-20,Wednesday,9,Noodles,Lunch,210,103,433
2023-09-20,Wednesday,9,Noodles,Dinner,210,113,278
2023-09-20,Wednesday,9,Ice Cream,Lunch,120,40,214
2023-09-20,Wednesday,9,Ice Cream,Dinner,120,86,436
2023-09-20,Wednesday,9,Coffee,Lunch,100,90,299
2023-09-20,Wednesday,9,Coffee,Dinner,100,149,368
2023-09-21,Thursday,9,Pizza,Lunch,350,135,273
2023-09-21,Thursday,9,Pizza,Dinner,350,135,381
2023-09-21,Thursday,9,Burger,Lunch,200,115,339
2023-09-21,Thursday,9,Burger,Dinner,200,110,491
2023-09-21,Thursday,9,Pasta,Lunch,300,85,261
2023-09-21,Thursday,9,Pasta,Dinner,300,107,478
2023-09-21,Thursday,9,Sandwich,Lunch,180,61,492
2023-09-21,Thursday,9,Sandwich,Dinner,180,72,429
2023-09-21,Thursday,9,Salad,Lunch,150,62,491
2023-09-21,Thursday,9,Salad,Dinner,150,41,488
2023-09-21,Thursday,9,Biryani,Lunch,250,141,237
2023-09-21,Thursday,9,Biryani,Dinner,250,137,262
2023-09-21,Thursday,9,Fried Rice,Lunch,220,94,270
2023-09-21,Thursday,9,Fried Rice,Dinner,220,120,472
2023-09-21,Thursday,9,Noodles,Lunch,210,82,467
2023-09-21,Thursday,9,Noodles,Dinner,210,103,438
2023-09-21,Thursday,9,Ice Cream,Lunch,120,47,393
2023-09-21,Thursday,9,Ice Cream,Dinner,120,69,307
2023-09-21,Thursday,9,Coffee,Lunch,100,113,339
2023-09-21,Thursday,9,Coffee,Dinner,100,131,439
2023-09-22,Friday,9,Pizza,Lunch,350,134,317
2023-09-22,Friday,9,Pizza,Dinner,350,132,398
2023-09-22,Friday,9,Burger,Lunch,200,119,365
2023-09-22,Friday,9,Burger,Dinner,200,103,278
2023-09-22,Friday,9,Pasta,Lunch,300,87,252
2023-09-22,Friday,9,Pasta,Dinner,300,95,443
2023-09-22,Friday,9,Sandwich,Lunch,180,78,349
2023-09-22,Friday,9,Sandwich,Dinner,180,66,228
2023-09-22,Friday,9,Salad,Lunch,150,31,441
2023-09-22,Friday,9,Salad,Dinner,150,57,467
2023-09-22,Friday,9,Biryani,Lunch,250,120,485
2023-09-22,Friday,9,Biryani,Dinner,250,160,442
2023-09-22,Friday,9,Fried Rice,Lunch,220,87,391
2023-09-22,Friday,9,Fried Rice,Dinner,220,128,455
2023-09-22,Friday,9,Noodles,Lunch,210,93,252
2023-09-22,Friday,9,Noodles,Dinner,210,103,327
2023-09-22,Friday,9,Ice Cream,Lunch,120,47,369
2023-09-22,Friday,9,Ice Cream,Dinner,120,62,314
2023-09-22,Friday,9,Coffee,Lunch,100,98,463
2023-09-22,Friday,9,Coffee,Dinner,100,123,317
2023-09-23,Saturday,9,Pizza,Lunch,350,178,405
2023-09-23,Saturday,9,Pizza,Dinner,350,221,225
2023-09-23,Saturday,9,Burger,Lunch,200,147,315
2023-09-23,Saturday,9,Burger,Dinner,200,182,216
2023-09-23,Saturday,9,Pasta,Lunch,300,131,213
2023-09-23,Saturday,9,Pasta,Dinner,300,143,420
2023-09-23,Saturday,9,Sandwich,Lunch,180,95,443
2023-09-23,Saturday,9,Sandwich,Dinner,180,121,296
2023-09-23,Saturday,9,Salad,Lunch,150,87,204
2023-09-23,Saturday,9,Salad,Dinner,150,76,357
2023-09-23,Saturday,9,Biryani,Lunch,250,177,312
2023-09-23,Saturday,9,Biryani,Dinner,250,208,438
2023-09-23,Saturday,9,Fried Rice,Lunch,220,114,206
2023-09-23,Saturday,9,Fried Rice,Dinner,220,152,430
2023-09-23,Saturday,9,Noodles,Lunch,210,126,236
2023-09-23,Saturday,9,Noodles,Dinner,210,125,405
2023-09-23,Saturday,9,Ice Cream,Lunch,120,75,431
2023-09-23,Saturday,9,Ice Cream,Dinner,120,120,350
2023-09-23,Saturday,9,Coffee,Lunch,100,161,445
2023-09-23,Saturday,9,Coffee,Dinner,100,195,450
2023-09-24,Sunday,9,Pizza,Lunch,350,164,267
2023-09-24,Sunday,9,Pizza,Dinner,350,216,497
2023-09-24,Sunday,9,Burger,Lunch,200,140,364
2023-09-24,Sunday,9,Burger,Dinner,200,162,448
2023-09-24,Sunday,9,Pasta,Lunch,300,93,348
2023-09-24,Sunday,9,Pasta,Dinner,300,154,287
2023-09-24,Sunday,9,Sandwich,Lunch,180,85,206
2023-09-24,Sunday,9,Sandwich,Dinner,180,130,407
2023-09-24,Sunday,9,Salad,Lunch,150,83,444
2023-09-24,Sunday,9,Salad,Dinner,150,70,255
2023-09-24,Sunday,9,Biryani,Lunch,250,176,251
2023-09-24,Sunday,9,Biryani,Dinner,250,208,439
2023-09-24,Sunday,9,Fried Rice,Lunch,220,127,334
2023-09-24,Sunday,9,Fried Rice,Dinner,220,135,354
2023-09-24,Sunday,9,Noodles,Lunch,210,127,466
2023-09-24,Sunday,9,Noodles,Dinner,210,131,445
2023-09-24,Sunday,9,Ice Cream,Lunch,120,100,252
2023-09-24,Sunday,9,Ice Cream,Dinner,120,115,236
2023-09-24,Sunday,9,Coffee,Lunch,100,155,207
2023-09-24,Sunday,9,Coffee,Dinner,100,203,312
2023-09-25,Monday,9,Pizza,Lunch,350,127,432
2023-09-25,Monday,9,Pizza,Dinner,350,143,457
2023-09-25,Monday,9,Burger,Lunch,200,117,218
2023-09-25,Monday,9,Burger,Dinner,200,131,322
2023-09-25,Monday,9,Pasta,Lunch,300,92,478
2023-09-25,Monday,9,Pasta,Dinner,300,91,477
2023-09-25,Monday,9,Sandwich,Lunch,180,72,203
2023-09-25,Monday,9,Sandwich,Dinner,180,77,304
2023-09-25,Monday,9,Salad,Lunch,150,30,387
2023-09-25,Monday,9,Salad,Dinner,150,76,437
2023-09-25,Monday,9,Biryani,Lunch,250,142,380
2023-09-25,Monday,9,Biryani,Dinner,250,162,316
2023-09-25,Monday,9,Fried Rice,Lunch,220,89,431
2023-09-25,Monday,9,Fried Rice,Dinner,220,111,321
2023-09-25,Monday,9,Noodles,Lunch,210,98,408
2023-09-25,Monday,9,Noodles,Dinner,210,109,245
2023-09-25,Monday,9,Ice Cream,Lunch,120,41,463
2023-09-25,Monday,9,Ice Cream,Dinner,120,81,486
2023-09-25,Monday,9,Coffee,Lunch,100,118,273
2023-09-25,Monday,9,Coffee,Dinner,100,143,375
2023-09-26,Tuesday,9,Pizza,Lunch,350,131,345
2023-09-26,Tuesday,9,Pizza,Dinner,350,128,364
2023-09-26,Tuesday,9,Burger,Lunch,200,95,413
2023-09-26,Tuesday,9,Burger,Dinner,200,104,424
2023-09-26,Tuesday,9,Pasta,Lunch,300,80,362
2023-09-26,Tuesday,9,Pasta,Dinner,300,83,404
2023-09-26,Tuesday,9,Sandwich,Lunch,180,80,437
2023-09-26,Tuesday,9,Sandwich,Dinner,180,85,467
2023-09-26,Tuesday,9,Salad,Lunch,150,50,479
2023-09-26,Tuesday,9,Salad,Dinner,150,48,230
2023-09-26,Tuesday,9,Biryani,Lunch,250,138,307
2023-09-26,Tuesday,9,Biryani,Dinner,250,171,454
2023-09-26,Tuesday,9,Fried Rice,Lunch,220,76,201
2023-09-26,Tuesday,9,Fried Rice,Dinner,220,101,496
2023-09-26,Tuesday,9,Noodles,Lunch,210,76,284
2023-09-26,Tuesday,9,Noodles,Dinner,210,85,316
2023-09-26,Tuesday,9,Ice Cream,Lunch,120,63,304
2023-09-26,Tuesday,9,Ice Cream,Dinner,120,72,415
2023-09-26,Tuesday,9,Coffee,Lunch,100,126,433
2023-09-26,Tuesday,9,Coffee,Dinner,100,147,385
2023-09-27,Wednesday,9,Pizza,Lunch,350,109,377
2023-09-27,Wednesday,9,Pizza,Dinner,350,161,391
2023-09-27,Wednesday,9,Burger,Lunch,200,117,272
2023-09-27,Wednesday,9,Burger,Dinner,200,126,360
2023-09-27,Wednesday,9,Pasta,Lunch,300,85,413
2023-09-27,Wednesday,9,Pasta,Dinner,300,82,264
2023-09-27,Wednesday,9,Sandwich,Lunch,180,72,334
2023-09-27,Wednesday,9,Sandwich,Dinner,180,66,469
2023-09-27,Wednesday,9,Salad,Lunch,150,50,287
2023-09-27,Wednesday,9,Salad,Dinner,150,68,233
2023-09-27,Wednesday,9,Biryani,Lunch,250,121,290
2023-09-27,Wednesday,9,Biryani,Dinner,250,154,459
2023-09-27,Wednesday,9,Fried Rice,Lunch,220,85,439
2023-09-27,Wednesday,9,Fried Rice,Dinner,220,122,264
2023-09-27,Wednesday,9,Noodles,Lunch,210,96,405
2023-09-27,Wednesday,9,Noodles,Dinner,210,96,359
2023-09-27,Wednesday,9,Ice Cream,Lunch,120,64,334
2023-09-27,Wednesday,9,Ice Cream,Dinner,120,77,378
2023-09-27,Wednesday,9,Coffee,Lunch,100,112,322
2023-09-27,Wednesday,9,Coffee,Dinner,100,126,325
2023-09-28,Thursday,9,Pizza,Lunch,350,134,500
2023-09-28,Thursday,9,Pizza,Dinner,350,156,424
2023-09-28,Thursday,9,Burger,Lunch,200,94,337
2023-09-28,Thursday,9,Burger,Dinner,200,107,492
2023-09-28,Thursday,9,Pasta,Lunch,300,88,424
2023-09-28,Thursday,9,Pasta,Dinner,300,110,458
2023-09-28,Thursday,9,Sandwich,Lunch,180,79,293
2023-09-28,Thursday,9,Sandwich,Dinner,180,81,290
2023-09-28,Thursday,9,Salad,Lunch,150,65,395
2023-09-28,Thursday,9,Salad,Dinner,150,50,416
2023-09-28,Thursday,9,Biryani,Lunch,250,150,279
2023-09-28,Thursday,9,Biryani,Dinner,250,137,442
2023-09-28,Thursday,9,Fried Rice,Lunch,220,92,251
2023-09-28,Thursday,9,Fried Rice,Dinner,220,116,330
2023-09-28,Thursday,9,Noodles,Lunch,210,96,449
2023-09-28,Thursday,9,Noodles,Dinner,210,108,225
2023-09-28,Thursday,9,Ice Cream,Lunch,120,66,452
2023-09-28,Thursday,9,Ice Cream,Dinner,120,86,396
2023-09-28,Thursday,9,Coffee,Lunch,100,99,338
2023-09-28,Thursday,9,Coffee,Dinner,100,147,467
2023-09-29,Friday,9,Pizza,Lunch,350,111,486
2023-09-29,Friday,9,Pizza,Dinner,350,139,386
2023-09-29,Friday,9,Burger,Lunch,200,96,306
2023-09-29,Friday,9,Burger,Dinner,200,140,452
2023-09-29,Friday,9,Pasta,Lunch,300,87,466
2023-09-29,Friday,9,Pasta,Dinner,300,83,363
2023-09-29,Friday,9,Sandwich,Lunch,180,61,367
2023-09-29,Friday,9,Sandwich,Dinner,180,82,254
2023-09-29,Friday,9,Salad,Lunch,150,53,347
2023-09-29,Friday,9,Salad,Dinner,150,58,297
2023-09-29,Friday,9,Biryani,Lunch,250,120,346
2023-09-29,Friday,9,Biryani,Dinner,250,147,438
2023-09-29,Friday,9,Fried Rice,Lunch,220,100,333
2023-09-29,Friday,9,Fried Rice,Dinner,220,92,256
2023-09-29,Friday,9,Noodles,Lunch,210,72,241
2023-09-29,Friday,9,Noodles,Dinner,210,115,488
2023-09-29,Friday,9,Ice Cream,Lunch,120,49,354
2023-09-29,Friday,9,Ice Cream,Dinner,120,58,418
2023-09-29,Friday,9,Coffee,Lunch,100,115,232
2023-09-29,Friday,9,Coffee,Dinner,100,145,209
2023-09-30,Saturday,9,Pizza,Lunch,350,171,405
2023-09-30,Saturday,9,Pizza,Dinner,350,201,441
2023-09-30,Saturday,9,Burger,Lunch,200,155,418
2023-09-30,Saturday,9,Burger,Dinner,200,149,481
2023-09-30,Saturday,9,Pasta,Lunch,300,109,221
2023-09-30,Saturday,9,Pasta,Dinner,300,137,272
2023-09-30,Saturday,9,Sandwich,Lunch,180,84,229
2023-09-30,Saturday,9,Sandwich,Dinner,180,133,385
2023-09-30,Saturday,9,Salad,Lunch,150,71,260
2023-09-30,Saturday,9,Salad,Dinner,150,78,234
2023-09-30,Saturday,9,Biryani,Lunch,250,184,405
2023-09-30,Saturday,9,Biryani,Dinner,250,229,441
2023-09-30,Saturday,9,Fried Rice,Lunch,220,117,202
2023-09-30,Saturday,9,Fried Rice,Dinner,220,134,304
2023-09-30,Saturday,9,Noodles,Lunch,210,106,399
2023-09-30,Saturday,9,Noodles,Dinner,210,135,377
2023-09-30,Saturday,9,Ice Cream,Lunch,120,92,240
2023-09-30,Saturday,9,Ice Cream,Dinner,120,94,470
2023-09-30,Saturday,9,Coffee,Lunch,100,146,346
2023-09-30,Saturday,9,Coffee,Dinner,100,174,296
2023-10-01,Sunday,10,Pizza,Lunch,350,184,381
2023-10-01,Sunday,10,Pizza,Dinner,350,211,331
2023-10-01,Sunday,10,Burger,Lunch,200,141,260
2023-10-01,Sunday,10,Burger,Dinner,200,184,272
2023-10-01,Sunday,10,Pasta,Lunch,300,106,239
2023-10-01,Sunday,10,Pasta,Dinner,300,134,316
2023-10-01,Sunday,10,Sandwich,Lunch,180,99,331
2023-10-01,Sunday,10,Sandwich,Dinner,180,103,409
2023-10-01,Sunday,10,Salad,Lunch,150,64,249
2023-10-01,Sunday,10,Salad,Dinner,150,92,454
2023-10-01,Sunday,10,Biryani,Lunch,250,179,235
2023-10-01,Sunday,10,Biryani,Dinner,250,228,312
2023-10-01,Sunday,10,Fried Rice,Lunch,220,136,489
2023-10-01,Sunday,10,Fried Rice,Dinner,220,168,215
2023-10-01,Sunday,10,Noodles,Lunch,210,107,251
2023-10-01,Sunday,10,Noodles,Dinner,210,134,471
2023-10-01,Sunday,10,Ice Cream,Lunch,120,71,284
2023-10-01,Sunday,10,Ice Cream,Dinner,120,88,235
2023-10-01,Sunday,10,Coffee,Lunch,100,145,249
2023-10-01,Sunday,10,Coffee,Dinner,100,170,227
2023-10-02,Monday,10,Pizza,Lunch,350,108,332
2023-10-02,Monday,10,Pizza,Dinner,350,158,271
2023-10-02,Monday,10,Burger,Lunch,200,94,419
2023-10-02,Monday,10,Burger,Dinner,200,117,499
2023-10-02,Monday,10,Pasta,Lunch,300,70,257
2023-10-02,Monday,10,Pasta,Dinner,300,106,294
2023-10-02,Monday,10,Sandwich,Lunch,180,90,396
2023-10-02,Monday,10,Sandwich,Dinner,180,83,213
2023-10-02,Monday,10,Salad,Lunch,150,32,404
2023-10-02,Monday,10,Salad,Dinner,150,72,387
2023-10-02,Monday,10,Biryani,Lunch,250,134,469
2023-10-02,Monday,10,Biryani,Dinner,250,147,269
2023-10-02,Monday,10,Fried Rice,Lunch,220,97,261
2023-10-02,Monday,10,Fried Rice,Dinner,220,114,220
2023-10-02,Monday,10,Noodles,Lunch,210,76,370
2023-10-02,Monday,10,Noodles,Dinner,210,107,437
2023-10-02,Monday,10,Ice Cream,Lunch,120,41,327
2023-10-02,Monday,10,Ice Cream,Dinner,120,80,267
2023-10-02,Monday,10,Coffee,Lunch,100,103,466
2023-10-02,Monday,10,Coffee,Dinner,100,121,216
2023-10-03,Tuesday,10,Pizza,Lunch,350,135,275
2023-10-03,Tuesday,10,Pizza,Dinner,350,125,287
2023-10-03,Tuesday,10,Burger,Lunch,200,96,325
2023-10-03,Tuesday,10,Burger,Dinner,200,140,360
2023-10-03,Tuesday,10,Pasta,Lunch,300,80,255
2023-10-03,Tuesday,10,Pasta,Dinner,300,90,266
2023-10-03,Tuesday,10,Sandwich,Lunch,180,75,216
2023-10-03,Tuesday,10,Sandwich,Dinner,180,100,370
2023-10-03,Tuesday,10,Salad,Lunch,150,55,393
2023-10-03,Tuesday,10,Salad,Dinner,150,42,424
2023-10-03,Tuesday,10,Biryani,Lunch,250,150,340
2023-10-03,Tuesday,10,Biryani,Dinner,250,167,296
2023-10-03,Tuesday,10,Fried Rice,Lunch,220,109,494
2023-10-03,Tuesday,10,Fried Rice,Dinner,220,122,411
2023-10-03,Tuesday,10,Noodles,Lunch,210,93,303
2023-10-03,Tuesday,10,Noodles,Dinner,210,109,406
2023-10-03,Tuesday,10,Ice Cream,Lunch,120,80,463
2023-10-03,Tuesday,10,Ice Cream,Dinner,120,81,278
2023-10-03,Tuesday,10,Coffee,Lunch,100,98,469
2023-10-03,Tuesday,10,Coffee,Dinner,100,138,202
2023-10-04,Wednesday,10,Pizza,Lunch,350,128,411
2023-10-04,Wednesday,10,Pizza,Dinner,350,162,388
2023-10-04,Wednesday,10,Burger,Lunch,200,98,413
2023-10-04,Wednesday,10,Burger,Dinner,200,121,346
2023-10-04,Wednesday,10,Pasta,Lunch,300,73,307
2023-10-04,Wednesday,10,Pasta,Dinner,300,90,247
2023-10-04,Wednesday,10,Sandwich,Lunch,180,60,376
2023-10-04,Wednesday,10,Sandwich,Dinner,180,68,309
2023-10-04,Wednesday,10,Salad,Lunch,150,51,200
2023-10-04,Wednesday,10,Salad,Dinner,150,48,404
2023-10-04,Wednesday,10,Biryani,Lunch,250,115,208
2023-10-04,Wednesday,10,Biryani,Dinner,250,139,492
2023-10-04,Wednesday,10,Fried Rice,Lunch,220,73,307
2023-10-04,Wednesday,10,Fried Rice,Dinner,220,109,203
2023-10-04,Wednesday,10,Noodles,Lunch,210,73,224
2023-10-04,Wednesday,10,Noodles,Dinner,210,97,456
2023-10-04,Wednesday,10,Ice Cream,Lunch,120,53,245
2023-10-04,Wednesday,10,Ice Cream,Dinner,120,88,251
2023-10-04,Wednesday,10,Coffee,Lunch,100,110,292
2023-10-04,Wednesday,10,Coffee,Dinner,100,121,382
2023-10-05,Thursday,10,Pizza,Lunch,350,108,329
2023-10-05,Thursday,10,Pizza,Dinner,350,157,323
2023-10-05,Thursday,10,Burger,Lunch,200,119,286
2023-10-05,Thursday,10,Burger,Dinner,200,101,357
2023-10-05,Thursday,10,Pasta,Lunch,300,83,357
2023-10-05,Thursday,10,Pasta,Dinner,300,107,304
2023-10-05,Thursday,10,Sandwich,Lunch,180,76,222
2023-10-05,Thursday,10,Sandwich,Dinner,180,88,449
2023-10-05,Thursday,10,Salad,Lunch,150,70,356
2023-10-05,Thursday,10,Salad,Dinner,150,52,219
2023-10-05,Thursday,10,Biryani,Lunch,250,136,423
2023-10-05,Thursday,10,Biryani,Dinner,250,170,317
2023-10-05,Thursday,10,Fried Rice,Lunch,220,94,299
2023-10-05,Thursday,10,Fried Rice,Dinner,220,113,438
2023-10-05,Thursday,10,Noodles,Lunch,210,87,448
2023-10-05,Thursday,10,Noodles,Dinner,210,83,277
2023-10-05,Thursday,10,Ice Cream,Lunch,120,43,326
2023-10-05,Thursday,10,Ice Cream,Dinner,120,84,325
2023-10-05,Thursday,10,Coffee,Lunch,100,102,481
2023-10-05,Thursday,10,Coffee,Dinner,100,136,305
2023-10-06,Friday,10,Pizza,Lunch,350,116,416
2023-10-06,Friday,10,Pizza,Dinner,350,154,206
2023-10-06,Friday,10,Burger,Lunch,200,90,321
2023-10-06,Friday,10,Burger,Dinner,200,115,380
2023-10-06,Friday,10,Pasta,Lunch,300,87,437
2023-10-06,Friday,10,Pasta,Dinner,300,114,475
2023-10-06,Friday,10,Sandwich,Lunch,180,77,482
2023-10-06,Friday,10,Sandwich,Dinner,180,78,441
2023-10-06,Friday,10,Salad,Lunch,150,70,230
2023-10-06,Friday,10,Salad,Dinner,150,76,349
2023-10-06,Friday,10,Biryani,Lunch,250,128,494
2023-10-06,Friday,10,Biryani,Dinner,250,163,308
2023-10-06,Friday,10,Fried Rice,Lunch,220,93,293
2023-10-06,Friday,10,Fried Rice,Dinner,220,126,252
2023-10-06,Friday,10,Noodles,Lunch,210,78,203
2023-10-06,Friday,10,Noodles,Dinner,210,87,407
2023-10-06,Friday,10,Ice Cream,Lunch,120,52,201
2023-10-06,Friday,10,Ice Cream,Dinner,120,69,305
2023-10-06,Friday,10,Coffee,Lunch,100,125,466
2023-10-06,Friday,10,Coffee,Dinner,100,115,432
2023-10-07,Saturday,10,Pizza,Lunch,350,163,433
2023-10-07,Saturday,10,Pizza,Dinner,350,215,265
2023-10-07,Saturday,10,Burger,Lunch,200,124,432
2023-10-07,Saturday,10,Burger,Dinner,200,186,277
2023-10-07,Saturday,10,Pasta,Lunch,300,97,233
2023-10-07,Saturday,10,Pasta,Dinner,300,120,335
2023-10-07,Saturday,10,Sandwich,Lunch,180,94,328
2023-10-07,Saturday,10,Sandwich,Dinner,180,126,280
2023-10-07,Saturday,10,Salad,Lunch,150,76,348
2023-10-07,Saturday,10,Salad,Dinner,150,87,484
2023-10-07,Saturday,10,Biryani,Lunch,250,167,255
2023-10-07,Saturday,10,Biryani,Dinner,250,201,309
2023-10-07,Saturday,10,Fried Rice,Lunch,220,118,344
2023-10-07,Saturday,10,Fried Rice,Dinner,220,136,327
2023-10-07,Saturday,10,Noodles,Lunch,210,123,490
2023-10-07,Saturday,10,Noodles,Dinner,210,132,363
2023-10-07,Saturday,10,Ice Cream,Lunch,120,99,367
2023-10-07,Saturday,10,Ice Cream,Dinner,120,114,234
2023-10-07,Saturday,10,Coffee,Lunch,100,152,371
2023-10-07,Saturday,10,Coffee,Dinner,100,191,239
2023-10-08,Sunday,10,Pizza,Lunch,350,163,368
2023-10-08,Sunday,10,Pizza,Dinner,350,217,408
2023-10-08,Sunday,10,Burger,Lunch,200,139,471
2023-10-08,Sunday,10,Burger,Dinner,200,181,346
2023-10-08,Sunday,10,Pasta,Lunch,300,103,211
2023-10-08,Sunday,10,Pasta,Dinner,300,130,315
2023-10-08,Sunday,10,Sandwich,Lunch,180,107,292
2023-10-08,Sunday,10,Sandwich,Dinner,180,135,280
2023-10-08,Sunday,10,Salad,Lunch,150,72,206
2023-10-08,Sunday,10,Salad,Dinner,150,95,484
2023-10-08,Sunday,10,Biryani,Lunch,250,182,229
2023-10-08,Sunday,10,Biryani,Dinner,250,232,486
2023-10-08,Sunday,10,Fried Rice,Lunch,220,105,404
2023-10-08,Sunday,10,Fried Rice,Dinner,220,151,283
2023-10-08,Sunday,10,Noodles,Lunch,210,134,376
2023-10-08,Sunday,10,Noodles,Dinner,210,160,466
2023-10-08,Sunday,10,Ice Cream,Lunch,120,99,351
2023-10-08,Sunday,10,Ice Cream,Dinner,120,118,250
2023-10-08,Sunday,10,Coffee,Lunch,100,142,341
2023-10-08,Sunday,10,Coffee,Dinner,100,167,204
2023-10-09,Monday,10,Pizza,Lunch,350,100,203
2023-10-09,Monday,10,Pizza,Dinner,350,134,346
2023-10-09,Monday,10,Burger,Lunch,200,99,394
2023-10-09,Monday,10,Burger,Dinner,200,102,487
2023-10-09,Monday,10,Pasta,Lunch,300,99,211
2023-10-09,Monday,10,Pasta,Dinner,300,107,454
2023-10-09,Monday,10,Sandwich,Lunch,180,90,457
2023-10-09,Monday,10,Sandwich,Dinner,180,66,442
2023-10-09,Monday,10,Salad,Lunch,150,32,234
2023-10-09,Monday,10,Salad,Dinner,150,70,492
2023-10-09,Monday,10,Biryani,Lunch,250,142,324
2023-10-09,Monday,10,Biryani,Dinner,250,175,311
2023-10-09,Monday,10,Fried Rice,Lunch,220,101,280
2023-10-09,Monday,10,Fried Rice,Dinner,220,126,411
2023-10-09,Monday,10,Noodles,Lunch,210,70,260
2023-10-09,Monday,10,Noodles,Dinner,210,112,244
2023-10-09,Monday,10,Ice Cream,Lunch,120,79,263
2023-10-09,Monday,10,Ice Cream,Dinner,120,92,259
2023-10-09,Monday,10,Coffee,Lunch,100,114,308
2023-10-09,Monday,10,Coffee,Dinner,100,124,416
2023-10-10,Tuesday,10,Pizza,Lunch,350,122,326
2023-10-10,Tuesday,10,Pizza,Dinner,350,142,388
2023-10-10,Tuesday,10,Burger,Lunch,200,98,449
2023-10-10,Tuesday,10,Burger,Dinner,200,120,460
2023-10-10,Tuesday,10,Pasta,Lunch,300,75,426
2023-10-10,Tuesday,10,Pasta,Dinner,300,87,241
2023-10-10,Tuesday,10,Sandwich,Lunch,180,58,493
2023-10-10,Tuesday,10,Sandwich,Dinner,180,65,357
2023-10-10,Tuesday,10,Salad,Lunch,150,47,231
2023-10-10,Tuesday,10,Salad,Dinner,150,61,356
2023-10-10,Tuesday,10,Biryani,Lunch,250,115,308
2023-10-10,Tuesday,10,Biryani,Dinner,250,144,223
2023-10-10,Tuesday,10,Fried Rice,Lunch,220,79,402
2023-10-10,Tuesday,10,Fried Rice,Dinner,220,93,361
2023-10-10,Tuesday,10,Noodles,Lunch,210,70,202
2023-10-10,Tuesday,10,Noodles,Dinner,210,102,265
2023-10-10,Tuesday,10,Ice Cream,Lunch,120,75,234
2023-10-10,Tuesday,10,Ice Cream,Dinner,120,71,265
2023-10-10,Tuesday,10,Coffee,Lunch,100,108,447
2023-10-10,Tuesday,10,Coffee,Dinner,100,128,200
2023-10-11,Wednesday,10,Pizza,Lunch,350,128,251
2023-10-11,Wednesday,10,Pizza,Dinner,350,143,411
2023-10-11,Wednesday,10,Burger,Lunch,200,103,286
2023-10-11,Wednesday,10,Burger,Dinner,200,106,276
2023-10-11,Wednesday,10,Pasta,Lunch,300,81,226
2023-10-11,Wednesday,10,Pasta,Dinner,300,87,486
2023-10-11,Wednesday,10,Sandwich,Lunch,180,80,460
2023-10-11,Wednesday,10,Sandwich,Dinner,180,77,435
2023-10-11,Wednesday,10,Salad,Lunch,150,69,245
2023-10-11,Wednesday,10,Salad,Dinner,150,64,341
2023-10-11,Wednesday,10,Biryani,Lunch,250,146,421
2023-10-11,Wednesday,10,Biryani,Dinner,250,154,310
2023-10-11,Wednesday,10,Fried Rice,Lunch,220,94,344
2023-10-11,Wednesday,10,Fried Rice,Dinner,220,119,276
2023-10-11,Wednesday,10,Noodles,Lunch,210,89,295
2023-10-11,Wednesday,10,Noodles,Dinner,210,100,204
2023-10-11,Wednesday,10,Ice Cream,Lunch,120,71,394
2023-10-11,Wednesday,10,Ice Cream,Dinner,120,57,305
2023-10-11,Wednesday,10,Coffee,Lunch,100,113,443
2023-10-11,Wednesday,10,Coffee,Dinner,100,137,323
2023-10-12,Thursday,10,Pizza,Lunch,350,116,236
2023-10-12,Thursday,10,Pizza,Dinner,350,134,204
2023-10-12,Thursday,10,Burger,Lunch,200,106,489
2023-10-12,Thursday,10,Burger,Dinner,200,105,235
2023-10-12,Thursday,10,Pasta,Lunch,300,83,455
2023-10-12,Thursday,10,Pasta,Dinner,300,76,206
2023-10-12,Thursday,10,Sandwich,Lunch,180,84,268
2023-10-12,Thursday,10,Sandwich,Dinner,180,98,200
2023-10-12,Thursday,10,Salad,Lunch,150,43,459
2023-10-12,Thursday,10,Salad,Dinner,150,64,459
2023-10-12,Thursday,10,Biryani,Lunch,250,131,304
2023-10-12,Thursday,10,Biryani,Dinner,250,142,371
2023-10-12,Thursday,10,Fried Rice,Lunch,220,109,493
2023-10-12,Thursday,10,Fried Rice,Dinner,220,112,479
2023-10-12,Thursday,10,Noodles,Lunch,210,100,358
2023-10-12,Thursday,10,Noodles,Dinner,210,122,386
2023-10-12,Thursday,10,Ice Cream,Lunch,120,68,215
2023-10-12,Thursday,10,Ice Cream,Dinner,120,78,431
2023-10-12,Thursday,10,Coffee,Lunch,100,109,304
2023-10-12,Thursday,10,Coffee,Dinner,100,134,385
2023-10-13,Friday,10,Pizza,Lunch,350,112,213
2023-10-13,Friday,10,Pizza,Dinner,350,151,456
2023-10-13,Friday,10,Burger,Lunch,200,118,269
2023-10-13,Friday,10,Burger,Dinner,200,122,397
2023-10-13,Friday,10,Pasta,Lunch,300,99,387
2023-10-13,Friday,10,Pasta,Dinner,300,89,321
2023-10-13,Friday,10,Sandwich,Lunch,180,72,240
2023-10-13,Friday,10,Sandwich,Dinner,180,98,363
2023-10-13,Friday,10,Salad,Lunch,150,45,446
2023-10-13,Friday,10,Salad,Dinner,150,60,499
2023-10-13,Friday,10,Biryani,Lunch,250,128,209
2023-10-13,Friday,10,Biryani,Dinner,250,150,201
2023-10-13,Friday,10,Fried Rice,Lunch,220,102,337
2023-10-13,Friday,10,Fried Rice,Dinner,220,108,200
2023-10-13,Friday,10,Noodles,Lunch,210,69,393
2023-10-13,Friday,10,Noodles,Dinner,210,110,325
2023-10-13,Friday,10,Ice Cream,Lunch,120,79,409
2023-10-13,Friday,10,Ice Cream,Dinner,120,55,475
2023-10-13,Friday,10,Coffee,Lunch,100,92,366
2023-10-13,Friday,10,Coffee,Dinner,100,129,302
2023-10-14,Saturday,10,Pizza,Lunch,350,167,258
2023-10-14,Saturday,10,Pizza,Dinner,350,213,376
2023-10-14,Saturday,10,Burger,Lunch,200,130,267
2023-10-14,Saturday,10,Burger,Dinner,200,158,348
2023-10-14,Saturday,10,Pasta,Lunch,300,94,418
2023-10-14,Saturday,10,Pasta,Dinner,300,123,210
2023-10-14,Saturday,10,Sandwich,Lunch,180,118,384
2023-10-14,Saturday,10,Sandwich,Dinner,180,118,201
2023-10-14,Saturday,10,Salad,Lunch,150,83,355
2023-10-14,Saturday,10,Salad,Dinner,150,85,261
2023-10-14,Saturday,10,Biryani,Lunch,250,174,455
2023-10-14,Saturday,10,Biryani,Dinner,250,228,344
2023-10-14,Saturday,10,Fried Rice,Lunch,220,113,307
2023-10-14,Saturday,10,Fried Rice,Dinner,220,131,425
2023-10-14,Saturday,10,Noodles,Lunch,210,114,261
2023-10-14,Saturday,10,Noodles,Dinner,210,156,298
2023-10-14,Saturday,10,Ice Cream,Lunch,120,74,269
2023-10-14,Saturday,10,Ice Cream,Dinner,120,114,262
2023-10-14,Saturday,10,Coffee,Lunch,100,140,316
2023-10-14,Saturday,10,Coffee,Dinner,100,178,455
2023-10-15,Sunday,10,Pizza,Lunch,350,159,462
2023-10-15,Sunday,10,Pizza,Dinner,350,195,421
2023-10-15,Sunday,10,Burger,Lunch,200,121,260
2023-10-15,Sunday,10,Burger,Dinner,200,154,372
2023-10-15,Sunday,10,Pasta,Lunch,300,111,320
2023-10-15,Sunday,10,Pasta,Dinner,300,120,231
2023-10-15,Sunday,10,Sandwich,Lunch,180,105,310
2023-10-15,Sunday,10,Sandwich,Dinner,180,129,216
2023-10-15,Sunday,10,Salad,Lunch,150,50,463
2023-10-15,Sunday,10,Salad,Dinner,150,102,274
2023-10-15,Sunday,10,Biryani,Lunch,250,198,464
2023-10-15,Sunday,10,Biryani,Dinner,250,213,358
2023-10-15,Sunday,10,Fried Rice,Lunch,220,115,462
2023-10-15,Sunday,10,Fried Rice,Dinner,220,135,283
2023-10-15,Sunday,10,Noodles,Lunch,210,133,233
2023-10-15,Sunday,10,Noodles,Dinner,210,130,402
2023-10-15,Sunday,10,Ice Cream,Lunch,120,104,433
2023-10-15,Sunday,10,Ice Cream,Dinner,120,116,247
2023-10-15,Sunday,10,Coffee,Lunch,100,166,313
2023-10-15,Sunday,10,Coffee,Dinner,100,182,332
2023-10-16,Monday,10,Pizza,Lunch,350,119,439
2023-10-16,Monday,10,Pizza,Dinner,350,129,222
2023-10-16,Monday,10,Burger,Lunch,200,113,230
2023-10-16,Monday,10,Burger,Dinner,200,125,274
2023-10-16,Monday,10,Pasta,Lunch,300,77,383
2023-10-16,Monday,10,Pasta,Dinner,300,116,328
2023-10-16,Monday,10,Sandwich,Lunch,180,78,319
2023-10-16,Monday,10,Sandwich,Dinner,180,74,312
2023-10-16,Monday,10,Salad,Lunch,150,46,380
2023-10-16,Monday,10,Salad,Dinner,150,43,413
2023-10-16,Monday,10,Biryani,Lunch,250,119,383
2023-10-16,Monday,10,Biryani,Dinner,250,140,235
2023-10-16,Monday,10,Fried Rice,Lunch,220,108,232
2023-10-16,Monday,10,Fried Rice,Dinner,220,121,210
2023-10-16,Monday,10,Noodles,Lunch,210,88,477
2023-10-16,Monday,10,Noodles,Dinner,210,101,291
2023-10-16,Monday,10,Ice Cream,Lunch,120,45,380
2023-10-16,Monday,10,Ice Cream,Dinner,120,79,422
2023-10-16,Monday,10,Coffee,Lunch,100,96,468
2023-10-16,Monday,10,Coffee,Dinner,100,135,488
2023-10-17,Tuesday,10,Pizza,Lunch,350,128,437
2023-10-17,Tuesday,10,Pizza,Dinner,350,143,200
2023-10-17,Tuesday,10,Burger,Lunch,200,94,493
2023-10-17,Tuesday,10,Burger,Dinner,200,115,263
2023-10-17,Tuesday,10,Pasta,Lunch,300,74,377
2023-10-17,Tuesday,10,Pasta,Dinner,300,111,424
2023-10-17,Tuesday,10,Sandwich,Lunch,180,68,328
2023-10-17,Tuesday,10,Sandwich,Dinner,180,86,342
2023-10-17,Tuesday,10,Salad,Lunch,150,40,330
2023-10-17,Tuesday,10,Salad,Dinner,150,69,433
2023-10-17,Tuesday,10,Biryani,Lunch,250,119,458
2023-10-17,Tuesday,10,Biryani,Dinner,250,153,335
2023-10-17,Tuesday,10,Fried Rice,Lunch,220,106,333
2023-10-17,Tuesday,10,Fried Rice,Dinner,220,121,426
2023-10-17,Tuesday,10,Noodles,Lunch,210,79,315
2023-10-17,Tuesday,10,Noodles,Dinner,210,117,352
2023-10-17,Tuesday,10,Ice Cream,Lunch,120,74,383
2023-10-17,Tuesday,10,Ice Cream,Dinner,120,60,471
2023-10-17,Tuesday,10,Coffee,Lunch,100,120,480
2023-10-17,Tuesday,10,Coffee,Dinner,100,123,304
2023-10-18,Wednesday,10,Pizza,Lunch,350,121,495
2023-10-18,Wednesday,10,Pizza,Dinner,350,131,459
2023-10-18,Wednesday,10,Burger,Lunch,200,84,224
2023-10-18,Wednesday,10,Burger,Dinner,200,138,463
2023-10-18,Wednesday,10,Pasta,Lunch,300,63,252
2023-10-18,Wednesday,10,Pasta,Dinner,300,86,383
2023-10-18,Wednesday,10,Sandwich,Lunch,180,60,397
2023-10-18,Wednesday,10,Sandwich,Dinner,180,101,368
2023-10-18,Wednesday,10,Salad,Lunch,150,47,330
2023-10-18,Wednesday,10,Salad,Dinner,150,53,361
2023-10-18,Wednesday,10,Biryani,Lunch,250,144,283
2023-10-18,Wednesday,10,Biryani,Dinner,250,166,370
2023-10-18,Wednesday,10,Fried Rice,Lunch,220,106,375
2023-10-18,Wednesday,10,Fried Rice,Dinner,220,100,239
2023-10-18,Wednesday,10,Noodles,Lunch,210,68,201
2023-10-18,Wednesday,10,Noodles,Dinner,210,106,421
2023-10-18,Wednesday,10,Ice Cream,Lunch,120,48,241
2023-10-18,Wednesday,10,Ice Cream,Dinner,120,87,423
2023-10-18,Wednesday,10,Coffee,Lunch,100,111,499
2023-10-18,Wednesday,10,Coffee,Dinner,100,141,387
2023-10-19,Thursday,10,Pizza,Lunch,350,105,360
2023-10-19,Thursday,10,Pizza,Dinner,350,137,200
2023-10-19,Thursday,10,Burger,Lunch,200,107,301
2023-10-19,Thursday,10,Burger,Dinner,200,117,390
2023-10-19,Thursday,10,Pasta,Lunch,300,96,375
2023-10-19,Thursday,10,Pasta,Dinner,300,113,388
2023-10-19,Thursday,10,Sandwich,Lunch,180,61,390
2023-10-19,Thursday,10,Sandwich,Dinner,180,98,479
2023-10-19,Thursday,10,Salad,Lunch,150,53,347
2023-10-19,Thursday,10,Salad,Dinner,150,41,437
2023-10-19,Thursday,10,Biryani,Lunch,250,128,467
2023-10-19,Thursday,10,Biryani,Dinner,250,157,413
2023-10-19,Thursday,10,Fried Rice,Lunch,220,101,247
2023-10-19,Thursday,10,Fried Rice,Dinner,220,120,423
2023-10-19,Thursday,10,Noodles,Lunch,210,65,439
2023-10-19,Thursday,10,Noodles,Dinner,210,104,397
2023-10-19,Thursday,10,Ice Cream,Lunch,120,66,249
2023-10-19,Thursday,10,Ice Cream,Dinner,120,67,424
2023-10-19,Thursday,10,Coffee,Lunch,100,118,282
2023-10-19,Thursday,10,Coffee,Dinner,100,146,334
2023-10-20,Friday,10,Pizza,Lunch,350,139,264
2023-10-20,Friday,10,Pizza,Dinner,350,125,455
2023-10-20,Friday,10,Burger,Lunch,200,114,284
2023-10-20,Friday,10,Burger,Dinner,200,101,289
2023-10-20,Friday,10,Pasta,Lunch,300,60,381
2023-10-20,Friday,10,Pasta,Dinner,300,84,432
2023-10-20,Friday,10,Sandwich,Lunch,180,65,392
2023-10-20,Friday,10,Sandwich,Dinner,180,104,291
2023-10-20,Friday,10,Salad,Lunch,150,40,399
2023-10-20,Friday,10,Salad,Dinner,150,55,319
2023-10-20,Friday,10,Biryani,Lunch,250,130,372
2023-10-20,Friday,10,Biryani,Dinner,250,155,204
2023-10-20,Friday,10,Fried Rice,Lunch,220,89,365
2023-10-20,Friday,10,Fried Rice,Dinner,220,108,392
2023-10-20,Friday,10,Noodles,Lunch,210,97,230
2023-10-20,Friday,10,Noodles,Dinner,210,102,204
2023-10-20,Friday,10,Ice Cream,Lunch,120,69,209
2023-10-20,Friday,10,Ice Cream,Dinner,120,89,231
2023-10-20,Friday,10,Coffee,Lunch,100,117,393
2023-10-20,Friday,10,Coffee,Dinner,100,139,275
2023-10-21,Saturday,10,Pizza,Lunch,350,159,465
2023-10-21,Saturday,10,Pizza,Dinner,350,191,405
2023-10-21,Saturday,10,Burger,Lunch,200,128,365
2023-10-21,Saturday,10,Burger,Dinner,200,148,476
2023-10-21,Saturday,10,Pasta,Lunch,300,118,451
2023-10-21,Saturday,10,Pasta,Dinner,300,154,241
2023-10-21,Saturday,10,Sandwich,Lunch,180,86,300
2023-10-21,Saturday,10,Sandwich,Dinner,180,103,319
2023-10-21,Saturday,10,Salad,Lunch,150,88,241
2023-10-21,Saturday,10,Salad,Dinner,150,95,402
2023-10-21,Saturday,10,Biryani,Lunch,250,166,238
2023-10-21,Saturday,10,Biryani,Dinner,250,217,208
2023-10-21,Saturday,10,Fried Rice,Lunch,220,113,205
2023-10-21,Saturday,10,Fried Rice,Dinner,220,144,369
2023-10-21,Saturday,10,Noodles,Lunch,210,138,488
2023-10-21,Saturday,10,Noodles,Dinner,210,148,316
2023-10-21,Saturday,10,Ice Cream,Lunch,120,91,247
2023-10-21,Saturday,10,Ice Cream,Dinner,120,112,405
2023-10-21,Saturday,10,Coffee,Lunch,100,165,481
2023-10-21,Saturday,10,Coffee,Dinner,100,178,231
2023-10-22,Sunday,10,Pizza,Lunch,350,173,324
2023-10-22,Sunday,10,Pizza,Dinner,350,190,249
2023-10-22,Sunday,10,Burger,Lunch,200,137,377
2023-10-22,Sunday,10,Burger,Dinner,200,181,413
2023-10-22,Sunday,10,Pasta,Lunch,300,129,377
2023-10-22,Sunday,10,Pasta,Dinner,300,127,488
2023-10-22,Sunday,10,Sandwich,Lunch,180,88,484
2023-10-22,Sunday,10,Sandwich,Dinner,180,122,331
2023-10-22,Sunday,10,Salad,Lunch,150,75,297
2023-10-22,Sunday,10,Salad,Dinner,150,67,201
2023-10-22,Sunday,10,Biryani,Lunch,250,162,305
2023-10-22,Sunday,10,Biryani,Dinner,250,211,441
2023-10-22,Sunday,10,Fried Rice,Lunch,220,144,381
2023-10-22,Sunday,10,Fried Rice,Dinner,220,140,382
2023-10-22,Sunday,10,Noodles,Lunch,210,113,424
2023-10-22,Sunday,10,Noodles,Dinner,210,126,342
2023-10-22,Sunday,10,Ice Cream,Lunch,120,103,311
2023-10-22,Sunday,10,Ice Cream,Dinner,120,104,488
2023-10-22,Sunday,10,Coffee,Lunch,100,160,452
2023-10-22,Sunday,10,Coffee,Dinner,100,183,265
2023-10-23,Monday,10,Pizza,Lunch,350,134,219
2023-10-23,Monday,10,Pizza,Dinner,350,132,209
2023-10-23,Monday,10,Burger,Lunch,200,89,239
2023-10-23,Monday,10,Burger,Dinner,200,133,241
2023-10-23,Monday,10,Pasta,Lunch,300,91,399
2023-10-23,Monday,10,Pasta,Dinner,300,78,446
2023-10-23,Monday,10,Sandwich,Lunch,180,58,380
2023-10-23,Monday,10,Sandwich,Dinner,180,87,361
2023-10-23,Monday,10,Salad,Lunch,150,64,234
2023-10-23,Monday,10,Salad,Dinner,150,40,387
2023-10-23,Monday,10,Biryani,Lunch,250,130,395
2023-10-23,Monday,10,Biryani,Dinner,250,176,321
2023-10-23,Monday,10,Fried Rice,Lunch,220,76,240
2023-10-23,Monday,10,Fried Rice,Dinner,220,112,274
2023-10-23,Monday,10,Noodles,Lunch,210,103,251
2023-10-23,Monday,10,Noodles,Dinner,210,116,255
2023-10-23,Monday,10,Ice Cream,Lunch,120,73,281
2023-10-23,Monday,10,Ice Cream,Dinner,120,92,346
2023-10-23,Monday,10,Coffee,Lunch,100,94,202
2023-10-23,Monday,10,Coffee,Dinner,100,121,371
2023-10-24,Tuesday,10,Pizza,Lunch,350,104,213
2023-10-24,Tuesday,10,Pizza,Dinner,350,139,346
2023-10-24,Tuesday,10,Burger,Lunch,200,99,454
2023-10-24,Tuesday,10,Burger,Dinner,200,125,216
2023-10-24,Tuesday,10,Pasta,Lunch,300,77,344
2023-10-24,Tuesday,10,Pasta,Dinner,300,81,256
2023-10-24,Tuesday,10,Sandwich,Lunch,180,52,452
2023-10-24,Tuesday,10,Sandwich,Dinner,180,65,233
2023-10-24,Tuesday,10,Salad,Lunch,150,31,205
2023-10-24,Tuesday,10,Salad,Dinner,150,78,384
2023-10-24,Tuesday,10,Biryani,Lunch,250,139,257
2023-10-24,Tuesday,10,Biryani,Dinner,250,166,411
2023-10-24,Tuesday,10,Fried Rice,Lunch,220,84,497
2023-10-24,Tuesday,10,Fried Rice,Dinner,220,118,345
2023-10-24,Tuesday,10,Noodles,Lunch,210,66,278
2023-10-24,Tuesday,10,Noodles,Dinner,210,85,371
2023-10-24,Tuesday,10,Ice Cream,Lunch,120,74,495
2023-10-24,Tuesday,10,Ice Cream,Dinner,120,66,478
2023-10-24,Tuesday,10,Coffee,Lunch,100,124,209
2023-10-24,Tuesday,10,Coffee,Dinner,100,148,499
2023-10-25,Wednesday,10,Pizza,Lunch,350,130,333
2023-10-25,Wednesday,10,Pizza,Dinner,350,140,300
2023-10-25,Wednesday,10,Burger,Lunch,200,104,482
2023-10-25,Wednesday,10,Burger,Dinner,200,101,239
2023-10-25,Wednesday,10,Pasta,Lunch,300,86,448
2023-10-25,Wednesday,10,Pasta,Dinner,300,92,217
2023-10-25,Wednesday,10,Sandwich,Lunch,180,65,460
2023-10-25,Wednesday,10,Sandwich,Dinner,180,75,362
2023-10-25,Wednesday,10,Salad,Lunch,150,34,483
2023-10-25,Wednesday,10,Salad,Dinner,150,61,366
2023-10-25,Wednesday,10,Biryani,Lunch,250,125,408
2023-10-25,Wednesday,10,Biryani,Dinner,250,166,217
2023-10-25,Wednesday,10,Fried Rice,Lunch,220,71,475
2023-10-25,Wednesday,10,Fried Rice,Dinner,220,109,234
2023-10-25,Wednesday,10,Noodles,Lunch,210,92,360
2023-10-25,Wednesday,10,Noodles,Dinner,210,112,242
2023-10-25,Wednesday,10,Ice Cream,Lunch,120,50,385
2023-10-25,Wednesday,10,Ice Cream,Dinner,120,77,266
2023-10-25,Wednesday,10,Coffee,Lunch,100,129,297
2023-10-25,Wednesday,10,Coffee,Dinner,100,142,332
2023-10-26,Thursday,10,Pizza,Lunch,350,123,377
2023-10-26,Thursday,10,Pizza,Dinner,350,131,260
2023-10-26,Thursday,10,Burger,Lunch,200,115,289
2023-10-26,Thursday,10,Burger,Dinner,200,127,302
2023-10-26,Thursday,10,Pasta,Lunch,300,87,406
2023-10-26,Thursday,10,Pasta,Dinner,300,99,408
2023-10-26,Thursday,10,Sandwich,Lunch,180,66,397
2023-10-26,Thursday,10,Sandwich,Dinner,180,99,458
2023-10-26,Thursday,10,Salad,Lunch,150,37,214
2023-10-26,Thursday,10,Salad,Dinner,150,70,402
2023-10-26,Thursday,10,Biryani,Lunch,250,121,383
2023-10-26,Thursday,10,Biryani,Dinner,250,167,443
2023-10-26,Thursday,10,Fried Rice,Lunch,220,72,437
2023-10-26,Thursday,10,Fried Rice,Dinner,220,88,444
2023-10-26,Thursday,10,Noodles,Lunch,210,93,418
2023-10-26,Thursday,10,Noodles,Dinner,210,92,309
2023-10-26,Thursday,10,Ice Cream,Lunch,120,59,292
2023-10-26,Thursday,10,Ice Cream,Dinner,120,88,441
2023-10-26,Thursday,10,Coffee,Lunch,100,121,289
2023-10-26,Thursday,10,Coffee,Dinner,100,139,444
2023-10-27,Friday,10,Pizza,Lunch,350,124,382
2023-10-27,Friday,10,Pizza,Dinner,350,159,495
2023-10-27,Friday,10,Burger,Lunch,200,103,378
2023-10-27,Friday,10,Burger,Dinner,200,134,444
2023-10-27,Friday,10,Pasta,Lunch,300,65,241
2023-10-27,Friday,10,Pasta,Dinner,300,109,460
2023-10-27,Friday,10,Sandwich,Lunch,180,59,372
2023-10-27,Friday,10,Sandwich,Dinner,180,78,366
2023-10-27,Friday,10,Salad,Lunch,150,47,426
2023-10-27,Friday,10,Salad,Dinner,150,52,293
2023-10-27,Friday,10,Biryani,Lunch,250,147,391
2023-10-27,Friday,10,Biryani,Dinner,250,165,399
2023-10-27,Friday,10,Fried Rice,Lunch,220,82,339
2023-10-27,Friday,10,Fried Rice,Dinner,220,120,343
2023-10-27,Friday,10,Noodles,Lunch,210,89,473
2023-10-27,Friday,10,Noodles,Dinner,210,97,300
2023-10-27,Friday,10,Ice Cream,Lunch,120,48,445
2023-10-27,Friday,10,Ice Cream,Dinner,120,53,337
2023-10-27,Friday,10,Coffee,Lunch,100,118,271
2023-10-27,Friday,10,Coffee,Dinner,100,128,327
2023-10-28,Saturday,10,Pizza,Lunch,350,174,390
2023-10-28,Saturday,10,Pizza,Dinner,350,193,436
2023-10-28,Saturday,10,Burger,Lunch,200,129,456
2023-10-28,Saturday,10,Burger,Dinner,200,178,379
2023-10-28,Saturday,10,Pasta,Lunch,300,102,233
2023-10-28,Saturday,10,Pasta,Dinner,300,118,287
2023-10-28,Saturday,10,Sandwich,Lunch,180,111,225
2023-10-28,Saturday,10,Sandwich,Dinner,180,103,229
2023-10-28,Saturday,10,Salad,Lunch,150,81,435
2023-10-28,Saturday,10,Salad,Dinner,150,98,264
2023-10-28,Saturday,10,Biryani,Lunch,250,178,446
2023-10-28,Saturday,10,Biryani,Dinner,250,222,221
2023-10-28,Saturday,10,Fried Rice,Lunch,220,138,268
2023-10-28,Saturday,10,Fried Rice,Dinner,220,165,489
2023-10-28,Saturday,10,Noodles,Lunch,210,107,214
2023-10-28,Saturday,10,Noodles,Dinner,210,122,455
2023-10-28,Saturday,10,Ice Cream,Lunch,120,103,309
2023-10-28,Saturday,10,Ice Cream,Dinner,120,92,403
2023-10-28,Saturday,10,Coffee,Lunch,100,174,322
2023-10-28,Saturday,10,Coffee,Dinner,100,176,255
2023-10-29,Sunday,10,Pizza,Lunch,350,179,419
2023-10-29,Sunday,10,Pizza,Dinner,350,214,414
2023-10-29,Sunday,10,Burger,Lunch,200,156,436
2023-10-29,Sunday,10,Burger,Dinner,200,185,252
2023-10-29,Sunday,10,Pasta,Lunch,300,108,485
2023-10-29,Sunday,10,Pasta,Dinner,300,127,221
2023-10-29,Sunday,10,Sandwich,Lunch,180,109,373
2023-10-29,Sunday,10,Sandwich,Dinner,180,128,222
2023-10-29,Sunday,10,Salad,Lunch,150,89,457
2023-10-29,Sunday,10,Salad,Dinner,150,64,236
2023-10-29,Sunday,10,Biryani,Lunch,250,163,421
2023-10-29,Sunday,10,Biryani,Dinner,250,214,405
2023-10-29,Sunday,10,Fried Rice,Lunch,220,134,298
2023-10-29,Sunday,10,Fried Rice,Dinner,220,171,474
2023-10-29,Sunday,10,Noodles,Lunch,210,135,201
2023-10-29,Sunday,10,Noodles,Dinner,210,136,310
2023-10-29,Sunday,10,Ice Cream,Lunch,120,103,433
2023-10-29,Sunday,10,Ice Cream,Dinner,120,91,324
2023-10-29,Sunday,10,Coffee,Lunch,100,135,477
2023-10-29,Sunday,10,Coffee,Dinner,100,183,409
2023-10-30,Monday,10,Pizza,Lunch,350,107,295
2023-10-30,Monday,10,Pizza,Dinner,350,138,385
2023-10-30,Monday,10,Burger,Lunch,200,98,497
2023-10-30,Monday,10,Burger,Dinner,200,131,335
2023-10-30,Monday,10,Pasta,Lunch,300,63,363
2023-10-30,Monday,10,Pasta,Dinner,300,109,338
2023-10-30,Monday,10,Sandwich,Lunch,180,76,357
2023-10-30,Monday,10,Sandwich,Dinner,180,82,305
2023-10-30,Monday,10,Salad,Lunch,150,68,324
2023-10-30,Monday,10,Salad,Dinner,150,43,427
2023-10-30,Monday,10,Biryani,Lunch,250,140,206
2023-10-30,Monday,10,Biryani,Dinner,250,144,402
2023-10-30,Monday,10,Fried Rice,Lunch,220,76,417
2023-10-30,Monday,10,Fried Rice,Dinner,220,108,459
2023-10-30,Monday,10,Noodles,Lunch,210,103,252
2023-10-30,Monday,10,Noodles,Dinner,210,93,267
2023-10-30,Monday,10,Ice Cream,Lunch,120,47,457
2023-10-30,Monday,10,Ice Cream,Dinner,120,76,208
2023-10-30,Monday,10,Coffee,Lunch,100,126,261
2023-10-30,Monday,10,Coffee,Dinner,100,148,237
2023-10-31,Tuesday,10,Pizza,Lunch,350,117,445
2023-10-31,Tuesday,10,Pizza,Dinner,350,139,500
2023-10-31,Tuesday,10,Burger,Lunch,200,87,368
2023-10-31,Tuesday,10,Burger,Dinner,200,128,206
2023-10-31,Tuesday,10,Pasta,Lunch,300,74,261
2023-10-31,Tuesday,10,Pasta,Dinner,300,83,386
2023-10-31,Tuesday,10,Sandwich,Lunch,180,50,335
2023-10-31,Tuesday,10,Sandwich,Dinner,180,98,348
2023-10-31,Tuesday,10,Salad,Lunch,150,45,451
2023-10-31,Tuesday,10,Salad,Dinner,150,40,264
2023-10-31,Tuesday,10,Biryani,Lunch,250,140,368
2023-10-31,Tuesday,10,Biryani,Dinner,250,166,485
2023-10-31,Tuesday,10,Fried Rice,Lunch,220,76,418
2023-10-31,Tuesday,10,Fried Rice,Dinner,220,113,289
2023-10-31,Tuesday,10,Noodles,Lunch,210,92,344
2023-10-31,Tuesday,10,Noodles,Dinner,210,100,414
2023-10-31,Tuesday,10,Ice Cream,Lunch,120,63,232
2023-10-31,Tuesday,10,Ice Cream,Dinner,120,59,247
2023-10-31,Tuesday,10,Coffee,Lunch,100,92,299
2023-10-31,Tuesday,10,Coffee,Dinner,100,147,423
2023-11-01,Wednesday,11,Pizza,Lunch,350,152,449
2023-11-01,Wednesday,11,Pizza,Dinner,350,177,357
2023-11-01,Wednesday,11,Burger,Lunch,200,150,406
2023-11-01,Wednesday,11,Burger,Dinner,200,158,208
2023-11-01,Wednesday,11,Pasta,Lunch,300,101,493
2023-11-01,Wednesday,11,Pasta,Dinner,300,111,305
2023-11-01,Wednesday,11,Sandwich,Lunch,180,91,395
2023-11-01,Wednesday,11,Sandwich,Dinner,180,112,463
2023-11-01,Wednesday,11,Salad,Lunch,150,55,358
2023-11-01,Wednesday,11,Salad,Dinner,150,60,447
2023-11-01,Wednesday,11,Biryani,Lunch,250,149,306
2023-11-01,Wednesday,11,Biryani,Dinner,250,221,284
2023-11-01,Wednesday,11,Fried Rice,Lunch,220,127,421
2023-11-01,Wednesday,11,Fried Rice,Dinner,220,144,484
2023-11-01,Wednesday,11,Noodles,Lunch,210,92,456
2023-11-01,Wednesday,11,Noodles,Dinner,210,140,373
2023-11-01,Wednesday,11,Ice Cream,Lunch,120,97,234
2023-11-01,Wednesday,11,Ice Cream,Dinner,120,77,313
2023-11-01,Wednesday,11,Coffee,Lunch,100,126,359
2023-11-01,Wednesday,11,Coffee,Dinner,100,175,488
2023-11-02,Thursday,11,Pizza,Lunch,350,146,249
2023-11-02,Thursday,11,Pizza,Dinner,350,188,449
2023-11-02,Thursday,11,Burger,Lunch,200,134,377
2023-11-02,Thursday,11,Burger,Dinner,200,143,237
2023-11-02,Thursday,11,Pasta,Lunch,300,99,422
2023-11-02,Thursday,11,Pasta,Dinner,300,125,352
2023-11-02,Thursday,11,Sandwich,Lunch,180,76,427
2023-11-02,Thursday,11,Sandwich,Dinner,180,117,211
2023-11-02,Thursday,11,Salad,Lunch,150,66,227
2023-11-02,Thursday,11,Salad,Dinner,150,60,207
2023-11-02,Thursday,11,Biryani,Lunch,250,173,359
2023-11-02,Thursday,11,Biryani,Dinner,250,213,290
2023-11-02,Thursday,11,Fried Rice,Lunch,220,102,216
2023-11-02,Thursday,11,Fried Rice,Dinner,220,142,332
2023-11-02,Thursday,11,Noodles,Lunch,210,97,395
2023-11-02,Thursday,11,Noodles,Dinner,210,124,287
2023-11-02,Thursday,11,Ice Cream,Lunch,120,59,437
2023-11-02,Thursday,11,Ice Cream,Dinner,120,107,251
2023-11-02,Thursday,11,Coffee,Lunch,100,158,418
2023-11-02,Thursday,11,Coffee,Dinner,100,173,460
2023-11-03,Friday,11,Pizza,Lunch,350,140,473
2023-11-03,Friday,11,Pizza,Dinner,350,181,223
2023-11-03,Friday,11,Burger,Lunch,200,128,372
2023-11-03,Friday,11,Burger,Dinner,200,157,273
2023-11-03,Friday,11,Pasta,Lunch,300,92,356
2023-11-03,Friday,11,Pasta,Dinner,300,140,303
2023-11-03,Friday,11,Sandwich,Lunch,180,111,442
2023-11-03,Friday,11,Sandwich,Dinner,180,106,360
2023-11-03,Friday,11,Salad,Lunch,150,66,434
2023-11-03,Friday,11,Salad,Dinner,150,69,268
2023-11-03,Friday,11,Biryani,Lunch,250,167,422
2023-11-03,Friday,11,Biryani,Dinner,250,202,331
2023-11-03,Friday,11,Fried Rice,Lunch,220,137,346
2023-11-03,Friday,11,Fried Rice,Dinner,220,152,498
2023-11-03,Friday,11,Noodles,Lunch,210,92,381
2023-11-03,Friday,11,Noodles,Dinner,210,144,359
2023-11-03,Friday,11,Ice Cream,Lunch,120,67,295
2023-11-03,Friday,11,Ice Cream,Dinner,120,84,465
2023-11-03,Friday,11,Coffee,Lunch,100,153,358
2023-11-03,Friday,11,Coffee,Dinner,100,180,232
2023-11-04,Saturday,11,Pizza,Lunch,350,228,466
2023-11-04,Saturday,11,Pizza,Dinner,350,242,203
2023-11-04,Saturday,11,Burger,Lunch,200,187,387
2023-11-04,Saturday,11,Burger,Dinner,200,202,239
2023-11-04,Saturday,11,Pasta,Lunch,300,164,311
2023-11-04,Saturday,11,Pasta,Dinner,300,174,409
2023-11-04,Saturday,11,Sandwich,Lunch,180,142,278
2023-11-04,Saturday,11,Sandwich,Dinner,180,153,271
2023-11-04,Saturday,11,Salad,Lunch,150,91,493
2023-11-04,Saturday,11,Salad,Dinner,150,100,289
2023-11-04,Saturday,11,Biryani,Lunch,250,220,460
2023-11-04,Saturday,11,Biryani,Dinner,250,286,242
2023-11-04,Saturday,11,Fried Rice,Lunch,220,176,325
2023-11-04,Saturday,11,Fried Rice,Dinner,220,205,344
2023-11-04,Saturday,11,Noodles,Lunch,210,171,293
2023-11-04,Saturday,11,Noodles,Dinner,210,173,488
2023-11-04,Saturday,11,Ice Cream,Lunch,120,90,466
2023-11-04,Saturday,11,Ice Cream,Dinner,120,118,300
2023-11-04,Saturday,11,Coffee,Lunch,100,199,343
2023-11-04,Saturday,11,Coffee,Dinner,100,249,471
2023-11-05,Sunday,11,Pizza,Lunch,350,210,215
2023-11-05,Sunday,11,Pizza,Dinner,350,275,486
2023-11-05,Sunday,11,Burger,Lunch,200,178,450
2023-11-05,Sunday,11,Burger,Dinner,200,204,226
2023-11-05,Sunday,11,Pasta,Lunch,300,152,237
2023-11-05,Sunday,11,Pasta,Dinner,300,173,348
2023-11-05,Sunday,11,Sandwich,Lunch,180,134,360
2023-11-05,Sunday,11,Sandwich,Dinner,180,143,469
2023-11-05,Sunday,11,Salad,Lunch,150,103,364
2023-11-05,Sunday,11,Salad,Dinner,150,104,284
2023-11-05,Sunday,11,Biryani,Lunch,250,247,203
2023-11-05,Sunday,11,Biryani,Dinner,250,289,413
2023-11-05,Sunday,11,Fried Rice,Lunch,220,178,383
2023-11-05,Sunday,11,Fried Rice,Dinner,220,182,322
2023-11-05,Sunday,11,Noodles,Lunch,210,163,270
2023-11-05,Sunday,11,Noodles,Dinner,210,174,296
2023-11-05,Sunday,11,Ice Cream,Lunch,120,112,468
2023-11-05,Sunday,11,Ice Cream,Dinner,120,113,339
2023-11-05,Sunday,11,Coffee,Lunch,100,219,233
2023-11-05,Sunday,11,Coffee,Dinner,100,244,328
2023-11-06,Monday,11,Pizza,Lunch,350,169,320
2023-11-06,Monday,11,Pizza,Dinner,350,186,317
2023-11-06,Monday,11,Burger,Lunch,200,121,473
2023-11-06,Monday,11,Burger,Dinner,200,173,265
2023-11-06,Monday,11,Pasta,Lunch,300,119,289
2023-11-06,Monday,11,Pasta,Dinner,300,123,330
2023-11-06,Monday,11,Sandwich,Lunch,180,76,468
2023-11-06,Monday,11,Sandwich,Dinner,180,99,453
2023-11-06,Monday,11,Salad,Lunch,150,61,378
2023-11-06,Monday,11,Salad,Dinner,150,85,327
2023-11-06,Monday,11,Biryani,Lunch,250,183,269
2023-11-06,Monday,11,Biryani,Dinner,250,209,409
2023-11-06,Monday,11,Fried Rice,Lunch,220,105,475
2023-11-06,Monday,11,Fried Rice,Dinner,220,142,406
2023-11-06,Monday,11,Noodles,Lunch,210,106,267
2023-11-06,Monday,11,Noodles,Dinner,210,126,404
2023-11-06,Monday,11,Ice Cream,Lunch,120,84,344
2023-11-06,Monday,11,Ice Cream,Dinner,120,105,264
2023-11-06,Monday,11,Coffee,Lunch,100,146,331
2023-11-06,Monday,11,Coffee,Dinner,100,172,483
2023-11-07,Tuesday,11,Pizza,Lunch,350,143,295
2023-11-07,Tuesday,11,Pizza,Dinner,350,167,414
2023-11-07,Tuesday,11,Burger,Lunch,200,125,348
2023-11-07,Tuesday,11,Burger,Dinner,200,136,483
2023-11-07,Tuesday,11,Pasta,Lunch,300,115,220
2023-11-07,Tuesday,11,Pasta,Dinner,300,108,283
2023-11-07,Tuesday,11,Sandwich,Lunch,180,108,255
2023-11-07,Tuesday,11,Sandwich,Dinner,180,93,476
2023-11-07,Tuesday,11,Salad,Lunch,150,47,310
2023-11-07,Tuesday,11,Salad,Dinner,150,67,499
2023-11-07,Tuesday,11,Biryani,Lunch,250,162,330
2023-11-07,Tuesday,11,Biryani,Dinner,250,219,362
2023-11-07,Tuesday,11,Fried Rice,Lunch,220,134,382
2023-11-07,Tuesday,11,Fried Rice,Dinner,220,142,361
2023-11-07,Tuesday,11,Noodles,Lunch,210,118,464
2023-11-07,Tuesday,11,Noodles,Dinner,210,148,416
2023-11-07,Tuesday,11,Ice Cream,Lunch,120,73,414
2023-11-07,Tuesday,11,Ice Cream,Dinner,120,104,498
2023-11-07,Tuesday,11,Coffee,Lunch,100,163,405
2023-11-07,Tuesday,11,Coffee,Dinner,100,168,472
2023-11-08,Wednesday,11,Pizza,Lunch,350,155,263
2023-11-08,Wednesday,11,Pizza,Dinner,350,172,489
2023-11-08,Wednesday,11,Burger,Lunch,200,119,317
2023-11-08,Wednesday,11,Burger,Dinner,200,149,476
2023-11-08,Wednesday,11,Pasta,Lunch,300,112,331
2023-11-08,Wednesday,11,Pasta,Dinner,300,127,309
2023-11-08,Wednesday,11,Sandwich,Lunch,180,88,459
2023-11-08,Wednesday,11,Sandwich,Dinner,180,118,498
2023-11-08,Wednesday,11,Salad,Lunch,150,62,298
2023-11-08,Wednesday,11,Salad,Dinner,150,77,250
2023-11-08,Wednesday,11,Biryani,Lunch,250,188,284
2023-11-08,Wednesday,11,Biryani,Dinner,250,202,248
2023-11-08,Wednesday,11,Fried Rice,Lunch,220,118,448
2023-11-08,Wednesday,11,Fried Rice,Dinner,220,152,429
2023-11-08,Wednesday,11,Noodles,Lunch,210,104,351
2023-11-08,Wednesday,11,Noodles,Dinner,210,148,383
2023-11-08,Wednesday,11,Ice Cream,Lunch,120,61,309
2023-11-08,Wednesday,11,Ice Cream,Dinner,120,80,341
2023-11-08,Wednesday,11,Coffee,Lunch,100,151,250
2023-11-08,Wednesday,11,Coffee,Dinner,100,153,319
2023-11-09,Thursday,11,Pizza,Lunch,350,156,357
2023-11-09,Thursday,11,Pizza,Dinner,350,192,268
2023-11-09,Thursday,11,Burger,Lunch,200,118,342
2023-11-09,Thursday,11,Burger,Dinner,200,149,460
2023-11-09,Thursday,11,Pasta,Lunch,300,119,385
2023-11-09,Thursday,11,Pasta,Dinner,300,140,499
2023-11-09,Thursday,11,Sandwich,Lunch,180,103,406
2023-11-09,Thursday,11,Sandwich,Dinner,180,114,317
2023-11-09,Thursday,11,Salad,Lunch,150,73,415
2023-11-09,Thursday,11,Salad,Dinner,150,93,268
2023-11-09,Thursday,11,Biryani,Lunch,250,166,277
2023-11-09,Thursday,11,Biryani,Dinner,250,202,325
2023-11-09,Thursday,11,Fried Rice,Lunch,220,137,262
2023-11-09,Thursday,11,Fried Rice,Dinner,220,136,254
2023-11-09,Thursday,11,Noodles,Lunch,210,91,427
2023-11-09,Thursday,11,Noodles,Dinner,210,148,222
2023-11-09,Thursday,11,Ice Cream,Lunch,120,60,300
2023-11-09,Thursday,11,Ice Cream,Dinner,120,82,498
2023-11-09,Thursday,11,Coffee,Lunch,100,144,488
2023-11-09,Thursday,11,Coffee,Dinner,100,188,499
2023-11-10,Friday,11,Pizza,Lunch,350,143,252
2023-11-10,Friday,11,Pizza,Dinner,350,169,358
2023-11-10,Friday,11,Burger,Lunch,200,113,336
2023-11-10,Friday,11,Burger,Dinner,200,142,367
2023-11-10,Friday,11,Pasta,Lunch,300,116,496
2023-11-10,Friday,11,Pasta,Dinner,300,118,448
2023-11-10,Friday,11,Sandwich,Lunch,180,91,471
2023-11-10,Friday,11,Sandwich,Dinner,180,98,302
2023-11-10,Friday,11,Salad,Lunch,150,62,491
2023-11-10,Friday,11,Salad,Dinner,150,80,414
2023-11-10,Friday,11,Biryani,Lunch,250,166,217
2023-11-10,Friday,11,Biryani,Dinner,250,183,272
2023-11-10,Friday,11,Fried Rice,Lunch,220,105,360
2023-11-10,Friday,11,Fried Rice,Dinner,220,156,430
2023-11-10,Friday,11,Noodles,Lunch,210,116,250
2023-11-10,Friday,11,Noodles,Dinner,210,152,317
2023-11-10,Friday,11,Ice Cream,Lunch,120,77,439
2023-11-10,Friday,11,Ice Cream,Dinner,120,81,443
2023-11-10,Friday,11,Coffee,Lunch,100,127,271
2023-11-10,Friday,11,Coffee,Dinner,100,155,394
2023-11-11,Saturday,11,Pizza,Lunch,350,203,442
2023-11-11,Saturday,11,Pizza,Dinner,350,271,380
2023-11-11,Saturday,11,Burger,Lunch,200,177,278
2023-11-11,Saturday,11,Burger,Dinner,200,204,431
2023-11-11,Saturday,11,Pasta,Lunch,300,158,402
2023-11-11,Saturday,11,Pasta,Dinner,300,190,223
2023-11-11,Saturday,11,Sandwich,Lunch,180,126,478
2023-11-11,Saturday,11,Sandwich,Dinner,180,171,298
2023-11-11,Saturday,11,Salad,Lunch,150,104,322
2023-11-11,Saturday,11,Salad,Dinner,150,90,380
2023-11-11,Saturday,11,Biryani,Lunch,250,218,200
2023-11-11,Saturday,11,Biryani,Dinner,250,280,469
2023-11-11,Saturday,11,Fried Rice,Lunch,220,152,201
2023-11-11,Saturday,11,Fried Rice,Dinner,220,185,438
2023-11-11,Saturday,11,Noodles,Lunch,210,174,434
2023-11-11,Saturday,11,Noodles,Dinner,210,181,422
2023-11-11,Saturday,11,Ice Cream,Lunch,120,123,359
2023-11-11,Saturday,11,Ice Cream,Dinner,120,119,461
2023-11-11,Saturday,11,Coffee,Lunch,100,189,330
2023-11-11,Saturday,11,Coffee,Dinner,100,238,450
2023-11-12,Sunday,11,Pizza,Lunch,350,217,484
2023-11-12,Sunday,11,Pizza,Dinner,350,262,393
2023-11-12,Sunday,11,Burger,Lunch,200,193,489
2023-11-12,Sunday,11,Burger,Dinner,200,215,329
2023-11-12,Sunday,11,Pasta,Lunch,300,129,261
2023-11-12,Sunday,11,Pasta,Dinner,300,187,273
2023-11-12,Sunday,11,Sandwich,Lunch,180,126,422
2023-11-12,Sunday,11,Sandwich,Dinner,180,163,345
2023-11-12,Sunday,11,Salad,Lunch,150,85,388
2023-11-12,Sunday,11,Salad,Dinner,150,112,321
2023-11-12,Sunday,11,Biryani,Lunch,250,224,420
2023-11-12,Sunday,11,Biryani,Dinner,250,271,219
2023-11-12,Sunday,11,Fried Rice,Lunch,220,143,406
2023-11-12,Sunday,11,Fried Rice,Dinner,220,183,274
2023-11-12,Sunday,11,Noodles,Lunch,210,157,207
2023-11-12,Sunday,11,Noodles,Dinner,210,183,292
2023-11-12,Sunday,11,Ice Cream,Lunch,120,125,483
2023-11-12,Sunday,11,Ice Cream,Dinner,120,116,496
2023-11-12,Sunday,11,Coffee,Lunch,100,186,470
2023-11-12,Sunday,11,Coffee,Dinner,100,240,277
2023-11-13,Monday,11,Pizza,Lunch,350,147,311
2023-11-13,Monday,11,Pizza,Dinner,350,201,435
2023-11-13,Monday,11,Burger,Lunch,200,121,417
2023-11-13,Monday,11,Burger,Dinner,200,158,432
2023-11-13,Monday,11,Pasta,Lunch,300,116,201
2023-11-13,Monday,11,Pasta,Dinner,300,140,260
2023-11-13,Monday,11,Sandwich,Lunch,180,93,261
2023-11-13,Monday,11,Sandwich,Dinner,180,101,398
2023-11-13,Monday,11,Salad,Lunch,150,69,244
2023-11-13,Monday,11,Salad,Dinner,150,89,364
2023-11-13,Monday,11,Biryani,Lunch,250,182,225
2023-11-13,Monday,11,Biryani,Dinner,250,221,376
2023-11-13,Monday,11,Fried Rice,Lunch,220,135,354
2023-11-13,Monday,11,Fried Rice,Dinner,220,145,277
2023-11-13,Monday,11,Noodles,Lunch,210,90,228
2023-11-13,Monday,11,Noodles,Dinner,210,135,247
2023-11-13,Monday,11,Ice Cream,Lunch,120,79,200
2023-11-13,Monday,11,Ice Cream,Dinner,120,75,288
2023-11-13,Monday,11,Coffee,Lunch,100,134,291
2023-11-13,Monday,11,Coffee,Dinner,100,170,270
2023-11-14,Tuesday,11,Pizza,Lunch,350,149,301
2023-11-14,Tuesday,11,Pizza,Dinner,350,171,453
2023-11-14,Tuesday,11,Burger,Lunch,200,110,347
2023-11-14,Tuesday,11,Burger,Dinner,200,159,423
2023-11-14,Tuesday,11,Pasta,Lunch,300,101,433
2023-11-14,Tuesday,11,Pasta,Dinner,300,123,276
2023-11-14,Tuesday,11,Sandwich,Lunch,180,72,219
2023-11-14,Tuesday,11,Sandwich,Dinner,180,118,225
2023-11-14,Tuesday,11,Salad,Lunch,150,49,381
2023-11-14,Tuesday,11,Salad,Dinner,150,85,240
2023-11-14,Tuesday,11,Biryani,Lunch,250,178,403
2023-11-14,Tuesday,11,Biryani,Dinner,250,200,316
2023-11-14,Tuesday,11,Fried Rice,Lunch,220,106,458
2023-11-14,Tuesday,11,Fried Rice,Dinner,220,139,489
2023-11-14,Tuesday,11,Noodles,Lunch,210,123,222
2023-11-14,Tuesday,11,Noodles,Dinner,210,117,200
2023-11-14,Tuesday,11,Ice Cream,Lunch,120,98,304
2023-11-14,Tuesday,11,Ice Cream,Dinner,120,101,213
2023-11-14,Tuesday,11,Coffee,Lunch,100,160,494
2023-11-14,Tuesday,11,Coffee,Dinner,100,174,468
2023-11-15,Wednesday,11,Pizza,Lunch,350,156,329
2023-11-15,Wednesday,11,Pizza,Dinner,350,207,452
2023-11-15,Wednesday,11,Burger,Lunch,200,121,306
2023-11-15,Wednesday,11,Burger,Dinner,200,136,390
2023-11-15,Wednesday,11,Pasta,Lunch,300,119,412
2023-11-15,Wednesday,11,Pasta,Dinner,300,138,272
2023-11-15,Wednesday,11,Sandwich,Lunch,180,83,329
2023-11-15,Wednesday,11,Sandwich,Dinner,180,109,206
2023-11-15,Wednesday,11,Salad,Lunch,150,62,444
2023-11-15,Wednesday,11,Salad,Dinner,150,78,315
2023-11-15,Wednesday,11,Biryani,Lunch,250,149,303
2023-11-15,Wednesday,11,Biryani,Dinner,250,182,353
2023-11-15,Wednesday,11,Fried Rice,Lunch,220,127,349
2023-11-15,Wednesday,11,Fried Rice,Dinner,220,147,421
2023-11-15,Wednesday,11,Noodles,Lunch,210,126,328
2023-11-15,Wednesday,11,Noodles,Dinner,210,141,256
2023-11-15,Wednesday,11,Ice Cream,Lunch,120,87,462
2023-11-15,Wednesday,11,Ice Cream,Dinner,120,112,341
2023-11-15,Wednesday,11,Coffee,Lunch,100,142,421
2023-11-15,Wednesday,11,Coffee,Dinner,100,175,399
2023-11-16,Thursday,11,Pizza,Lunch,350,161,454
2023-11-16,Thursday,11,Pizza,Dinner,350,199,409
2023-11-16,Thursday,11,Burger,Lunch,200,147,218
2023-11-16,Thursday,11,Burger,Dinner,200,153,220
2023-11-16,Thursday,11,Pasta,Lunch,300,112,452
2023-11-16,Thursday,11,Pasta,Dinner,300,119,442
2023-11-16,Thursday,11,Sandwich,Lunch,180,81,276
2023-11-16,Thursday,11,Sandwich,Dinner,180,117,430
2023-11-16,Thursday,11,Salad,Lunch,150,74,454
2023-11-16,Thursday,11,Salad,Dinner,150,95,299
2023-11-16,Thursday,11,Biryani,Lunch,250,151,300
2023-11-16,Thursday,11,Biryani,Dinner,250,210,270
2023-11-16,Thursday,11,Fried Rice,Lunch,220,100,467
2023-11-16,Thursday,11,Fried Rice,Dinner,220,138,230
2023-11-16,Thursday,11,Noodles,Lunch,210,120,292
2023-11-16,Thursday,11,Noodles,Dinner,210,112,321
2023-11-16,Thursday,11,Ice Cream,Lunch,120,61,364
2023-11-16,Thursday,11,Ice Cream,Dinner,120,78,424
2023-11-16,Thursday,11,Coffee,Lunch,100,124,449
2023-11-16,Thursday,11,Coffee,Dinner,100,159,220
2023-11-17,Friday,11,Pizza,Lunch,350,153,381
2023-11-17,Friday,11,Pizza,Dinner,350,207,493
2023-11-17,Friday,11,Burger,Lunch,200,146,298
2023-11-17,Friday,11,Burger,Dinner,200,174,467
2023-11-17,Friday,11,Pasta,Lunch,300,118,413
2023-11-17,Friday,11,Pasta,Dinner,300,142,424
2023-11-17,Friday,11,Sandwich,Lunch,180,74,403
2023-11-17,Friday,11,Sandwich,Dinner,180,110,265
2023-11-17,Friday,11,Salad,Lunch,150,64,241
2023-11-17,Friday,11,Salad,Dinner,150,98,386
2023-11-17,Friday,11,Biryani,Lunch,250,164,442
2023-11-17,Friday,11,Biryani,Dinner,250,195,432
2023-11-17,Friday,11,Fried Rice,Lunch,220,113,307
2023-11-17,Friday,11,Fried Rice,Dinner,220,152,405
2023-11-17,Friday,11,Noodles,Lunch,210,128,472
2023-11-17,Friday,11,Noodles,Dinner,210,128,493
2023-11-17,Friday,11,Ice Cream,Lunch,120,96,251
2023-11-17,Friday,11,Ice Cream,Dinner,120,85,352
2023-11-17,Friday,11,Coffee,Lunch,100,138,334
2023-11-17,Friday,11,Coffee,Dinner,100,174,270
2023-11-18,Saturday,11,Pizza,Lunch,350,201,205
2023-11-18,Saturday,11,Pizza,Dinner,350,248,279
2023-11-18,Saturday,11,Burger,Lunch,200,178,353
2023-11-18,Saturday,11,Burger,Dinner,200,207,239
2023-11-18,Saturday,11,Pasta,Lunch,300,134,463
2023-11-18,Saturday,11,Pasta,Dinner,300,180,482
2023-11-18,Saturday,11,Sandwich,Lunch,180,131,239
2023-11-18,Saturday,11,Sandwich,Dinner,180,134,330
2023-11-18,Saturday,11,Salad,Lunch,150,107,477
2023-11-18,Saturday,11,Salad,Dinner,150,95,324
2023-11-18,Saturday,11,Biryani,Lunch,250,225,229
2023-11-18,Saturday,11,Biryani,Dinner,250,283,350
2023-11-18,Saturday,11,Fried Rice,Lunch,220,154,278
2023-11-18,Saturday,11,Fried Rice,Dinner,220,211,470
2023-11-18,Saturday,11,Noodles,Lunch,210,134,312
2023-11-18,Saturday,11,Noodles,Dinner,210,178,257
2023-11-18,Saturday,11,Ice Cream,Lunch,120,115,329
2023-11-18,Saturday,11,Ice Cream,Dinner,120,117,203
2023-11-18,Saturday,11,Coffee,Lunch,100,201,268
2023-11-18,Saturday,11,Coffee,Dinner,100,247,477
2023-11-19,Sunday,11,Pizza,Lunch,350,226,426
2023-11-19,Sunday,11,Pizza,Dinner,350,253,367
2023-11-19,Sunday,11,Burger,Lunch,200,177,405
2023-11-19,Sunday,11,Burger,Dinner,200,202,418
2023-11-19,Sunday,11,Pasta,Lunch,300,162,411
2023-11-19,Sunday,11,Pasta,Dinner,300,171,402
2023-11-19,Sunday,11,Sandwich,Lunch,180,108,257
2023-11-19,Sunday,11,Sandwich,Dinner,180,172,485
2023-11-19,Sunday,11,Salad,Lunch,150,103,487
2023-11-19,Sunday,11,Salad,Dinner,150,120,393
2023-11-19,Sunday,11,Biryani,Lunch,250,220,477
2023-11-19,Sunday,11,Biryani,Dinner,250,273,379
2023-11-19,Sunday,11,Fried Rice,Lunch,220,171,268
2023-11-19,Sunday,11,Fried Rice,Dinner,220,177,234
2023-11-19,Sunday,11,Noodles,Lunch,210,162,446
2023-11-19,Sunday,11,Noodles,Dinner,210,205,239
2023-11-19,Sunday,11,Ice Cream,Lunch,120,94,262
2023-11-19,Sunday,11,Ice Cream,Dinner,120,116,343
2023-11-19,Sunday,11,Coffee,Lunch,100,187,487
2023-11-19,Sunday,11,Coffee,Dinner,100,245,495
2023-11-20,Monday,11,Pizza,Lunch,350,170,490
2023-11-20,Monday,11,Pizza,Dinner,350,168,369
2023-11-20,Monday,11,Burger,Lunch,200,123,404
2023-11-20,Monday,11,Burger,Dinner,200,136,230
2023-11-20,Monday,11,Pasta,Lunch,300,97,293
2023-11-20,Monday,11,Pasta,Dinner,300,124,274
2023-11-20,Monday,11,Sandwich,Lunch,180,96,246
2023-11-20,Monday,11,Sandwich,Dinner,180,95,479
2023-11-20,Monday,11,Salad,Lunch,150,66,446
2023-11-20,Monday,11,Salad,Dinner,150,71,483
2023-11-20,Monday,11,Biryani,Lunch,250,184,234
2023-11-20,Monday,11,Biryani,Dinner,250,200,259
2023-11-20,Monday,11,Fried Rice,Lunch,220,99,387
2023-11-20,Monday,11,Fried Rice,Dinner,220,145,401
2023-11-20,Monday,11,Noodles,Lunch,210,122,493
2023-11-20,Monday,11,Noodles,Dinner,210,117,329
2023-11-20,Monday,11,Ice Cream,Lunch,120,98,419
2023-11-20,Monday,11,Ice Cream,Dinner,120,87,215
2023-11-20,Monday,11,Coffee,Lunch,100,151,209
2023-11-20,Monday,11,Coffee,Dinner,100,167,408
2023-11-21,Tuesday,11,Pizza,Lunch,350,159,445
2023-11-21,Tuesday,11,Pizza,Dinner,350,181,476
2023-11-21,Tuesday,11,Burger,Lunch,200,113,345
2023-11-21,Tuesday,11,Burger,Dinner,200,136,459
2023-11-21,Tuesday,11,Pasta,Lunch,300,99,422
2023-11-21,Tuesday,11,Pasta,Dinner,300,113,224
2023-11-21,Tuesday,11,Sandwich,Lunch,180,80,296
2023-11-21,Tuesday,11,Sandwich,Dinner,180,104,497
2023-11-21,Tuesday,11,Salad,Lunch,150,57,238
2023-11-21,Tuesday,11,Salad,Dinner,150,85,285
2023-11-21,Tuesday,11,Biryani,Lunch,250,159,312
2023-11-21,Tuesday,11,Biryani,Dinner,250,189,354
2023-11-21,Tuesday,11,Fried Rice,Lunch,220,136,388
2023-11-21,Tuesday,11,Fried Rice,Dinner,220,136,445
2023-11-21,Tuesday,11,Noodles,Lunch,210,117,407
2023-11-21,Tuesday,11,Noodles,Dinner,210,117,351
2023-11-21,Tuesday,11,Ice Cream,Lunch,120,58,475
2023-11-21,Tuesday,11,Ice Cream,Dinner,120,96,467
2023-11-21,Tuesday,11,Coffee,Lunch,100,151,472
2023-11-21,Tuesday,11,Coffee,Dinner,100,154,204
2023-11-22,Wednesday,11,Pizza,Lunch,350,143,345
2023-11-22,Wednesday,11,Pizza,Dinner,350,205,458
2023-11-22,Wednesday,11,Burger,Lunch,200,139,220
2023-11-22,Wednesday,11,Burger,Dinner,200,173,436
2023-11-22,Wednesday,11,Pasta,Lunch,300,88,446
2023-11-22,Wednesday,11,Pasta,Dinner,300,115,249
2023-11-22,Wednesday,11,Sandwich,Lunch,180,106,448
2023-11-22,Wednesday,11,Sandwich,Dinner,180,129,297
2023-11-22,Wednesday,11,Salad,Lunch,150,47,301
2023-11-22,Wednesday,11,Salad,Dinner,150,98,423
2023-11-22,Wednesday,11,Biryani,Lunch,250,180,447
2023-11-22,Wednesday,11,Biryani,Dinner,250,217,286
2023-11-22,Wednesday,11,Fried Rice,Lunch,220,124,227
2023-11-22,Wednesday,11,Fried Rice,Dinner,220,159,469
2023-11-22,Wednesday,11,Noodles,Lunch,210,100,444
2023-11-22,Wednesday,11,Noodles,Dinner,210,121,480
2023-11-22,Wednesday,11,Ice Cream,Lunch,120,95,380
2023-11-22,Wednesday,11,Ice Cream,Dinner,120,85,323
2023-11-22,Wednesday,11,Coffee,Lunch,100,124,496
2023-11-22,Wednesday,11,Coffee,Dinner,100,161,203
2023-11-23,Thursday,11,Pizza,Lunch,350,137,401
2023-11-23,Thursday,11,Pizza,Dinner,350,180,229
2023-11-23,Thursday,11,Burger,Lunch,200,127,378
2023-11-23,Thursday,11,Burger,Dinner,200,157,336
2023-11-23,Thursday,11,Pasta,Lunch,300,101,385
2023-11-23,Thursday,11,Pasta,Dinner,300,133,330
2023-11-23,Thursday,11,Sandwich,Lunch,180,103,352
2023-11-23,Thursday,11,Sandwich,Dinner,180,104,305
2023-11-23,Thursday,11,Salad,Lunch,150,54,446
2023-11-23,Thursday,11,Salad,Dinner,150,76,482
2023-11-23,Thursday,11,Biryani,Lunch,250,179,416
2023-11-23,Thursday,11,Biryani,Dinner,250,201,358
2023-11-23,Thursday,11,Fried Rice,Lunch,220,103,300
2023-11-23,Thursday,11,Fried Rice,Dinner,220,149,276
2023-11-23,Thursday,11,Noodles,Lunch,210,126,466
2023-11-23,Thursday,11,Noodles,Dinner,210,150,320
2023-11-23,Thursday,11,Ice Cream,Lunch,120,82,412
2023-11-23,Thursday,11,Ice Cream,Dinner,120,90,420
2023-11-23,Thursday,11,Coffee,Lunch,100,131,486
2023-11-23,Thursday,11,Coffee,Dinner,100,152,328
2023-11-24,Friday,11,Pizza,Lunch,350,138,323
2023-11-24,Friday,11,Pizza,Dinner,350,195,262
2023-11-24,Friday,11,Burger,Lunch,200,126,405
2023-11-24,Friday,11,Burger,Dinner,200,168,253
2023-11-24,Friday,11,Pasta,Lunch,300,109,448
2023-11-24,Friday,11,Pasta,Dinner,300,120,253
2023-11-24,Friday,11,Sandwich,Lunch,180,87,455
2023-11-24,Friday,11,Sandwich,Dinner,180,107,314
2023-11-24,Friday,11,Salad,Lunch,150,47,284
2023-11-24,Friday,11,Salad,Dinner,150,75,442
2023-11-24,Friday,11,Biryani,Lunch,250,160,302
2023-11-24,Friday,11,Biryani,Dinner,250,194,241
2023-11-24,Friday,11,Fried Rice,Lunch,220,97,360
2023-11-24,Friday,11,Fried Rice,Dinner,220,159,426
2023-11-24,Friday,11,Noodles,Lunch,210,106,339
2023-11-24,Friday,11,Noodles,Dinner,210,152,395
2023-11-24,Friday,11,Ice Cream,Lunch,120,69,311
2023-11-24,Friday,11,Ice Cream,Dinner,120,103,407
2023-11-24,Friday,11,Coffee,Lunch,100,125,264
2023-11-24,Friday,11,Coffee,Dinner,100,189,231
2023-11-25,Saturday,11,Pizza,Lunch,350,214,299
2023-11-25,Saturday,11,Pizza,Dinner,350,275,380
2023-11-25,Saturday,11,Burger,Lunch,200,179,244
2023-11-25,Saturday,11,Burger,Dinner,200,209,406
2023-11-25,Saturday,11,Pasta,Lunch,300,153,400
2023-11-25,Saturday,11,Pasta,Dinner,300,185,315
2023-11-25,Saturday,11,Sandwich,Lunch,180,110,439
2023-11-25,Saturday,11,Sandwich,Dinner,180,171,462
2023-11-25,Saturday,11,Salad,Lunch,150,82,201
2023-11-25,Saturday,11,Salad,Dinner,150,129,458
2023-11-25,Saturday,11,Biryani,Lunch,250,250,319
2023-11-25,Saturday,11,Biryani,Dinner,250,300,325
2023-11-25,Saturday,11,Fried Rice,Lunch,220,158,213
2023-11-25,Saturday,11,Fried Rice,Dinner,220,212,465
2023-11-25,Saturday,11,Noodles,Lunch,210,164,438
2023-11-25,Saturday,11,Noodles,Dinner,210,172,354
2023-11-25,Saturday,11,Ice Cream,Lunch,120,112,271
2023-11-25,Saturday,11,Ice Cream,Dinner,120,124,415
2023-11-25,Saturday,11,Coffee,Lunch,100,213,408
2023-11-25,Saturday,11,Coffee,Dinner,100,222,319
2023-11-26,Sunday,11,Pizza,Lunch,350,224,294
2023-11-26,Sunday,11,Pizza,Dinner,350,269,354
2023-11-26,Sunday,11,Burger,Lunch,200,175,399
2023-11-26,Sunday,11,Burger,Dinner,200,206,201
2023-11-26,Sunday,11,Pasta,Lunch,300,148,469
2023-11-26,Sunday,11,Pasta,Dinner,300,181,395
2023-11-26,Sunday,11,Sandwich,Lunch,180,120,456
2023-11-26,Sunday,11,Sandwich,Dinner,180,166,350
2023-11-26,Sunday,11,Salad,Lunch,150,98,334
2023-11-26,Sunday,11,Salad,Dinner,150,115,221
2023-11-26,Sunday,11,Biryani,Lunch,250,235,477
2023-11-26,Sunday,11,Biryani,Dinner,250,283,302
2023-11-26,Sunday,11,Fried Rice,Lunch,220,179,314
2023-11-26,Sunday,11,Fried Rice,Dinner,220,216,489
2023-11-26,Sunday,11,Noodles,Lunch,210,145,272
2023-11-26,Sunday,11,Noodles,Dinner,210,203,454
2023-11-26,Sunday,11,Ice Cream,Lunch,120,111,394
2023-11-26,Sunday,11,Ice Cream,Dinner,120,143,377
2023-11-26,Sunday,11,Coffee,Lunch,100,212,225
2023-11-26,Sunday,11,Coffee,Dinner,100,245,370
2023-11-27,Monday,11,Pizza,Lunch,350,147,353
2023-11-27,Monday,11,Pizza,Dinner,350,195,330
2023-11-27,Monday,11,Burger,Lunch,200,114,486
2023-11-27,Monday,11,Burger,Dinner,200,155,297
2023-11-27,Monday,11,Pasta,Lunch,300,119,293
2023-11-27,Monday,11,Pasta,Dinner,300,123,450
2023-11-27,Monday,11,Sandwich,Lunch,180,77,452
2023-11-27,Monday,11,Sandwich,Dinner,180,114,420
2023-11-27,Monday,11,Salad,Lunch,150,69,304
2023-11-27,Monday,11,Salad,Dinner,150,79,470
2023-11-27,Monday,11,Biryani,Lunch,250,177,332
2023-11-27,Monday,11,Biryani,Dinner,250,200,310
2023-11-27,Monday,11,Fried Rice,Lunch,220,109,247
2023-11-27,Monday,11,Fried Rice,Dinner,220,146,331
2023-11-27,Monday,11,Noodles,Lunch,210,92,214
2023-11-27,Monday,11,Noodles,Dinner,210,116,374
2023-11-27,Monday,11,Ice Cream,Lunch,120,84,409
2023-11-27,Monday,11,Ice Cream,Dinner,120,110,375
2023-11-27,Monday,11,Coffee,Lunch,100,140,208
2023-11-27,Monday,11,Coffee,Dinner,100,161,240
2023-11-28,Tuesday,11,Pizza,Lunch,350,170,276
2023-11-28,Tuesday,11,Pizza,Dinner,350,201,396
2023-11-28,Tuesday,11,Burger,Lunch,200,110,296
2023-11-28,Tuesday,11,Burger,Dinner,200,146,493
2023-11-28,Tuesday,11,Pasta,Lunch,300,101,293
2023-11-28,Tuesday,11,Pasta,Dinner,300,129,487
2023-11-28,Tuesday,11,Sandwich,Lunch,180,102,350
2023-11-28,Tuesday,11,Sandwich,Dinner,180,107,245
2023-11-28,Tuesday,11,Salad,Lunch,150,60,498
2023-11-28,Tuesday,11,Salad,Dinner,150,94,397
2023-11-28,Tuesday,11,Biryani,Lunch,250,173,245
2023-11-28,Tuesday,11,Biryani,Dinner,250,217,401
2023-11-28,Tuesday,11,Fried Rice,Lunch,220,119,406
2023-11-28,Tuesday,11,Fried Rice,Dinner,220,152,440
2023-11-28,Tuesday,11,Noodles,Lunch,210,122,315
2023-11-28,Tuesday,11,Noodles,Dinner,210,135,413
2023-11-28,Tuesday,11,Ice Cream,Lunch,120,78,427
2023-11-28,Tuesday,11,Ice Cream,Dinner,120,87,404
2023-11-28,Tuesday,11,Coffee,Lunch,100,150,365
2023-11-28,Tuesday,11,Coffee,Dinner,100,153,464
2023-11-29,Wednesday,11,Pizza,Lunch,350,173,317
2023-11-29,Wednesday,11,Pizza,Dinner,350,188,431
2023-11-29,Wednesday,11,Burger,Lunch,200,141,414
2023-11-29,Wednesday,11,Burger,Dinner,200,159,322
2023-11-29,Wednesday,11,Pasta,Lunch,300,103,492
2023-11-29,Wednesday,11,Pasta,Dinner,300,125,391
2023-11-29,Wednesday,11,Sandwich,Lunch,180,98,477
2023-11-29,Wednesday,11,Sandwich,Dinner,180,122,475
2023-11-29,Wednesday,11,Salad,Lunch,150,85,211
2023-11-29,Wednesday,11,Salad,Dinner,150,67,434
2023-11-29,Wednesday,11,Biryani,Lunch,250,158,224
2023-11-29,Wednesday,11,Biryani,Dinner,250,196,226
2023-11-29,Wednesday,11,Fried Rice,Lunch,220,102,414
2023-11-29,Wednesday,11,Fried Rice,Dinner,220,149,456
2023-11-29,Wednesday,11,Noodles,Lunch,210,104,320
2023-11-29,Wednesday,11,Noodles,Dinner,210,139,456
2023-11-29,Wednesday,11,Ice Cream,Lunch,120,69,450
2023-11-29,Wednesday,11,Ice Cream,Dinner,120,75,383
2023-11-29,Wednesday,11,Coffee,Lunch,100,134,385
2023-11-29,Wednesday,11,Coffee,Dinner,100,151,392
2023-11-30,Thursday,11,Pizza,Lunch,350,150,313
2023-11-30,Thursday,11,Pizza,Dinner,350,187,232
2023-11-30,Thursday,11,Burger,Lunch,200,143,481
2023-11-30,Thursday,11,Burger,Dinner,200,137,291
2023-11-30,Thursday,11,Pasta,Lunch,300,100,397
2023-11-30,Thursday,11,Pasta,Dinner,300,104,274
2023-11-30,Thursday,11,Sandwich,Lunch,180,77,275
2023-11-30,Thursday,11,Sandwich,Dinner,180,109,307
2023-11-30,Thursday,11,Salad,Lunch,150,50,470
2023-11-30,Thursday,11,Salad,Dinner,150,61,320
2023-11-30,Thursday,11,Biryani,Lunch,250,156,444
2023-11-30,Thursday,11,Biryani,Dinner,250,191,284
2023-11-30,Thursday,11,Fried Rice,Lunch,220,125,284
2023-11-30,Thursday,11,Fried Rice,Dinner,220,130,422
2023-11-30,Thursday,11,Noodles,Lunch,210,92,332
2023-11-30,Thursday,11,Noodles,Dinner,210,144,274
2023-11-30,Thursday,11,Ice Cream,Lunch,120,96,469
2023-11-30,Thursday,11,Ice Cream,Dinner,120,77,260
2023-11-30,Thursday,11,Coffee,Lunch,100,126,473
2023-11-30,Thursday,11,Coffee,Dinner,100,169,466
2023-12-01,Friday,12,Pizza,Lunch,350,165,212
2023-12-01,Friday,12,Pizza,Dinner,350,200,376
2023-12-01,Friday,12,Burger,Lunch,200,145,286
2023-12-01,Friday,12,Burger,Dinner,200,155,325
2023-12-01,Friday,12,Pasta,Lunch,300,85,411
2023-12-01,Friday,12,Pasta,Dinner,300,124,287
2023-12-01,Friday,12,Sandwich,Lunch,180,98,271
2023-12-01,Friday,12,Sandwich,Dinner,180,90,297
2023-12-01,Friday,12,Salad,Lunch,150,57,368
2023-12-01,Friday,12,Salad,Dinner,150,75,328
2023-12-01,Friday,12,Biryani,Lunch,250,158,227
2023-12-01,Friday,12,Biryani,Dinner,250,202,439
2023-12-01,Friday,12,Fried Rice,Lunch,220,107,271
2023-12-01,Friday,12,Fried Rice,Dinner,220,155,434
2023-12-01,Friday,12,Noodles,Lunch,210,116,382
2023-12-01,Friday,12,Noodles,Dinner,210,119,335
2023-12-01,Friday,12,Ice Cream,Lunch,120,86,460
2023-12-01,Friday,12,Ice Cream,Dinner,120,81,238
2023-12-01,Friday,12,Coffee,Lunch,100,131,250
2023-12-01,Friday,12,Coffee,Dinner,100,158,377
2023-12-02,Saturday,12,Pizza,Lunch,350,222,493
2023-12-02,Saturday,12,Pizza,Dinner,350,243,487
2023-12-02,Saturday,12,Burger,Lunch,200,182,484
2023-12-02,Saturday,12,Burger,Dinner,200,233,491
2023-12-02,Saturday,12,Pasta,Lunch,300,136,417
2023-12-02,Saturday,12,Pasta,Dinner,300,163,462
2023-12-02,Saturday,12,Sandwich,Lunch,180,111,473
2023-12-02,Saturday,12,Sandwich,Dinner,180,146,361
2023-12-02,Saturday,12,Salad,Lunch,150,96,306
2023-12-02,Saturday,12,Salad,Dinner,150,109,389
2023-12-02,Saturday,12,Biryani,Lunch,250,236,247
2023-12-02,Saturday,12,Biryani,Dinner,250,301,433
2023-12-02,Saturday,12,Fried Rice,Lunch,220,161,386
2023-12-02,Saturday,12,Fried Rice,Dinner,220,200,216
2023-12-02,Saturday,12,Noodles,Lunch,210,145,450
2023-12-02,Saturday,12,Noodles,Dinner,210,197,376
2023-12-02,Saturday,12,Ice Cream,Lunch,120,110,280
2023-12-02,Saturday,12,Ice Cream,Dinner,120,121,240
2023-12-02,Saturday,12,Coffee,Lunch,100,216,420
2023-12-02,Saturday,12,Coffee,Dinner,100,234,451
2023-12-03,Sunday,12,Pizza,Lunch,350,220,336
2023-12-03,Sunday,12,Pizza,Dinner,350,270,224
2023-12-03,Sunday,12,Burger,Lunch,200,176,218
2023-12-03,Sunday,12,Burger,Dinner,200,225,421
2023-12-03,Sunday,12,Pasta,Lunch,300,125,462
2023-12-03,Sunday,12,Pasta,Dinner,300,174,480
2023-12-03,Sunday,12,Sandwich,Lunch,180,145,234
2023-12-03,Sunday,12,Sandwich,Dinner,180,140,348
2023-12-03,Sunday,12,Salad,Lunch,150,78,485
2023-12-03,Sunday,12,Salad,Dinner,150,115,432
2023-12-03,Sunday,12,Biryani,Lunch,250,235,376
2023-12-03,Sunday,12,Biryani,Dinner,250,275,454
2023-12-03,Sunday,12,Fried Rice,Lunch,220,155,399
2023-12-03,Sunday,12,Fried Rice,Dinner,220,186,312
2023-12-03,Sunday,12,Noodles,Lunch,210,134,389
2023-12-03,Sunday,12,Noodles,Dinner,210,193,368
2023-12-03,Sunday,12,Ice Cream,Lunch,120,93,378
2023-12-03,Sunday,12,Ice Cream,Dinner,120,123,332
2023-12-03,Sunday,12,Coffee,Lunch,100,195,203
2023-12-03,Sunday,12,Coffee,Dinner,100,250,454
2023-12-04,Monday,12,Pizza,Lunch,350,155,363
2023-12-04,Monday,12,Pizza,Dinner,350,186,494
2023-12-04,Monday,12,Burger,Lunch,200,117,210
2023-12-04,Monday,12,Burger,Dinner,200,148,221
2023-12-04,Monday,12,Pasta,Lunch,300,121,333
2023-12-04,Monday,12,Pasta,Dinner,300,117,383
2023-12-04,Monday,12,Sandwich,Lunch,180,84,352
2023-12-04,Monday,12,Sandwich,Dinner,180,93,396
2023-12-04,Monday,12,Salad,Lunch,150,47,479
2023-12-04,Monday,12,Salad,Dinner,150,84,321
2023-12-04,Monday,12,Biryani,Lunch,250,186,334
2023-12-04,Monday,12,Biryani,Dinner,250,207,228
2023-12-04,Monday,12,Fried Rice,Lunch,220,107,311
2023-12-04,Monday,12,Fried Rice,Dinner,220,134,489
2023-12-04,Monday,12,Noodles,Lunch,210,114,405
2023-12-04,Monday,12,Noodles,Dinner,210,115,470
2023-12-04,Monday,12,Ice Cream,Lunch,120,83,226
2023-12-04,Monday,12,Ice Cream,Dinner,120,97,444
2023-12-04,Monday,12,Coffee,Lunch,100,158,203
2023-12-04,Monday,12,Coffee,Dinner,100,165,285
2023-12-05,Tuesday,12,Pizza,Lunch,350,151,476
2023-12-05,Tuesday,12,Pizza,Dinner,350,199,204
2023-12-05,Tuesday,12,Burger,Lunch,200,112,454
2023-12-05,Tuesday,12,Burger,Dinner,200,176,416
2023-12-05,Tuesday,12,Pasta,Lunch,300,112,402
2023-12-05,Tuesday,12,Pasta,Dinner,300,130,462
2023-12-05,Tuesday,12,Sandwich,Lunch,180,93,334
2023-12-05,Tuesday,12,Sandwich,Dinner,180,91,483
2023-12-05,Tuesday,12,Salad,Lunch,150,73,301
2023-12-05,Tuesday,12,Salad,Dinner,150,83,371
2023-12-05,Tuesday,12,Biryani,Lunch,250,160,259
2023-12-05,Tuesday,12,Biryani,Dinner,250,185,274
2023-12-05,Tuesday,12,Fried Rice,Lunch,220,127,455
2023-12-05,Tuesday,12,Fried Rice,Dinner,220,124,364
2023-12-05,Tuesday,12,Noodles,Lunch,210,126,311
2023-12-05,Tuesday,12,Noodles,Dinner,210,139,439
2023-12-05,Tuesday,12,Ice Cream,Lunch,120,79,223
2023-12-05,Tuesday,12,Ice Cream,Dinner,120,80,279
2023-12-05,Tuesday,12,Coffee,Lunch,100,147,463
2023-12-05,Tuesday,12,Coffee,Dinner,100,156,223
2023-12-06,Wednesday,12,Pizza,Lunch,350,164,411
2023-12-06,Wednesday,12,Pizza,Dinner,350,185,462
2023-12-06,Wednesday,12,Burger,Lunch,200,138,417
2023-12-06,Wednesday,12,Burger,Dinner,200,156,440
2023-12-06,Wednesday,12,Pasta,Lunch,300,94,381
2023-12-06,Wednesday,12,Pasta,Dinner,300,137,365
2023-12-06,Wednesday,12,Sandwich,Lunch,180,102,435
2023-12-06,Wednesday,12,Sandwich,Dinner,180,94,207
2023-12-06,Wednesday,12,Salad,Lunch,150,53,224
2023-12-06,Wednesday,12,Salad,Dinner,150,95,482
2023-12-06,Wednesday,12,Biryani,Lunch,250,185,499
2023-12-06,Wednesday,12,Biryani,Dinner,250,190,352
2023-12-06,Wednesday,12,Fried Rice,Lunch,220,125,309
2023-12-06,Wednesday,12,Fried Rice,Dinner,220,140,245
2023-12-06,Wednesday,12,Noodles,Lunch,210,108,277
2023-12-06,Wednesday,12,Noodles,Dinner,210,124,405
2023-12-06,Wednesday,12,Ice Cream,Lunch,120,77,296
2023-12-06,Wednesday,12,Ice Cream,Dinner,120,101,438
2023-12-06,Wednesday,12,Coffee,Lunch,100,157,467
2023-12-06,Wednesday,12,Coffee,Dinner,100,159,303
2023-12-07,Thursday,12,Pizza,Lunch,350,149,500
2023-12-07,Thursday,12,Pizza,Dinner,350,181,378
2023-12-07,Thursday,12,Burger,Lunch,200,121,440
2023-12-07,Thursday,12,Burger,Dinner,200,163,301
2023-12-07,Thursday,12,Pasta,Lunch,300,119,347
2023-12-07,Thursday,12,Pasta,Dinner,300,129,492
2023-12-07,Thursday,12,Sandwich,Lunch,180,79,449
2023-12-07,Thursday,12,Sandwich,Dinner,180,126,464
2023-12-07,Thursday,12,Salad,Lunch,150,79,275
2023-12-07,Thursday,12,Salad,Dinner,150,76,259
2023-12-07,Thursday,12,Biryani,Lunch,250,160,406
2023-12-07,Thursday,12,Biryani,Dinner,250,215,341
2023-12-07,Thursday,12,Fried Rice,Lunch,220,112,487
2023-12-07,Thursday,12,Fried Rice,Dinner,220,125,314
2023-12-07,Thursday,12,Noodles,Lunch,210,123,244
2023-12-07,Thursday,12,Noodles,Dinner,210,124,257
2023-12-07,Thursday,12,Ice Cream,Lunch,120,75,224
2023-12-07,Thursday,12,Ice Cream,Dinner,120,103,229
2023-12-07,Thursday,12,Coffee,Lunch,100,131,203
2023-12-07,Thursday,12,Coffee,Dinner,100,157,386
2023-12-08,Friday,12,Pizza,Lunch,350,137,323
2023-12-08,Friday,12,Pizza,Dinner,350,190,309
2023-12-08,Friday,12,Burger,Lunch,200,137,480
2023-12-08,Friday,12,Burger,Dinner,200,143,238
2023-12-08,Friday,12,Pasta,Lunch,300,91,373
2023-12-08,Friday,12,Pasta,Dinner,300,129,215
2023-12-08,Friday,12,Sandwich,Lunch,180,73,201
2023-12-08,Friday,12,Sandwich,Dinner,180,94,228
2023-12-08,Friday,12,Salad,Lunch,150,51,461
2023-12-08,Friday,12,Salad,Dinner,150,92,496
2023-12-08,Friday,12,Biryani,Lunch,250,149,221
2023-12-08,Friday,12,Biryani,Dinner,250,195,366
2023-12-08,Friday,12,Fried Rice,Lunch,220,120,278
2023-12-08,Friday,12,Fried Rice,Dinner,220,132,221
2023-12-08,Friday,12,Noodles,Lunch,210,95,455
2023-12-08,Friday,12,Noodles,Dinner,210,131,317
2023-12-08,Friday,12,Ice Cream,Lunch,120,86,364
2023-12-08,Friday,12,Ice Cream,Dinner,120,105,271
2023-12-08,Friday,12,Coffee,Lunch,100,148,342
2023-12-08,Friday,12,Coffee,Dinner,100,157,399
2023-12-09,Saturday,12,Pizza,Lunch,350,213,210
2023-12-09,Saturday,12,Pizza,Dinner,350,280,442
2023-12-09,Saturday,12,Burger,Lunch,200,163,382
2023-12-09,Saturday,12,Burger,Dinner,200,207,296
2023-12-09,Saturday,12,Pasta,Lunch,300,140,309
2023-12-09,Saturday,12,Pasta,Dinner,300,172,318
2023-12-09,Saturday,12,Sandwich,Lunch,180,127,311
2023-12-09,Saturday,12,Sandwich,Dinner,180,171,466
2023-12-09,Saturday,12,Salad,Lunch,150,79,240
2023-12-09,Saturday,12,Salad,Dinner,150,92,454
2023-12-09,Saturday,12,Biryani,Lunch,250,254,248
2023-12-09,Saturday,12,Biryani,Dinner,250,286,251
2023-12-09,Saturday,12,Fried Rice,Lunch,220,170,271
2023-12-09,Saturday,12,Fried Rice,Dinner,220,199,412
2023-12-09,Saturday,12,Noodles,Lunch,210,157,220
2023-12-09,Saturday,12,Noodles,Dinner,210,177,264
2023-12-09,Saturday,12,Ice Cream,Lunch,120,129,338
2023-12-09,Saturday,12,Ice Cream,Dinner,120,134,250
2023-12-09,Saturday,12,Coffee,Lunch,100,191,348
2023-12-09,Saturday,12,Coffee,Dinner,100,244,372
2023-12-10,Sunday,12,Pizza,Lunch,350,198,221
2023-12-10,Sunday,12,Pizza,Dinner,350,262,326
2023-12-10,Sunday,12,Burger,Lunch,200,202,287
2023-12-10,Sunday,12,Burger,Dinner,200,209,351
2023-12-10,Sunday,12,Pasta,Lunch,300,163,368
2023-12-10,Sunday,12,Pasta,Dinner,300,163,383
2023-12-10,Sunday,12,Sandwich,Lunch,180,119,469
2023-12-10,Sunday,12,Sandwich,Dinner,180,146,294
2023-12-10,Sunday,12,Salad,Lunch,150,74,461
2023-12-10,Sunday,12,Salad,Dinner,150,121,209
2023-12-10,Sunday,12,Biryani,Lunch,250,244,479
2023-12-10,Sunday,12,Biryani,Dinner,250,269,223
2023-12-10,Sunday,12,Fried Rice,Lunch,220,180,321
2023-12-10,Sunday,12,Fried Rice,Dinner,220,188,447
2023-12-10,Sunday,12,Noodles,Lunch,210,155,237
2023-12-10,Sunday,12,Noodles,Dinner,210,205,404
2023-12-10,Sunday,12,Ice Cream,Lunch,120,100,492
2023-12-10,Sunday,12,Ice Cream,Dinner,120,116,489
2023-12-10,Sunday,12,Coffee,Lunch,100,194,237
2023-12-10,Sunday,12,Coffee,Dinner,100,260,231
2023-12-11,Monday,12,Pizza,Lunch,350,168,398
2023-12-11,Monday,12,Pizza,Dinner,350,196,383
2023-12-11,Monday,12,Burger,Lunch,200,132,373
2023-12-11,Monday,12,Burger,Dinner,200,175,441
2023-12-11,Monday,12,Pasta,Lunch,300,122,425
2023-12-11,Monday,12,Pasta,Dinner,300,143,383
2023-12-11,Monday,12,Sandwich,Lunch,180,85,474
2023-12-11,Monday,12,Sandwich,Dinner,180,126,217
2023-12-11,Monday,12,Salad,Lunch,150,75,334
2023-12-11,Monday,12,Salad,Dinner,150,90,398
2023-12-11,Monday,12,Biryani,Lunch,250,186,219
2023-12-11,Monday,12,Biryani,Dinner,250,200,476
2023-12-11,Monday,12,Fried Rice,Lunch,220,106,412
2023-12-11,Monday,12,Fried Rice,Dinner,220,135,317
2023-12-11,Monday,12,Noodles,Lunch,210,108,252
2023-12-11,Monday,12,Noodles,Dinner,210,145,383
2023-12-11,Monday,12,Ice Cream,Lunch,120,88,383
2023-12-11,Monday,12,Ice Cream,Dinner,120,85,378
2023-12-11,Monday,12,Coffee,Lunch,100,124,310
2023-12-11,Monday,12,Coffee,Dinner,100,162,328
2023-12-12,Tuesday,12,Pizza,Lunch,350,168,405
2023-12-12,Tuesday,12,Pizza,Dinner,350,178,375
2023-12-12,Tuesday,12,Burger,Lunch,200,137,267
2023-12-12,Tuesday,12,Burger,Dinner,200,150,263
2023-12-12,Tuesday,12,Pasta,Lunch,300,115,212
2023-12-12,Tuesday,12,Pasta,Dinner,300,119,397
2023-12-12,Tuesday,12,Sandwich,Lunch,180,93,300
2023-12-12,Tuesday,12,Sandwich,Dinner,180,94,303
2023-12-12,Tuesday,12,Salad,Lunch,150,80,407
2023-12-12,Tuesday,12,Salad,Dinner,150,80,364
2023-12-12,Tuesday,12,Biryani,Lunch,250,179,353
2023-12-12,Tuesday,12,Biryani,Dinner,250,213,235
2023-12-12,Tuesday,12,Fried Rice,Lunch,220,126,233
2023-12-12,Tuesday,12,Fried Rice,Dinner,220,130,487
2023-12-12,Tuesday,12,Noodles,Lunch,210,120,456
2023-12-12,Tuesday,12,Noodles,Dinner,210,150,293
2023-12-12,Tuesday,12,Ice Cream,Lunch,120,85,383
2023-12-12,Tuesday,12,Ice Cream,Dinner,120,105,380
2023-12-12,Tuesday,12,Coffee,Lunch,100,155,406
2023-12-12,Tuesday,12,Coffee,Dinner,100,181,458
2023-12-13,Wednesday,12,Pizza,Lunch,350,148,316
2023-12-13,Wednesday,12,Pizza,Dinner,350,180,350
2023-12-13,Wednesday,12,Burger,Lunch,200,121,459
2023-12-13,Wednesday,12,Burger,Dinner,200,142,404
2023-12-13,Wednesday,12,Pasta,Lunch,300,108,358
2023-12-13,Wednesday,12,Pasta,Dinner,300,119,232
2023-12-13,Wednesday,12,Sandwich,Lunch,180,101,377
2023-12-13,Wednesday,12,Sandwich,Dinner,180,99,334
2023-12-13,Wednesday,12,Salad,Lunch,150,48,200
2023-12-13,Wednesday,12,Salad,Dinner,150,97,397
2023-12-13,Wednesday,12,Biryani,Lunch,250,159,335
2023-12-13,Wednesday,12,Biryani,Dinner,250,222,427
2023-12-13,Wednesday,12,Fried Rice,Lunch,220,122,270
2023-12-13,Wednesday,12,Fried Rice,Dinner,220,129,223
2023-12-13,Wednesday,12,Noodles,Lunch,210,92,466
2023-12-13,Wednesday,12,Noodles,Dinner,210,124,307
2023-12-13,Wednesday,12,Ice Cream,Lunch,120,96,246
2023-12-13,Wednesday,12,Ice Cream,Dinner,120,78,457
2023-12-13,Wednesday,12,Coffee,Lunch,100,150,377
2023-12-13,Wednesday,12,Coffee,Dinner,100,154,339
2023-12-14,Thursday,12,Pizza,Lunch,350,150,265
2023-12-14,Thursday,12,Pizza,Dinner,350,199,435
2023-12-14,Thursday,12,Burger,Lunch,200,139,359
2023-12-14,Thursday,12,Burger,Dinner,200,150,364
2023-12-14,Thursday,12,Pasta,Lunch,300,92,444
2023-12-14,Thursday,12,Pasta,Dinner,300,136,257
2023-12-14,Thursday,12,Sandwich,Lunch,180,90,432
2023-12-14,Thursday,12,Sandwich,Dinner,180,111,452
2023-12-14,Thursday,12,Salad,Lunch,150,70,280
2023-12-14,Thursday,12,Salad,Dinner,150,78,489
2023-12-14,Thursday,12,Biryani,Lunch,250,183,245
2023-12-14,Thursday,12,Biryani,Dinner,250,189,203
2023-12-14,Thursday,12,Fried Rice,Lunch,220,137,201
2023-12-14,Thursday,12,Fried Rice,Dinner,220,158,354
2023-12-14,Thursday,12,Noodles,Lunch,210,117,389
2023-12-14,Thursday,12,Noodles,Dinner,210,148,427
2023-12-14,Thursday,12,Ice Cream,Lunch,120,62,243
2023-12-14,Thursday,12,Ice Cream,Dinner,120,100,449
2023-12-14,Thursday,12,Coffee,Lunch,100,154,267
2023-12-14,Thursday,12,Coffee,Dinner,100,160,460
2023-12-15,Friday,12,Pizza,Lunch,350,165,220
2023-12-15,Friday,12,Pizza,Dinner,350,180,265
2023-12-15,Friday,12,Burger,Lunch,200,124,274
2023-12-15,Friday,12,Burger,Dinner,200,174,500
2023-12-15,Friday,12,Pasta,Lunch,300,89,307
2023-12-15,Friday,12,Pasta,Dinner,300,114,330
2023-12-15,Friday,12,Sandwich,Lunch,180,81,390
2023-12-15,Friday,12,Sandwich,Dinner,180,126,306
2023-12-15,Friday,12,Salad,Lunch,150,46,491
2023-12-15,Friday,12,Salad,Dinner,150,76,453
2023-12-15,Friday,12,Biryani,Lunch,250,155,423
2023-12-15,Friday,12,Biryani,Dinner,250,201,351
2023-12-15,Friday,12,Fried Rice,Lunch,220,137,430
2023-12-15,Friday,12,Fried Rice,Dinner,220,140,457
2023-12-15,Friday,12,Noodles,Lunch,210,92,490
2023-12-15,Friday,12,Noodles,Dinner,210,137,404
2023-12-15,Friday,12,Ice Cream,Lunch,120,95,204
2023-12-15,Friday,12,Ice Cream,Dinner,120,99,457
2023-12-15,Friday,12,Coffee,Lunch,100,161,435
2023-12-15,Friday,12,Coffee,Dinner,100,153,397
2023-12-16,Saturday,12,Pizza,Lunch,350,214,341
2023-12-16,Saturday,12,Pizza,Dinner,350,257,233
2023-12-16,Saturday,12,Burger,Lunch,200,181,286
2023-12-16,Saturday,12,Burger,Dinner,200,209,391
2023-12-16,Saturday,12,Pasta,Lunch,300,147,291
2023-12-16,Saturday,12,Pasta,Dinner,300,156,442
2023-12-16,Saturday,12,Sandwich,Lunch,180,120,339
2023-12-16,Saturday,12,Sandwich,Dinner,180,167,412
2023-12-16,Saturday,12,Salad,Lunch,150,77,430
2023-12-16,Saturday,12,Salad,Dinner,150,98,247
2023-12-16,Saturday,12,Biryani,Lunch,250,256,281
2023-12-16,Saturday,12,Biryani,Dinner,250,273,260
2023-12-16,Saturday,12,Fried Rice,Lunch,220,154,358
2023-12-16,Saturday,12,Fried Rice,Dinner,220,202,379
2023-12-16,Saturday,12,Noodles,Lunch,210,153,402
2023-12-16,Saturday,12,Noodles,Dinner,210,169,358
2023-12-16,Saturday,12,Ice Cream,Lunch,120,111,258
2023-12-16,Saturday,12,Ice Cream,Dinner,120,133,330
2023-12-16,Saturday,12,Coffee,Lunch,100,210,340
2023-12-16,Saturday,12,Coffee,Dinner,100,239,327
2023-12-17,Sunday,12,Pizza,Lunch,350,222,263
2023-12-17,Sunday,12,Pizza,Dinner,350,264,393
2023-12-17,Sunday,12,Burger,Lunch,200,201,297
2023-12-17,Sunday,12,Burger,Dinner,200,229,219
2023-12-17,Sunday,12,Pasta,Lunch,300,130,432
2023-12-17,Sunday,12,Pasta,Dinner,300,170,400
2023-12-17,Sunday,12,Sandwich,Lunch,180,107,295
2023-12-17,Sunday,12,Sandwich,Dinner,180,135,494
2023-12-17,Sunday,12,Salad,Lunch,150,111,274
2023-12-17,Sunday,12,Salad,Dinner,150,99,390
2023-12-17,Sunday,12,Biryani,Lunch,250,244,479
2023-12-17,Sunday,12,Biryani,Dinner,250,299,352
2023-12-17,Sunday,12,Fried Rice,Lunch,220,165,474
2023-12-17,Sunday,12,Fried Rice,Dinner,220,195,362
2023-12-17,Sunday,12,Noodles,Lunch,210,158,307
2023-12-17,Sunday,12,Noodles,Dinner,210,194,204
2023-12-17,Sunday,12,Ice Cream,Lunch,120,129,278
2023-12-17,Sunday,12,Ice Cream,Dinner,120,133,387
2023-12-17,Sunday,12,Coffee,Lunch,100,184,223
2023-12-17,Sunday,12,Coffee,Dinner,100,222,396
2023-12-18,Monday,12,Pizza,Lunch,350,174,364
2023-12-18,Monday,12,Pizza,Dinner,350,182,293
2023-12-18,Monday,12,Burger,Lunch,200,112,404
2023-12-18,Monday,12,Burger,Dinner,200,166,387
2023-12-18,Monday,12,Pasta,Lunch,300,122,500
2023-12-18,Monday,12,Pasta,Dinner,300,125,223
2023-12-18,Monday,12,Sandwich,Lunch,180,89,374
2023-12-18,Monday,12,Sandwich,Dinner,180,117,202
2023-12-18,Monday,12,Salad,Lunch,150,79,377
2023-12-18,Monday,12,Salad,Dinner,150,74,285
2023-12-18,Monday,12,Biryani,Lunch,250,176,266
2023-12-18,Monday,12,Biryani,Dinner,250,222,331
2023-12-18,Monday,12,Fried Rice,Lunch,220,98,393
2023-12-18,Monday,12,Fried Rice,Dinner,220,159,335
2023-12-18,Monday,12,Noodles,Lunch,210,107,298
2023-12-18,Monday,12,Noodles,Dinner,210,149,228
2023-12-18,Monday,12,Ice Cream,Lunch,120,69,277
2023-12-18,Monday,12,Ice Cream,Dinner,120,102,322
2023-12-18,Monday,12,Coffee,Lunch,100,140,426
2023-12-18,Monday,12,Coffee,Dinner,100,175,380
2023-12-19,Tuesday,12,Pizza,Lunch,350,175,325
2023-12-19,Tuesday,12,Pizza,Dinner,350,198,276
2023-12-19,Tuesday,12,Burger,Lunch,200,115,500
2023-12-19,Tuesday,12,Burger,Dinner,200,143,401
2023-12-19,Tuesday,12,Pasta,Lunch,300,116,444
2023-12-19,Tuesday,12,Pasta,Dinner,300,127,332
2023-12-19,Tuesday,12,Sandwich,Lunch,180,90,297
2023-12-19,Tuesday,12,Sandwich,Dinner,180,101,382
2023-12-19,Tuesday,12,Salad,Lunch,150,77,305
2023-12-19,Tuesday,12,Salad,Dinner,150,89,209
2023-12-19,Tuesday,12,Biryani,Lunch,250,174,357
2023-12-19,Tuesday,12,Biryani,Dinner,250,197,269
2023-12-19,Tuesday,12,Fried Rice,Lunch,220,135,451
2023-12-19,Tuesday,12,Fried Rice,Dinner,220,154,367
2023-12-19,Tuesday,12,Noodles,Lunch,210,124,497
2023-12-19,Tuesday,12,Noodles,Dinner,210,118,453
2023-12-19,Tuesday,12,Ice Cream,Lunch,120,66,482
2023-12-19,Tuesday,12,Ice Cream,Dinner,120,111,233
2023-12-19,Tuesday,12,Coffee,Lunch,100,131,465
2023-12-19,Tuesday,12,Coffee,Dinner,100,191,235
2023-12-20,Wednesday,12,Pizza,Lunch,350,162,469
2023-12-20,Wednesday,12,Pizza,Dinner,350,193,361
2023-12-20,Wednesday,12,Burger,Lunch,200,126,435
2023-12-20,Wednesday,12,Burger,Dinner,200,161,413
2023-12-20,Wednesday,12,Pasta,Lunch,300,89,313
2023-12-20,Wednesday,12,Pasta,Dinner,300,118,249
2023-12-20,Wednesday,12,Sandwich,Lunch,180,99,285
2023-12-20,Wednesday,12,Sandwich,Dinner,180,129,394
2023-12-20,Wednesday,12,Salad,Lunch,150,60,247
2023-12-20,Wednesday,12,Salad,Dinner,150,69,270
2023-12-20,Wednesday,12,Biryani,Lunch,250,161,428
2023-12-20,Wednesday,12,Biryani,Dinner,250,213,230
2023-12-20,Wednesday,12,Fried Rice,Lunch,220,133,428
2023-12-20,Wednesday,12,Fried Rice,Dinner,220,124,332
2023-12-20,Wednesday,12,Noodles,Lunch,210,130,427
2023-12-20,Wednesday,12,Noodles,Dinner,210,129,290
2023-12-20,Wednesday,12,Ice Cream,Lunch,120,94,200
2023-12-20,Wednesday,12,Ice Cream,Dinner,120,102,214
2023-12-20,Wednesday,12,Coffee,Lunch,100,145,221
2023-12-20,Wednesday,12,Coffee,Dinner,100,186,224
2023-12-21,Thursday,12,Pizza,Lunch,350,161,497
2023-12-21,Thursday,12,Pizza,Dinner,350,185,488
2023-12-21,Thursday,12,Burger,Lunch,200,145,276
2023-12-21,Thursday,12,Burger,Dinner,200,145,246
2023-12-21,Thursday,12,Pasta,Lunch,300,116,499
2023-12-21,Thursday,12,Pasta,Dinner,300,108,461
2023-12-21,Thursday,12,Sandwich,Lunch,180,87,297
2023-12-21,Thursday,12,Sandwich,Dinner,180,104,206
2023-12-21,Thursday,12,Salad,Lunch,150,82,290
2023-12-21,Thursday,12,Salad,Dinner,150,60,398
2023-12-21,Thursday,12,Biryani,Lunch,250,150,367
2023-12-21,Thursday,12,Biryani,Dinner,250,190,358
2023-12-21,Thursday,12,Fried Rice,Lunch,220,121,323
2023-12-21,Thursday,12,Fried Rice,Dinner,220,156,244
2023-12-21,Thursday,12,Noodles,Lunch,210,123,205
2023-12-21,Thursday,12,Noodles,Dinner,210,128,202
2023-12-21,Thursday,12,Ice Cream,Lunch,120,96,226
2023-12-21,Thursday,12,Ice Cream,Dinner,120,88,239
2023-12-21,Thursday,12,Coffee,Lunch,100,123,233
2023-12-21,Thursday,12,Coffee,Dinner,100,169,458
2023-12-22,Friday,12,Pizza,Lunch,350,158,467
2023-12-22,Friday,12,Pizza,Dinner,350,193,263
2023-12-22,Friday,12,Burger,Lunch,200,140,340
2023-12-22,Friday,12,Burger,Dinner,200,154,461
2023-12-22,Friday,12,Pasta,Lunch,300,88,385
2023-12-22,Friday,12,Pasta,Dinner,300,133,233
2023-12-22,Friday,12,Sandwich,Lunch,180,87,329
2023-12-22,Friday,12,Sandwich,Dinner,180,112,222
2023-12-22,Friday,12,Salad,Lunch,150,53,471
2023-12-22,Friday,12,Salad,Dinner,150,68,338
2023-12-22,Friday,12,Biryani,Lunch,250,169,283
2023-12-22,Friday,12,Biryani,Dinner,250,210,374
2023-12-22,Friday,12,Fried Rice,Lunch,220,131,287
2023-12-22,Friday,12,Fried Rice,Dinner,220,123,401
2023-12-22,Friday,12,Noodles,Lunch,210,111,389
2023-12-22,Friday,12,Noodles,Dinner,210,137,462
2023-12-22,Friday,12,Ice Cream,Lunch,120,69,248
2023-12-22,Friday,12,Ice Cream,Dinner,120,105,254
2023-12-22,Friday,12,Coffee,Lunch,100,145,299
2023-12-22,Friday,12,Coffee,Dinner,100,155,320
2023-12-23,Saturday,12,Pizza,Lunch,350,230,357
2023-12-23,Saturday,12,Pizza,Dinner,350,269,343
2023-12-23,Saturday,12,Burger,Lunch,200,188,404
2023-12-23,Saturday,12,Burger,Dinner,200,204,320
2023-12-23,Saturday,12,Pasta,Lunch,300,143,449
2023-12-23,Saturday,12,Pasta,Dinner,300,175,246
2023-12-23,Saturday,12,Sandwich,Lunch,180,112,359
2023-12-23,Saturday,12,Sandwich,Dinner,180,167,430
2023-12-23,Saturday,12,Salad,Lunch,150,111,276
2023-12-23,Saturday,12,Salad,Dinner,150,108,471
2023-12-23,Saturday,12,Biryani,Lunch,250,233,445
2023-12-23,Saturday,12,Biryani,Dinner,250,274,361
2023-12-23,Saturday,12,Fried Rice,Lunch,220,146,275
2023-12-23,Saturday,12,Fried Rice,Dinner,220,178,477
2023-12-23,Saturday,12,Noodles,Lunch,210,143,352
2023-12-23,Saturday,12,Noodles,Dinner,210,169,271
2023-12-23,Saturday,12,Ice Cream,Lunch,120,92,402
2023-12-23,Saturday,12,Ice Cream,Dinner,120,112,395
2023-12-23,Saturday,12,Coffee,Lunch,100,180,287
2023-12-23,Saturday,12,Coffee,Dinner,100,230,364
2023-12-24,Sunday,12,Pizza,Lunch,350,228,418
2023-12-24,Sunday,12,Pizza,Dinner,350,278,200
2023-12-24,Sunday,12,Burger,Lunch,200,180,317
2023-12-24,Sunday,12,Burger,Dinner,200,203,259
2023-12-24,Sunday,12,Pasta,Lunch,300,140,231
2023-12-24,Sunday,12,Pasta,Dinner,300,193,274
2023-12-24,Sunday,12,Sandwich,Lunch,180,131,361
2023-12-24,Sunday,12,Sandwich,Dinner,180,134,305
2023-12-24,Sunday,12,Salad,Lunch,150,87,455
2023-12-24,Sunday,12,Salad,Dinner,150,105,344
2023-12-24,Sunday,12,Biryani,Lunch,250,247,205
2023-12-24,Sunday,12,Biryani,Dinner,250,287,267
2023-12-24,Sunday,12,Fried Rice,Lunch,220,159,415
2023-12-24,Sunday,12,Fried Rice,Dinner,220,194,252
2023-12-24,Sunday,12,Noodles,Lunch,210,174,271
2023-12-24,Sunday,12,Noodles,Dinner,210,168,398
2023-12-24,Sunday,12,Ice Cream,Lunch,120,106,227
2023-12-24,Sunday,12,Ice Cream,Dinner,120,150,315
2023-12-24,Sunday,12,Coffee,Lunch,100,190,452
2023-12-24,Sunday,12,Coffee,Dinner,100,220,467
2023-12-25,Monday,12,Pizza,Lunch,350,167,215
2023-12-25,Monday,12,Pizza,Dinner,350,198,311
2023-12-25,Monday,12,Burger,Lunch,200,131,408
2023-12-25,Monday,12,Burger,Dinner,200,161,347
2023-12-25,Monday,12,Pasta,Lunch,300,119,235
2023-12-25,Monday,12,Pasta,Dinner,300,107,329
2023-12-25,Monday,12,Sandwich,Lunch,180,90,417
2023-12-25,Monday,12,Sandwich,Dinner,180,105,326
2023-12-25,Monday,12,Salad,Lunch,150,62,284
2023-12-25,Monday,12,Salad,Dinner,150,95,345
2023-12-25,Monday,12,Biryani,Lunch,250,178,346
2023-12-25,Monday,12,Biryani,Dinner,250,218,262
2023-12-25,Monday,12,Fried Rice,Lunch,220,133,200
2023-12-25,Monday,12,Fried Rice,Dinner,220,128,328
2023-12-25,Monday,12,Noodles,Lunch,210,118,200
2023-12-25,Monday,12,Noodles,Dinner,210,135,211
2023-12-25,Monday,12,Ice Cream,Lunch,120,60,408
2023-12-25,Monday,12,Ice Cream,Dinner,120,106,263
2023-12-25,Monday,12,Coffee,Lunch,100,130,318
2023-12-25,Monday,12,Coffee,Dinner,100,159,243
2023-12-26,Tuesday,12,Pizza,Lunch,350,160,425
2023-12-26,Tuesday,12,Pizza,Dinner,350,205,267
2023-12-26,Tuesday,12,Burger,Lunch,200,119,263
2023-12-26,Tuesday,12,Burger,Dinner,200,152,347
2023-12-26,Tuesday,12,Pasta,Lunch,300,121,447
2023-12-26,Tuesday,12,Pasta,Dinner,300,120,341
2023-12-26,Tuesday,12,Sandwich,Lunch,180,73,303
2023-12-26,Tuesday,12,Sandwich,Dinner,180,89,345
2023-12-26,Tuesday,12,Salad,Lunch,150,78,493
2023-12-26,Tuesday,12,Salad,Dinner,150,70,472
2023-12-26,Tuesday,12,Biryani,Lunch,250,187,325
2023-12-26,Tuesday,12,Biryani,Dinner,250,206,294
2023-12-26,Tuesday,12,Fried Rice,Lunch,220,97,353
2023-12-26,Tuesday,12,Fried Rice,Dinner,220,154,318
2023-12-26,Tuesday,12,Noodles,Lunch,210,106,349
2023-12-26,Tuesday,12,Noodles,Dinner,210,151,397
2023-12-26,Tuesday,12,Ice Cream,Lunch,120,98,275
2023-12-26,Tuesday,12,Ice Cream,Dinner,120,99,317
2023-12-26,Tuesday,12,Coffee,Lunch,100,127,370
2023-12-26,Tuesday,12,Coffee,Dinner,100,182,266
2023-12-27,Wednesday,12,Pizza,Lunch,350,158,442
2023-12-27,Wednesday,12,Pizza,Dinner,350,203,219
2023-12-27,Wednesday,12,Burger,Lunch,200,116,343
2023-12-27,Wednesday,12,Burger,Dinner,200,162,275
2023-12-27,Wednesday,12,Pasta,Lunch,300,87,391
2023-12-27,Wednesday,12,Pasta,Dinner,300,126,301
2023-12-27,Wednesday,12,Sandwich,Lunch,180,71,270
2023-12-27,Wednesday,12,Sandwich,Dinner,180,91,450
2023-12-27,Wednesday,12,Salad,Lunch,150,66,500
2023-12-27,Wednesday,12,Salad,Dinner,150,61,431
2023-12-27,Wednesday,12,Biryani,Lunch,250,160,460
2023-12-27,Wednesday,12,Biryani,Dinner,250,184,492
2023-12-27,Wednesday,12,Fried Rice,Lunch,220,126,201
2023-12-27,Wednesday,12,Fried Rice,Dinner,220,159,289
2023-12-27,Wednesday,12,Noodles,Lunch,210,106,402
2023-12-27,Wednesday,12,Noodles,Dinner,210,117,444
2023-12-27,Wednesday,12,Ice Cream,Lunch,120,64,338
2023-12-27,Wednesday,12,Ice Cream,Dinner,120,91,347
2023-12-27,Wednesday,12,Coffee,Lunch,100,133,238
2023-12-27,Wednesday,12,Coffee,Dinner,100,164,449
2023-12-28,Thursday,12,Pizza,Lunch,350,159,439
2023-12-28,Thursday,12,Pizza,Dinner,350,204,348
2023-12-28,Thursday,12,Burger,Lunch,200,136,353
2023-12-28,Thursday,12,Burger,Dinner,200,140,486
2023-12-28,Thursday,12,Pasta,Lunch,300,113,220
2023-12-28,Thursday,12,Pasta,Dinner,300,119,255
2023-12-28,Thursday,12,Sandwich,Lunch,180,84,426
2023-12-28,Thursday,12,Sandwich,Dinner,180,89,243
2023-12-28,Thursday,12,Salad,Lunch,150,58,307
2023-12-28,Thursday,12,Salad,Dinner,150,74,374
2023-12-28,Thursday,12,Biryani,Lunch,250,168,491
2023-12-28,Thursday,12,Biryani,Dinner,250,185,320
2023-12-28,Thursday,12,Fried Rice,Lunch,220,133,389
2023-12-28,Thursday,12,Fried Rice,Dinner,220,144,470
2023-12-28,Thursday,12,Noodles,Lunch,210,103,249
2023-12-28,Thursday,12,Noodles,Dinner,210,126,428
2023-12-28,Thursday,12,Ice Cream,Lunch,120,70,260
2023-12-28,Thursday,12,Ice Cream,Dinner,120,84,303
2023-12-28,Thursday,12,Coffee,Lunch,100,163,486
2023-12-28,Thursday,12,Coffee,Dinner,100,187,284
2023-12-29,Friday,12,Pizza,Lunch,350,147,463
2023-12-29,Friday,12,Pizza,Dinner,350,188,408
2023-12-29,Friday,12,Burger,Lunch,200,149,335
2023-12-29,Friday,12,Burger,Dinner,200,161,357
2023-12-29,Friday,12,Pasta,Lunch,300,107,492
2023-12-29,Friday,12,Pasta,Dinner,300,128,355
2023-12-29,Friday,12,Sandwich,Lunch,180,100,284
2023-12-29,Friday,12,Sandwich,Dinner,180,127,401
2023-12-29,Friday,12,Salad,Lunch,150,84,207
2023-12-29,Friday,12,Salad,Dinner,150,78,338
2023-12-29,Friday,12,Biryani,Lunch,250,177,365
2023-12-29,Friday,12,Biryani,Dinner,250,202,480
2023-12-29,Friday,12,Fried Rice,Lunch,220,117,412
2023-12-29,Friday,12,Fried Rice,Dinner,220,148,491
2023-12-29,Friday,12,Noodles,Lunch,210,117,456
2023-12-29,Friday,12,Noodles,Dinner,210,118,318
2023-12-29,Friday,12,Ice Cream,Lunch,120,67,203
2023-12-29,Friday,12,Ice Cream,Dinner,120,113,475
2023-12-29,Friday,12,Coffee,Lunch,100,132,225
2023-12-29,Friday,12,Coffee,Dinner,100,159,330
2023-12-30,Saturday,12,Pizza,Lunch,350,226,434
2023-12-30,Saturday,12,Pizza,Dinner,350,251,424
2023-12-30,Saturday,12,Burger,Lunch,200,179,499
2023-12-30,Saturday,12,Burger,Dinner,200,232,203
2023-12-30,Saturday,12,Pasta,Lunch,300,165,256
2023-12-30,Saturday,12,Pasta,Dinner,300,171,426
2023-12-30,Saturday,12,Sandwich,Lunch,180,108,331
2023-12-30,Saturday,12,Sandwich,Dinner,180,154,429
2023-12-30,Saturday,12,Salad,Lunch,150,87,423
2023-12-30,Saturday,12,Salad,Dinner,150,89,280
2023-12-30,Saturday,12,Biryani,Lunch,250,241,397
2023-12-30,Saturday,12,Biryani,Dinner,250,273,349
2023-12-30,Saturday,12,Fried Rice,Lunch,220,172,317
2023-12-30,Saturday,12,Fried Rice,Dinner,220,187,464
2023-12-30,Saturday,12,Noodles,Lunch,210,159,377
2023-12-30,Saturday,12,Noodles,Dinner,210,200,339
2023-12-30,Saturday,12,Ice Cream,Lunch,120,111,480
2023-12-30,Saturday,12,Ice Cream,Dinner,120,112,447
2023-12-30,Saturday,12,Coffee,Lunch,100,180,288
2023-12-30,Saturday,12,Coffee,Dinner,100,233,234
2023-12-31,Sunday,12,Pizza,Lunch,350,232,327
2023-12-31,Sunday,12,Pizza,Dinner,350,267,351
2023-12-31,Sunday,12,Burger,Lunch,200,165,377
2023-12-31,Sunday,12,Burger,Dinner,200,215,430
2023-12-31,Sunday,12,Pasta,Lunch,300,163,345
2023-12-31,Sunday,12,Pasta,Dinner,300,157,218
2023-12-31,Sunday,12,Sandwich,Lunch,180,143,348
2023-12-31,Sunday,12,Sandwich,Dinner,180,154,266
2023-12-31,Sunday,12,Salad,Lunch,150,85,399
2023-12-31,Sunday,12,Salad,Dinner,150,110,364
2023-12-31,Sunday,12,Biryani,Lunch,250,240,488
2023-12-31,Sunday,12,Biryani,Dinner,250,280,375
2023-12-31,Sunday,12,Fried Rice,Lunch,220,151,216
2023-12-31,Sunday,12,Fried Rice,Dinner,220,207,287
2023-12-31,Sunday,12,Noodles,Lunch,210,151,481
2023-12-31,Sunday,12,Noodles,Dinner,210,202,280
2023-12-31,Sunday,12,Ice Cream,Lunch,120,99,293
2023-12-31,Sunday,12,Ice Cream,Dinner,120,146,271
2023-12-31,Sunday,12,Coffee,Lunch,100,217,255
2023-12-31,Sunday,12,Coffee,Dinner,100,234,311
2024-01-01,Monday,1,Pizza,Lunch,350,117,254
2024-01-01,Monday,1,Pizza,Dinner,350,137,224
2024-01-01,Monday,1,Burger,Lunch,200,108,276
2024-01-01,Monday,1,Burger,Dinner,200,103,269
2024-01-01,Monday,1,Pasta,Lunch,300,67,262
2024-01-01,Monday,1,Pasta,Dinner,300,116,461
2024-01-01,Monday,1,Sandwich,Lunch,180,87,322
2024-01-01,Monday,1,Sandwich,Dinner,180,64,478
2024-01-01,Monday,1,Salad,Lunch,150,45,304
2024-01-01,Monday,1,Salad,Dinner,150,66,463
2024-01-01,Monday,1,Biryani,Lunch,250,115,464
2024-01-01,Monday,1,Biryani,Dinner,250,159,261
2024-01-01,Monday,1,Fried Rice,Lunch,220,92,203
2024-01-01,Monday,1,Fried Rice,Dinner,220,114,497
2024-01-01,Monday,1,Noodles,Lunch,210,101,288
2024-01-01,Monday,1,Noodles,Dinner,210,88,386
2024-01-01,Monday,1,Ice Cream,Lunch,120,45,454
2024-01-01,Monday,1,Ice Cream,Dinner,120,90,234
2024-01-01,Monday,1,Coffee,Lunch,100,99,432
2024-01-01,Monday,1,Coffee,Dinner,100,135,397
2024-01-02,Tuesday,1,Pizza,Lunch,350,101,275
2024-01-02,Tuesday,1,Pizza,Dinner,350,145,401
2024-01-02,Tuesday,1,Burger,Lunch,200,90,361
2024-01-02,Tuesday,1,Burger,Dinner,200,130,314
2024-01-02,Tuesday,1,Pasta,Lunch,300,67,273
2024-01-02,Tuesday,1,Pasta,Dinner,300,80,346
2024-01-02,Tuesday,1,Sandwich,Lunch,180,53,209
2024-01-02,Tuesday,1,Sandwich,Dinner,180,104,293
2024-01-02,Tuesday,1,Salad,Lunch,150,64,397
2024-01-02,Tuesday,1,Salad,Dinner,150,47,381
2024-01-02,Tuesday,1,Biryani,Lunch,250,118,234
2024-01-02,Tuesday,1,Biryani,Dinner,250,156,417
2024-01-02,Tuesday,1,Fried Rice,Lunch,220,102,468
2024-01-02,Tuesday,1,Fried Rice,Dinner,220,107,242
2024-01-02,Tuesday,1,Noodles,Lunch,210,104,492
2024-01-02,Tuesday,1,Noodles,Dinner,210,83,305
2024-01-02,Tuesday,1,Ice Cream,Lunch,120,42,455
2024-01-02,Tuesday,1,Ice Cream,Dinner,120,74,473
2024-01-02,Tuesday,1,Coffee,Lunch,100,99,214
2024-01-02,Tuesday,1,Coffee,Dinner,100,126,296
2024-01-03,Wednesday,1,Pizza,Lunch,350,131,476
2024-01-03,Wednesday,1,Pizza,Dinner,350,146,202
2024-01-03,Wednesday,1,Burger,Lunch,200,98,482
2024-01-03,Wednesday,1,Burger,Dinner,200,130,372
2024-01-03,Wednesday,1,Pasta,Lunch,300,65,443
2024-01-03,Wednesday,1,Pasta,Dinner,300,94,261
2024-01-03,Wednesday,1,Sandwich,Lunch,180,69,201
2024-01-03,Wednesday,1,Sandwich,Dinner,180,90,376
2024-01-03,Wednesday,1,Salad,Lunch,150,70,238
2024-01-03,Wednesday,1,Salad,Dinner,150,79,485
2024-01-03,Wednesday,1,Biryani,Lunch,250,149,283
2024-01-03,Wednesday,1,Biryani,Dinner,250,149,248
2024-01-03,Wednesday,1,Fried Rice,Lunch,220,86,237
2024-01-03,Wednesday,1,Fried Rice,Dinner,220,114,378
2024-01-03,Wednesday,1,Noodles,Lunch,210,76,243
2024-01-03,Wednesday,1,Noodles,Dinner,210,94,358
2024-01-03,Wednesday,1,Ice Cream,Lunch,120,71,322
2024-01-03,Wednesday,1,Ice Cream,Dinner,120,87,325
2024-01-03,Wednesday,1,Coffee,Lunch,100,110,319
2024-01-03,Wednesday,1,Coffee,Dinner,100,116,421
2024-01-04,Thursday,1,Pizza,Lunch,350,104,303
2024-01-04,Thursday,1,Pizza,Dinner,350,141,300
2024-01-04,Thursday,1,Burger,Lunch,200,116,275
2024-01-04,Thursday,1,Burger,Dinner,200,115,237
2024-01-04,Thursday,1,Pasta,Lunch,300,78,206
2024-01-04,Thursday,1,Pasta,Dinner,300,83,494
2024-01-04,Thursday,1,Sandwich,Lunch,180,89,442
2024-01-04,Thursday,1,Sandwich,Dinner,180,81,458
2024-01-04,Thursday,1,Salad,Lunch,150,41,342
2024-01-04,Thursday,1,Salad,Dinner,150,62,413
2024-01-04,Thursday,1,Biryani,Lunch,250,135,310
2024-01-04,Thursday,1,Biryani,Dinner,250,151,304
2024-01-04,Thursday,1,Fried Rice,Lunch,220,85,311
2024-01-04,Thursday,1,Fried Rice,Dinner,220,123,277
2024-01-04,Thursday,1,Noodles,Lunch,210,95,461
2024-01-04,Thursday,1,Noodles,Dinner,210,115,340
2024-01-04,Thursday,1,Ice Cream,Lunch,120,67,208
2024-01-04,Thursday,1,Ice Cream,Dinner,120,84,320
2024-01-04,Thursday,1,Coffee,Lunch,100,92,345
2024-01-04,Thursday,1,Coffee,Dinner,100,126,290
2024-01-05,Friday,1,Pizza,Lunch,350,125,205
2024-01-05,Friday,1,Pizza,Dinner,350,158,486
2024-01-05,Friday,1,Burger,Lunch,200,81,328
2024-01-05,Friday,1,Burger,Dinner,200,111,247
2024-01-05,Friday,1,Pasta,Lunch,300,84,350
2024-01-05,Friday,1,Pasta,Dinner,300,114,308
2024-01-05,Friday,1,Sandwich,Lunch,180,80,440
2024-01-05,Friday,1,Sandwich,Dinner,180,82,378
2024-01-05,Friday,1,Salad,Lunch,150,68,416
2024-01-05,Friday,1,Salad,Dinner,150,52,386
2024-01-05,Friday,1,Biryani,Lunch,250,142,206
2024-01-05,Friday,1,Biryani,Dinner,250,140,326
2024-01-05,Friday,1,Fried Rice,Lunch,220,90,228
2024-01-05,Friday,1,Fried Rice,Dinner,220,96,328
2024-01-05,Friday,1,Noodles,Lunch,210,72,474
2024-01-05,Friday,1,Noodles,Dinner,210,103,317
2024-01-05,Friday,1,Ice Cream,Lunch,120,76,262
2024-01-05,Friday,1,Ice Cream,Dinner,120,92,359
2024-01-05,Friday,1,Coffee,Lunch,100,104,223
2024-01-05,Friday,1,Coffee,Dinner,100,121,238
2024-01-06,Saturday,1,Pizza,Lunch,350,164,289
2024-01-06,Saturday,1,Pizza,Dinner,350,196,307
2024-01-06,Saturday,1,Burger,Lunch,200,140,255
2024-01-06,Saturday,1,Burger,Dinner,200,166,354
2024-01-06,Saturday,1,Pasta,Lunch,300,127,256
2024-01-06,Saturday,1,Pasta,Dinner,300,117,394
2024-01-06,Saturday,1,Sandwich,Lunch,180,87,398
2024-01-06,Saturday,1,Sandwich,Dinner,180,127,282
2024-01-06,Saturday,1,Salad,Lunch,150,55,241
2024-01-06,Saturday,1,Salad,Dinner,150,97,464
2024-01-06,Saturday,1,Biryani,Lunch,250,202,372
2024-01-06,Saturday,1,Biryani,Dinner,250,233,206
2024-01-06,Saturday,1,Fried Rice,Lunch,220,122,280
2024-01-06,Saturday,1,Fried Rice,Dinner,220,147,266
2024-01-06,Saturday,1,Noodles,Lunch,210,121,252
2024-01-06,Saturday,1,Noodles,Dinner,210,156,407
2024-01-06,Saturday,1,Ice Cream,Lunch,120,92,239
2024-01-06,Saturday,1,Ice Cream,Dinner,120,97,336
2024-01-06,Saturday,1,Coffee,Lunch,100,138,442
2024-01-06,Saturday,1,Coffee,Dinner,100,170,303
2024-01-07,Sunday,1,Pizza,Lunch,350,179,447
2024-01-07,Sunday,1,Pizza,Dinner,350,210,275
2024-01-07,Sunday,1,Burger,Lunch,200,155,393
2024-01-07,Sunday,1,Burger,Dinner,200,165,467
2024-01-07,Sunday,1,Pasta,Lunch,300,113,271
2024-01-07,Sunday,1,Pasta,Dinner,300,118,282
2024-01-07,Sunday,1,Sandwich,Lunch,180,81,298
2024-01-07,Sunday,1,Sandwich,Dinner,180,106,400
2024-01-07,Sunday,1,Salad,Lunch,150,61,464
2024-01-07,Sunday,1,Salad,Dinner,150,66,293
2024-01-07,Sunday,1,Biryani,Lunch,250,185,500
2024-01-07,Sunday,1,Biryani,Dinner,250,232,439
2024-01-07,Sunday,1,Fried Rice,Lunch,220,111,435
2024-01-07,Sunday,1,Fried Rice,Dinner,220,167,397
2024-01-07,Sunday,1,Noodles,Lunch,210,111,478
2024-01-07,Sunday,1,Noodles,Dinner,210,160,408
2024-01-07,Sunday,1,Ice Cream,Lunch,120,93,361
2024-01-07,Sunday,1,Ice Cream,Dinner,120,115,209
2024-01-07,Sunday,1,Coffee,Lunch,100,163,460
2024-01-07,Sunday,1,Coffee,Dinner,100,188,270
2024-01-08,Monday,1,Pizza,Lunch,350,137,314
2024-01-08,Monday,1,Pizza,Dinner,350,139,467
2024-01-08,Monday,1,Burger,Lunch,200,81,244
2024-01-08,Monday,1,Burger,Dinner,200,114,476
2024-01-08,Monday,1,Pasta,Lunch,300,80,492
2024-01-08,Monday,1,Pasta,Dinner,300,77,210
2024-01-08,Monday,1,Sandwich,Lunch,180,73,379
2024-01-08,Monday,1,Sandwich,Dinner,180,87,454
2024-01-08,Monday,1,Salad,Lunch,150,66,220
2024-01-08,Monday,1,Salad,Dinner,150,64,290
2024-01-08,Monday,1,Biryani,Lunch,250,129,213
2024-01-08,Monday,1,Biryani,Dinner,250,149,213
2024-01-08,Monday,1,Fried Rice,Lunch,220,94,235
2024-01-08,Monday,1,Fried Rice,Dinner,220,119,211
2024-01-08,Monday,1,Noodles,Lunch,210,86,465
2024-01-08,Monday,1,Noodles,Dinner,210,107,320
2024-01-08,Monday,1,Ice Cream,Lunch,120,77,233
2024-01-08,Monday,1,Ice Cream,Dinner,120,73,237
2024-01-08,Monday,1,Coffee,Lunch,100,94,480
2024-01-08,Monday,1,Coffee,Dinner,100,130,307
2024-01-09,Tuesday,1,Pizza,Lunch,350,100,361
2024-01-09,Tuesday,1,Pizza,Dinner,350,140,216
2024-01-09,Tuesday,1,Burger,Lunch,200,87,212
2024-01-09,Tuesday,1,Burger,Dinner,200,105,277
2024-01-09,Tuesday,1,Pasta,Lunch,300,73,318
2024-01-09,Tuesday,1,Pasta,Dinner,300,107,403
2024-01-09,Tuesday,1,Sandwich,Lunch,180,87,289
2024-01-09,Tuesday,1,Sandwich,Dinner,180,99,308
2024-01-09,Tuesday,1,Salad,Lunch,150,45,434
2024-01-09,Tuesday,1,Salad,Dinner,150,45,200
2024-01-09,Tuesday,1,Biryani,Lunch,250,133,412
2024-01-09,Tuesday,1,Biryani,Dinner,250,172,253
2024-01-09,Tuesday,1,Fried Rice,Lunch,220,97,338
2024-01-09,Tuesday,1,Fried Rice,Dinner,220,113,256
2024-01-09,Tuesday,1,Noodles,Lunch,210,76,463
2024-01-09,Tuesday,1,Noodles,Dinner,210,85,252
2024-01-09,Tuesday,1,Ice Cream,Lunch,120,68,361
2024-01-09,Tuesday,1,Ice Cream,Dinner,120,91,441
2024-01-09,Tuesday,1,Coffee,Lunch,100,104,320
2024-01-09,Tuesday,1,Coffee,Dinner,100,124,367
2024-01-10,Wednesday,1,Pizza,Lunch,350,110,445
2024-01-10,Wednesday,1,Pizza,Dinner,350,142,382
2024-01-10,Wednesday,1,Burger,Lunch,200,116,371
2024-01-10,Wednesday,1,Burger,Dinner,200,129,285
2024-01-10,Wednesday,1,Pasta,Lunch,300,79,215
2024-01-10,Wednesday,1,Pasta,Dinner,300,103,249
2024-01-10,Wednesday,1,Sandwich,Lunch,180,58,461
2024-01-10,Wednesday,1,Sandwich,Dinner,180,101,468
2024-01-10,Wednesday,1,Salad,Lunch,150,36,211
2024-01-10,Wednesday,1,Salad,Dinner,150,55,352
2024-01-10,Wednesday,1,Biryani,Lunch,250,120,374
2024-01-10,Wednesday,1,Biryani,Dinner,250,158,239
2024-01-10,Wednesday,1,Fried Rice,Lunch,220,94,360
2024-01-10,Wednesday,1,Fried Rice,Dinner,220,121,356
2024-01-10,Wednesday,1,Noodles,Lunch,210,85,212
2024-01-10,Wednesday,1,Noodles,Dinner,210,110,371
2024-01-10,Wednesday,1,Ice Cream,Lunch,120,51,420
2024-01-10,Wednesday,1,Ice Cream,Dinner,120,75,264
2024-01-10,Wednesday,1,Coffee,Lunch,100,103,201
2024-01-10,Wednesday,1,Coffee,Dinner,100,136,448
2024-01-11,Thursday,1,Pizza,Lunch,350,128,421
2024-01-11,Thursday,1,Pizza,Dinner,350,135,206
2024-01-11,Thursday,1,Burger,Lunch,200,89,209
2024-01-11,Thursday,1,Burger,Dinner,200,122,419
2024-01-11,Thursday,1,Pasta,Lunch,300,86,411
2024-01-11,Thursday,1,Pasta,Dinner,300,80,280
2024-01-11,Thursday,1,Sandwich,Lunch,180,76,378
2024-01-11,Thursday,1,Sandwich,Dinner,180,69,273
2024-01-11,Thursday,1,Salad,Lunch,150,30,235
2024-01-11,Thursday,1,Salad,Dinner,150,51,269
2024-01-11,Thursday,1,Biryani,Lunch,250,145,386
2024-01-11,Thursday,1,Biryani,Dinner,250,151,350
2024-01-11,Thursday,1,Fried Rice,Lunch,220,104,216
2024-01-11,Thursday,1,Fried Rice,Dinner,220,120,408
2024-01-11,Thursday,1,Noodles,Lunch,210,74,227
2024-01-11,Thursday,1,Noodles,Dinner,210,96,261
2024-01-11,Thursday,1,Ice Cream,Lunch,120,75,375
2024-01-11,Thursday,1,Ice Cream,Dinner,120,72,368
2024-01-11,Thursday,1,Coffee,Lunch,100,105,435
2024-01-11,Thursday,1,Coffee,Dinner,100,115,314
2024-01-12,Friday,1,Pizza,Lunch,350,120,427
2024-01-12,Friday,1,Pizza,Dinner,350,157,480
2024-01-12,Friday,1,Burger,Lunch,200,86,311
2024-01-12,Friday,1,Burger,Dinner,200,127,211
2024-01-12,Friday,1,Pasta,Lunch,300,83,211
2024-01-12,Friday,1,Pasta,Dinner,300,95,452
2024-01-12,Friday,1,Sandwich,Lunch,180,55,265
2024-01-12,Friday,1,Sandwich,Dinner,180,68,377
2024-01-12,Friday,1,Salad,Lunch,150,46,237
2024-01-12,Friday,1,Salad,Dinner,150,77,301
2024-01-12,Friday,1,Biryani,Lunch,250,113,490
2024-01-12,Friday,1,Biryani,Dinner,250,168,320
2024-01-12,Friday,1,Fried Rice,Lunch,220,88,266
2024-01-12,Friday,1,Fried Rice,Dinner,220,101,310
2024-01-12,Friday,1,Noodles,Lunch,210,102,221
2024-01-12,Friday,1,Noodles,Dinner,210,121,480
2024-01-12,Friday,1,Ice Cream,Lunch,120,75,436
2024-01-12,Friday,1,Ice Cream,Dinner,120,67,239
2024-01-12,Friday,1,Coffee,Lunch,100,120,252
2024-01-12,Friday,1,Coffee,Dinner,100,113,214
2024-01-13,Saturday,1,Pizza,Lunch,350,169,281
2024-01-13,Saturday,1,Pizza,Dinner,350,219,322
2024-01-13,Saturday,1,Burger,Lunch,200,128,361
2024-01-13,Saturday,1,Burger,Dinner,200,159,201
2024-01-13,Saturday,1,Pasta,Lunch,300,122,375
2024-01-13,Saturday,1,Pasta,Dinner,300,148,338
2024-01-13,Saturday,1,Sandwich,Lunch,180,114,356
2024-01-13,Saturday,1,Sandwich,Dinner,180,125,487
2024-01-13,Saturday,1,Salad,Lunch,150,61,400
2024-01-13,Saturday,1,Salad,Dinner,150,104,380
2024-01-13,Saturday,1,Biryani,Lunch,250,195,288
2024-01-13,Saturday,1,Biryani,Dinner,250,211,444
2024-01-13,Saturday,1,Fried Rice,Lunch,220,113,249
2024-01-13,Saturday,1,Fried Rice,Dinner,220,164,203
2024-01-13,Saturday,1,Noodles,Lunch,210,103,323
2024-01-13,Saturday,1,Noodles,Dinner,210,154,253
2024-01-13,Saturday,1,Ice Cream,Lunch,120,83,389
2024-01-13,Saturday,1,Ice Cream,Dinner,120,118,252
2024-01-13,Saturday,1,Coffee,Lunch,100,173,385
2024-01-13,Saturday,1,Coffee,Dinner,100,203,458
2024-01-14,Sunday,1,Pizza,Lunch,350,185,275
2024-01-14,Sunday,1,Pizza,Dinner,350,195,426
2024-01-14,Sunday,1,Burger,Lunch,200,124,456
2024-01-14,Sunday,1,Burger,Dinner,200,150,268
2024-01-14,Sunday,1,Pasta,Lunch,300,106,300
2024-01-14,Sunday,1,Pasta,Dinner,300,146,474
2024-01-14,Sunday,1,Sandwich,Lunch,180,88,408
2024-01-14,Sunday,1,Sandwich,Dinner,180,101,392
2024-01-14,Sunday,1,Salad,Lunch,150,65,238
2024-01-14,Sunday,1,Salad,Dinner,150,98,268
2024-01-14,Sunday,1,Biryani,Lunch,250,184,393
2024-01-14,Sunday,1,Biryani,Dinner,250,216,411
2024-01-14,Sunday,1,Fried Rice,Lunch,220,140,487
2024-01-14,Sunday,1,Fried Rice,Dinner,220,166,244
2024-01-14,Sunday,1,Noodles,Lunch,210,107,316
2024-01-14,Sunday,1,Noodles,Dinner,210,146,433
2024-01-14,Sunday,1,Ice Cream,Lunch,120,81,447
2024-01-14,Sunday,1,Ice Cream,Dinner,120,98,232
2024-01-14,Sunday,1,Coffee,Lunch,100,157,296
2024-01-14,Sunday,1,Coffee,Dinner,100,202,397
2024-01-15,Monday,1,Pizza,Lunch,350,111,284
2024-01-15,Monday,1,Pizza,Dinner,350,124,492
2024-01-15,Monday,1,Burger,Lunch,200,80,455
2024-01-15,Monday,1,Burger,Dinner,200,119,292
2024-01-15,Monday,1,Pasta,Lunch,300,92,239
2024-01-15,Monday,1,Pasta,Dinner,300,97,300
2024-01-15,Monday,1,Sandwich,Lunch,180,65,373
2024-01-15,Monday,1,Sandwich,Dinner,180,74,209
2024-01-15,Monday,1,Salad,Lunch,150,31,447
2024-01-15,Monday,1,Salad,Dinner,150,75,223
2024-01-15,Monday,1,Biryani,Lunch,250,115,429
2024-01-15,Monday,1,Biryani,Dinner,250,159,201
2024-01-15,Monday,1,Fried Rice,Lunch,220,95,201
2024-01-15,Monday,1,Fried Rice,Dinner,220,117,315
2024-01-15,Monday,1,Noodles,Lunch,210,99,370
2024-01-15,Monday,1,Noodles,Dinner,210,83,282
2024-01-15,Monday,1,Ice Cream,Lunch,120,74,444
2024-01-15,Monday,1,Ice Cream,Dinner,120,52,341
2024-01-15,Monday,1,Coffee,Lunch,100,97,370
2024-01-15,Monday,1,Coffee,Dinner,100,148,295
2024-01-16,Tuesday,1,Pizza,Lunch,350,102,464
2024-01-16,Tuesday,1,Pizza,Dinner,350,136,421
2024-01-16,Tuesday,1,Burger,Lunch,200,115,481
2024-01-16,Tuesday,1,Burger,Dinner,200,117,329
2024-01-16,Tuesday,1,Pasta,Lunch,300,82,232
2024-01-16,Tuesday,1,Pasta,Dinner,300,104,450
2024-01-16,Tuesday,1,Sandwich,Lunch,180,62,363
2024-01-16,Tuesday,1,Sandwich,Dinner,180,81,378
2024-01-16,Tuesday,1,Salad,Lunch,150,64,413
2024-01-16,Tuesday,1,Salad,Dinner,150,69,367
2024-01-16,Tuesday,1,Biryani,Lunch,250,146,443
2024-01-16,Tuesday,1,Biryani,Dinner,250,170,209
2024-01-16,Tuesday,1,Fried Rice,Lunch,220,79,213
2024-01-16,Tuesday,1,Fried Rice,Dinner,220,122,355
2024-01-16,Tuesday,1,Noodles,Lunch,210,69,237
2024-01-16,Tuesday,1,Noodles,Dinner,210,105,251
2024-01-16,Tuesday,1,Ice Cream,Lunch,120,75,388
2024-01-16,Tuesday,1,Ice Cream,Dinner,120,76,403
2024-01-16,Tuesday,1,Coffee,Lunch,100,125,431
2024-01-16,Tuesday,1,Coffee,Dinner,100,123,214
2024-01-17,Wednesday,1,Pizza,Lunch,350,104,350
2024-01-17,Wednesday,1,Pizza,Dinner,350,164,395
2024-01-17,Wednesday,1,Burger,Lunch,200,111,426
2024-01-17,Wednesday,1,Burger,Dinner,200,113,248
2024-01-17,Wednesday,1,Pasta,Lunch,300,73,297
2024-01-17,Wednesday,1,Pasta,Dinner,300,101,272
2024-01-17,Wednesday,1,Sandwich,Lunch,180,67,393
2024-01-17,Wednesday,1,Sandwich,Dinner,180,99,434
2024-01-17,Wednesday,1,Salad,Lunch,150,39,379
2024-01-17,Wednesday,1,Salad,Dinner,150,47,402
2024-01-17,Wednesday,1,Biryani,Lunch,250,132,271
2024-01-17,Wednesday,1,Biryani,Dinner,250,142,274
2024-01-17,Wednesday,1,Fried Rice,Lunch,220,104,468
2024-01-17,Wednesday,1,Fried Rice,Dinner,220,117,285
2024-01-17,Wednesday,1,Noodles,Lunch,210,67,385
2024-01-17,Wednesday,1,Noodles,Dinner,210,89,306
2024-01-17,Wednesday,1,Ice Cream,Lunch,120,74,314
2024-01-17,Wednesday,1,Ice Cream,Dinner,120,86,244
2024-01-17,Wednesday,1,Coffee,Lunch,100,113,420
2024-01-17,Wednesday,1,Coffee,Dinner,100,117,268
2024-01-18,Thursday,1,Pizza,Lunch,350,135,450
2024-01-18,Thursday,1,Pizza,Dinner,350,133,201
2024-01-18,Thursday,1,Burger,Lunch,200,118,389
2024-01-18,Thursday,1,Burger,Dinner,200,131,305
2024-01-18,Thursday,1,Pasta,Lunch,300,81,205
2024-01-18,Thursday,1,Pasta,Dinner,300,99,490
2024-01-18,Thursday,1,Sandwich,Lunch,180,54,302
2024-01-18,Thursday,1,Sandwich,Dinner,180,73,344
2024-01-18,Thursday,1,Salad,Lunch,150,53,489
2024-01-18,Thursday,1,Salad,Dinner,150,67,256
2024-01-18,Thursday,1,Biryani,Lunch,250,143,443
2024-01-18,Thursday,1,Biryani,Dinner,250,146,482
2024-01-18,Thursday,1,Fried Rice,Lunch,220,87,426
2024-01-18,Thursday,1,Fried Rice,Dinner,220,123,251
2024-01-18,Thursday,1,Noodles,Lunch,210,86,390
2024-01-18,Thursday,1,Noodles,Dinner,210,101,396
2024-01-18,Thursday,1,Ice Cream,Lunch,120,49,364
2024-01-18,Thursday,1,Ice Cream,Dinner,120,83,249
2024-01-18,Thursday,1,Coffee,Lunch,100,95,414
2024-01-18,Thursday,1,Coffee,Dinner,100,124,475
2024-01-19,Friday,1,Pizza,Lunch,350,106,324
2024-01-19,Friday,1,Pizza,Dinner,350,147,241
2024-01-19,Friday,1,Burger,Lunch,200,109,291
2024-01-19,Friday,1,Burger,Dinner,200,102,499
2024-01-19,Friday,1,Pasta,Lunch,300,60,327
2024-01-19,Friday,1,Pasta,Dinner,300,100,362
2024-01-19,Friday,1,Sandwich,Lunch,180,73,481
2024-01-19,Friday,1,Sandwich,Dinner,180,74,246
2024-01-19,Friday,1,Salad,Lunch,150,68,299
2024-01-19,Friday,1,Salad,Dinner,150,76,331
2024-01-19,Friday,1,Biryani,Lunch,250,115,364
2024-01-19,Friday,1,Biryani,Dinner,250,163,302
2024-01-19,Friday,1,Fried Rice,Lunch,220,78,420
2024-01-19,Friday,1,Fried Rice,Dinner,220,122,447
2024-01-19,Friday,1,Noodles,Lunch,210,77,203
2024-01-19,Friday,1,Noodles,Dinner,210,90,401
2024-01-19,Friday,1,Ice Cream,Lunch,120,53,251
2024-01-19,Friday,1,Ice Cream,Dinner,120,73,292
2024-01-19,Friday,1,Coffee,Lunch,100,123,240
2024-01-19,Friday,1,Coffee,Dinner,100,128,303
2024-01-20,Saturday,1,Pizza,Lunch,350,168,334
2024-01-20,Saturday,1,Pizza,Dinner,350,182,207
2024-01-20,Saturday,1,Burger,Lunch,200,146,393
2024-01-20,Saturday,1,Burger,Dinner,200,159,419
2024-01-20,Saturday,1,Pasta,Lunch,300,111,417
2024-01-20,Saturday,1,Pasta,Dinner,300,142,318
2024-01-20,Saturday,1,Sandwich,Lunch,180,111,284
2024-01-20,Saturday,1,Sandwich,Dinner,180,136,403
2024-01-20,Saturday,1,Salad,Lunch,150,61,496
2024-01-20,Saturday,1,Salad,Dinner,150,77,435
2024-01-20,Saturday,1,Biryani,Lunch,250,188,420
2024-01-20,Saturday,1,Biryani,Dinner,250,212,486
2024-01-20,Saturday,1,Fried Rice,Lunch,220,109,414
2024-01-20,Saturday,1,Fried Rice,Dinner,220,147,416
2024-01-20,Saturday,1,Noodles,Lunch,210,112,444
2024-01-20,Saturday,1,Noodles,Dinner,210,160,335
2024-01-20,Saturday,1,Ice Cream,Lunch,120,97,297
2024-01-20,Saturday,1,Ice Cream,Dinner,120,105,334
2024-01-20,Saturday,1,Coffee,Lunch,100,145,423
2024-01-20,Saturday,1,Coffee,Dinner,100,193,241
2024-01-21,Sunday,1,Pizza,Lunch,350,181,230
2024-01-21,Sunday,1,Pizza,Dinner,350,195,349
2024-01-21,Sunday,1,Burger,Lunch,200,131,386
2024-01-21,Sunday,1,Burger,Dinner,200,176,483
2024-01-21,Sunday,1,Pasta,Lunch,300,120,229
2024-01-21,Sunday,1,Pasta,Dinner,300,143,497
2024-01-21,Sunday,1,Sandwich,Lunch,180,95,400
2024-01-21,Sunday,1,Sandwich,Dinner,180,114,419
2024-01-21,Sunday,1,Salad,Lunch,150,55,295
2024-01-21,Sunday,1,Salad,Dinner,150,65,428
2024-01-21,Sunday,1,Biryani,Lunch,250,200,225
2024-01-21,Sunday,1,Biryani,Dinner,250,206,329
2024-01-21,Sunday,1,Fried Rice,Lunch,220,114,337
2024-01-21,Sunday,1,Fried Rice,Dinner,220,160,368
2024-01-21,Sunday,1,Noodles,Lunch,210,117,333
2024-01-21,Sunday,1,Noodles,Dinner,210,133,423
2024-01-21,Sunday,1,Ice Cream,Lunch,120,104,346
2024-01-21,Sunday,1,Ice Cream,Dinner,120,116,339
2024-01-21,Sunday,1,Coffee,Lunch,100,163,286
2024-01-21,Sunday,1,Coffee,Dinner,100,195,269
2024-01-22,Monday,1,Pizza,Lunch,350,106,276
2024-01-22,Monday,1,Pizza,Dinner,350,137,343
2024-01-22,Monday,1,Burger,Lunch,200,105,304
2024-01-22,Monday,1,Burger,Dinner,200,100,448
2024-01-22,Monday,1,Pasta,Lunch,300,66,403
2024-01-22,Monday,1,Pasta,Dinner,300,116,443
2024-01-22,Monday,1,Sandwich,Lunch,180,82,265
2024-01-22,Monday,1,Sandwich,Dinner,180,75,427
2024-01-22,Monday,1,Salad,Lunch,150,61,472
2024-01-22,Monday,1,Salad,Dinner,150,54,499
2024-01-22,Monday,1,Biryani,Lunch,250,144,398
2024-01-22,Monday,1,Biryani,Dinner,250,145,438
2024-01-22,Monday,1,Fried Rice,Lunch,220,92,367
2024-01-22,Monday,1,Fried Rice,Dinner,220,100,391
2024-01-22,Monday,1,Noodles,Lunch,210,75,492
2024-01-22,Monday,1,Noodles,Dinner,210,92,407
2024-01-22,Monday,1,Ice Cream,Lunch,120,76,246
2024-01-22,Monday,1,Ice Cream,Dinner,120,57,360
2024-01-22,Monday,1,Coffee,Lunch,100,102,430
2024-01-22,Monday,1,Coffee,Dinner,100,120,426
2024-01-23,Tuesday,1,Pizza,Lunch,350,105,352
2024-01-23,Tuesday,1,Pizza,Dinner,350,161,473
2024-01-23,Tuesday,1,Burger,Lunch,200,115,371
2024-01-23,Tuesday,1,Burger,Dinner,200,135,476
2024-01-23,Tuesday,1,Pasta,Lunch,300,71,403
2024-01-23,Tuesday,1,Pasta,Dinner,300,88,417
2024-01-23,Tuesday,1,Sandwich,Lunch,180,85,402
2024-01-23,Tuesday,1,Sandwich,Dinner,180,69,331
2024-01-23,Tuesday,1,Salad,Lunch,150,64,357
2024-01-23,Tuesday,1,Salad,Dinner,150,47,434
2024-01-23,Tuesday,1,Biryani,Lunch,250,116,450
2024-01-23,Tuesday,1,Biryani,Dinner,250,176,243
2024-01-23,Tuesday,1,Fried Rice,Lunch,220,103,332
2024-01-23,Tuesday,1,Fried Rice,Dinner,220,128,470
2024-01-23,Tuesday,1,Noodles,Lunch,210,90,436
2024-01-23,Tuesday,1,Noodles,Dinner,210,92,306
2024-01-23,Tuesday,1,Ice Cream,Lunch,120,41,360
2024-01-23,Tuesday,1,Ice Cream,Dinner,120,88,436
2024-01-23,Tuesday,1,Coffee,Lunch,100,127,264
2024-01-23,Tuesday,1,Coffee,Dinner,100,145,237
2024-01-24,Wednesday,1,Pizza,Lunch,350,126,379
2024-01-24,Wednesday,1,Pizza,Dinner,350,124,382
2024-01-24,Wednesday,1,Burger,Lunch,200,98,288
2024-01-24,Wednesday,1,Burger,Dinner,200,115,459
2024-01-24,Wednesday,1,Pasta,Lunch,300,67,364
2024-01-24,Wednesday,1,Pasta,Dinner,300,92,465
2024-01-24,Wednesday,1,Sandwich,Lunch,180,70,258
2024-01-24,Wednesday,1,Sandwich,Dinner,180,90,336
2024-01-24,Wednesday,1,Salad,Lunch,150,52,394
2024-01-24,Wednesday,1,Salad,Dinner,150,59,217
2024-01-24,Wednesday,1,Biryani,Lunch,250,134,219
2024-01-24,Wednesday,1,Biryani,Dinner,250,154,299
2024-01-24,Wednesday,1,Fried Rice,Lunch,220,74,472
2024-01-24,Wednesday,1,Fried Rice,Dinner,220,127,262
2024-01-24,Wednesday,1,Noodles,Lunch,210,75,400
2024-01-24,Wednesday,1,Noodles,Dinner,210,116,377
2024-01-24,Wednesday,1,Ice Cream,Lunch,120,46,245
2024-01-24,Wednesday,1,Ice Cream,Dinner,120,62,290
2024-01-24,Wednesday,1,Coffee,Lunch,100,111,394
2024-01-24,Wednesday,1,Coffee,Dinner,100,134,384
2024-01-25,Thursday,1,Pizza,Lunch,350,135,327
2024-01-25,Thursday,1,Pizza,Dinner,350,141,207
2024-01-25,Thursday,1,Burger,Lunch,200,115,365
2024-01-25,Thursday,1,Burger,Dinner,200,114,351
2024-01-25,Thursday,1,Pasta,Lunch,300,94,209
2024-01-25,Thursday,1,Pasta,Dinner,300,83,382
2024-01-25,Thursday,1,Sandwich,Lunch,180,57,461
2024-01-25,Thursday,1,Sandwich,Dinner,180,98,432
2024-01-25,Thursday,1,Salad,Lunch,150,59,397
2024-01-25,Thursday,1,Salad,Dinner,150,80,246
2024-01-25,Thursday,1,Biryani,Lunch,250,149,378
2024-01-25,Thursday,1,Biryani,Dinner,250,150,361
2024-01-25,Thursday,1,Fried Rice,Lunch,220,81,288
2024-01-25,Thursday,1,Fried Rice,Dinner,220,121,466
2024-01-25,Thursday,1,Noodles,Lunch,210,73,206
2024-01-25,Thursday,1,Noodles,Dinner,210,101,309
2024-01-25,Thursday,1,Ice Cream,Lunch,120,70,273
2024-01-25,Thursday,1,Ice Cream,Dinner,120,64,329
2024-01-25,Thursday,1,Coffee,Lunch,100,105,373
2024-01-25,Thursday,1,Coffee,Dinner,100,123,379
2024-01-26,Friday,1,Pizza,Lunch,350,132,271
2024-01-26,Friday,1,Pizza,Dinner,350,127,413
2024-01-26,Friday,1,Burger,Lunch,200,82,249
2024-01-26,Friday,1,Burger,Dinner,200,124,274
2024-01-26,Friday,1,Pasta,Lunch,300,70,269
2024-01-26,Friday,1,Pasta,Dinner,300,116,424
2024-01-26,Friday,1,Sandwich,Lunch,180,52,459
2024-01-26,Friday,1,Sandwich,Dinner,180,91,496
2024-01-26,Friday,1,Salad,Lunch,150,60,200
2024-01-26,Friday,1,Salad,Dinner,150,70,340
2024-01-26,Friday,1,Biryani,Lunch,250,138,403
2024-01-26,Friday,1,Biryani,Dinner,250,145,419
2024-01-26,Friday,1,Fried Rice,Lunch,220,106,237
2024-01-26,Friday,1,Fried Rice,Dinner,220,123,307
2024-01-26,Friday,1,Noodles,Lunch,210,98,262
2024-01-26,Friday,1,Noodles,Dinner,210,114,217
2024-01-26,Friday,1,Ice Cream,Lunch,120,65,427
2024-01-26,Friday,1,Ice Cream,Dinner,120,55,326
2024-01-26,Friday,1,Coffee,Lunch,100,97,222
2024-01-26,Friday,1,Coffee,Dinner,100,142,465
2024-01-27,Saturday,1,Pizza,Lunch,350,170,475
2024-01-27,Saturday,1,Pizza,Dinner,350,197,406
2024-01-27,Saturday,1,Burger,Lunch,200,143,297
2024-01-27,Saturday,1,Burger,Dinner,200,164,210
2024-01-27,Saturday,1,Pasta,Lunch,300,119,270
2024-01-27,Saturday,1,Pasta,Dinner,300,127,497
2024-01-27,Saturday,1,Sandwich,Lunch,180,87,281
2024-01-27,Saturday,1,Sandwich,Dinner,180,137,472
2024-01-27,Saturday,1,Salad,Lunch,150,51,288
2024-01-27,Saturday,1,Salad,Dinner,150,91,240
2024-01-27,Saturday,1,Biryani,Lunch,250,181,227
2024-01-27,Saturday,1,Biryani,Dinner,250,220,328
2024-01-27,Saturday,1,Fried Rice,Lunch,220,107,480
2024-01-27,Saturday,1,Fried Rice,Dinner,220,170,249
2024-01-27,Saturday,1,Noodles,Lunch,210,98,434
2024-01-27,Saturday,1,Noodles,Dinner,210,124,401
2024-01-27,Saturday,1,Ice Cream,Lunch,120,81,418
2024-01-27,Saturday,1,Ice Cream,Dinner,120,89,341
2024-01-27,Saturday,1,Coffee,Lunch,100,148,395
2024-01-27,Saturday,1,Coffee,Dinner,100,166,320
2024-01-28,Sunday,1,Pizza,Lunch,350,153,454
2024-01-28,Sunday,1,Pizza,Dinner,350,197,262
2024-01-28,Sunday,1,Burger,Lunch,200,134,312
2024-01-28,Sunday,1,Burger,Dinner,200,178,409
2024-01-28,Sunday,1,Pasta,Lunch,300,120,276
2024-01-28,Sunday,1,Pasta,Dinner,300,134,237
2024-01-28,Sunday,1,Sandwich,Lunch,180,110,491
2024-01-28,Sunday,1,Sandwich,Dinner,180,115,321
2024-01-28,Sunday,1,Salad,Lunch,150,68,486
2024-01-28,Sunday,1,Salad,Dinner,150,100,486
2024-01-28,Sunday,1,Biryani,Lunch,250,199,337
2024-01-28,Sunday,1,Biryani,Dinner,250,238,212
2024-01-28,Sunday,1,Fried Rice,Lunch,220,142,289
2024-01-28,Sunday,1,Fried Rice,Dinner,220,134,305
2024-01-28,Sunday,1,Noodles,Lunch,210,126,321
2024-01-28,Sunday,1,Noodles,Dinner,210,135,407
2024-01-28,Sunday,1,Ice Cream,Lunch,120,89,204
2024-01-28,Sunday,1,Ice Cream,Dinner,120,106,209
2024-01-28,Sunday,1,Coffee,Lunch,100,163,227
2024-01-28,Sunday,1,Coffee,Dinner,100,177,472
2024-01-29,Monday,1,Pizza,Lunch,350,132,355
2024-01-29,Monday,1,Pizza,Dinner,350,138,468
2024-01-29,Monday,1,Burger,Lunch,200,101,352
2024-01-29,Monday,1,Burger,Dinner,200,108,334
2024-01-29,Monday,1,Pasta,Lunch,300,89,336
2024-01-29,Monday,1,Pasta,Dinner,300,109,445
2024-01-29,Monday,1,Sandwich,Lunch,180,86,483
2024-01-29,Monday,1,Sandwich,Dinner,180,76,253
2024-01-29,Monday,1,Salad,Lunch,150,31,201
2024-01-29,Monday,1,Salad,Dinner,150,66,233
2024-01-29,Monday,1,Biryani,Lunch,250,117,486
2024-01-29,Monday,1,Biryani,Dinner,250,159,379
2024-01-29,Monday,1,Fried Rice,Lunch,220,109,240
2024-01-29,Monday,1,Fried Rice,Dinner,220,88,371
2024-01-29,Monday,1,Noodles,Lunch,210,71,244
2024-01-29,Monday,1,Noodles,Dinner,210,115,288
2024-01-29,Monday,1,Ice Cream,Lunch,120,77,394
2024-01-29,Monday,1,Ice Cream,Dinner,120,64,219
2024-01-29,Monday,1,Coffee,Lunch,100,103,500
2024-01-29,Monday,1,Coffee,Dinner,100,116,350
2024-01-30,Tuesday,1,Pizza,Lunch,350,127,256
2024-01-30,Tuesday,1,Pizza,Dinner,350,161,422
2024-01-30,Tuesday,1,Burger,Lunch,200,82,250
2024-01-30,Tuesday,1,Burger,Dinner,200,122,308
2024-01-30,Tuesday,1,Pasta,Lunch,300,68,497
2024-01-30,Tuesday,1,Pasta,Dinner,300,90,272
2024-01-30,Tuesday,1,Sandwich,Lunch,180,60,403
2024-01-30,Tuesday,1,Sandwich,Dinner,180,80,229
2024-01-30,Tuesday,1,Salad,Lunch,150,64,335
2024-01-30,Tuesday,1,Salad,Dinner,150,65,237
2024-01-30,Tuesday,1,Biryani,Lunch,250,115,266
2024-01-30,Tuesday,1,Biryani,Dinner,250,166,432
2024-01-30,Tuesday,1,Fried Rice,Lunch,220,89,342
2024-01-30,Tuesday,1,Fried Rice,Dinner,220,127,290
2024-01-30,Tuesday,1,Noodles,Lunch,210,102,409
2024-01-30,Tuesday,1,Noodles,Dinner,210,112,323
2024-01-30,Tuesday,1,Ice Cream,Lunch,120,76,346
2024-01-30,Tuesday,1,Ice Cream,Dinner,120,53,229
2024-01-30,Tuesday,1,Coffee,Lunch,100,106,213
2024-01-30,Tuesday,1,Coffee,Dinner,100,148,452
2024-01-31,Wednesday,1,Pizza,Lunch,350,131,500
2024-01-31,Wednesday,1,Pizza,Dinner,350,134,237
2024-01-31,Wednesday,1,Burger,Lunch,200,81,235
2024-01-31,Wednesday,1,Burger,Dinner,200,125,367
2024-01-31,Wednesday,1,Pasta,Lunch,300,84,444
2024-01-31,Wednesday,1,Pasta,Dinner,300,77,226
2024-01-31,Wednesday,1,Sandwich,Lunch,180,90,316
2024-01-31,Wednesday,1,Sandwich,Dinner,180,97,410
2024-01-31,Wednesday,1,Salad,Lunch,150,30,370
2024-01-31,Wednesday,1,Salad,Dinner,150,70,322
2024-01-31,Wednesday,1,Biryani,Lunch,250,131,377
2024-01-31,Wednesday,1,Biryani,Dinner,250,163,479
2024-01-31,Wednesday,1,Fried Rice,Lunch,220,110,475
2024-01-31,Wednesday,1,Fried Rice,Dinner,220,97,346
2024-01-31,Wednesday,1,Noodles,Lunch,210,92,474
2024-01-31,Wednesday,1,Noodles,Dinner,210,102,307
2024-01-31,Wednesday,1,Ice Cream,Lunch,120,70,463
2024-01-31,Wednesday,1,Ice Cream,Dinner,120,83,457
2024-01-31,Wednesday,1,Coffee,Lunch,100,111,382
2024-01-31,Wednesday,1,Coffee,Dinner,100,113,206
2024-02-01,Thursday,2,Pizza,Lunch,350,138,320
2024-02-01,Thursday,2,Pizza,Dinner,350,157,481
2024-02-01,Thursday,2,Burger,Lunch,200,110,380
2024-02-01,Thursday,2,Burger,Dinner,200,118,496
2024-02-01,Thursday,2,Pasta,Lunch,300,89,275
2024-02-01,Thursday,2,Pasta,Dinner,300,102,443
2024-02-01,Thursday,2,Sandwich,Lunch,180,73,385
2024-02-01,Thursday,2,Sandwich,Dinner,180,89,500
2024-02-01,Thursday,2,Salad,Lunch,150,63,263
2024-02-01,Thursday,2,Salad,Dinner,150,74,277
2024-02-01,Thursday,2,Biryani,Lunch,250,125,220
2024-02-01,Thursday,2,Biryani,Dinner,250,152,256
2024-02-01,Thursday,2,Fried Rice,Lunch,220,94,313
2024-02-01,Thursday,2,Fried Rice,Dinner,220,111,370
2024-02-01,Thursday,2,Noodles,Lunch,210,84,417
2024-02-01,Thursday,2,Noodles,Dinner,210,90,287
2024-02-01,Thursday,2,Ice Cream,Lunch,120,75,500
2024-02-01,Thursday,2,Ice Cream,Dinner,120,55,429
2024-02-01,Thursday,2,Coffee,Lunch,100,126,322
2024-02-01,Thursday,2,Coffee,Dinner,100,127,345
2024-02-02,Friday,2,Pizza,Lunch,350,114,481
2024-02-02,Friday,2,Pizza,Dinner,350,141,471
2024-02-02,Friday,2,Burger,Lunch,200,120,270
2024-02-02,Friday,2,Burger,Dinner,200,118,430
2024-02-02,Friday,2,Pasta,Lunch,300,61,306
2024-02-02,Friday,2,Pasta,Dinner,300,107,291
2024-02-02,Friday,2,Sandwich,Lunch,180,71,465
2024-02-02,Friday,2,Sandwich,Dinner,180,86,375
2024-02-02,Friday,2,Salad,Lunch,150,45,393
2024-02-02,Friday,2,Salad,Dinner,150,48,232
2024-02-02,Friday,2,Biryani,Lunch,250,127,360
2024-02-02,Friday,2,Biryani,Dinner,250,143,249
2024-02-02,Friday,2,Fried Rice,Lunch,220,79,213
2024-02-02,Friday,2,Fried Rice,Dinner,220,121,326
2024-02-02,Friday,2,Noodles,Lunch,210,82,492
2024-02-02,Friday,2,Noodles,Dinner,210,100,221
2024-02-02,Friday,2,Ice Cream,Lunch,120,47,363
2024-02-02,Friday,2,Ice Cream,Dinner,120,92,215
2024-02-02,Friday,2,Coffee,Lunch,100,112,279
2024-02-02,Friday,2,Coffee,Dinner,100,119,391
2024-02-03,Saturday,2,Pizza,Lunch,350,152,394
2024-02-03,Saturday,2,Pizza,Dinner,350,182,257
2024-02-03,Saturday,2,Burger,Lunch,200,152,214
2024-02-03,Saturday,2,Burger,Dinner,200,157,378
2024-02-03,Saturday,2,Pasta,Lunch,300,109,337
2024-02-03,Saturday,2,Pasta,Dinner,300,153,279
2024-02-03,Saturday,2,Sandwich,Lunch,180,110,318
2024-02-03,Saturday,2,Sandwich,Dinner,180,123,207
2024-02-03,Saturday,2,Salad,Lunch,150,73,203
2024-02-03,Saturday,2,Salad,Dinner,150,73,461
2024-02-03,Saturday,2,Biryani,Lunch,250,191,344
2024-02-03,Saturday,2,Biryani,Dinner,250,203,400
2024-02-03,Saturday,2,Fried Rice,Lunch,220,120,447
2024-02-03,Saturday,2,Fried Rice,Dinner,220,170,329
2024-02-03,Saturday,2,Noodles,Lunch,210,98,416
2024-02-03,Saturday,2,Noodles,Dinner,210,147,372
2024-02-03,Saturday,2,Ice Cream,Lunch,120,78,247
2024-02-03,Saturday,2,Ice Cream,Dinner,120,94,427
2024-02-03,Saturday,2,Coffee,Lunch,100,139,302
2024-02-03,Saturday,2,Coffee,Dinner,100,197,340
2024-02-04,Sunday,2,Pizza,Lunch,350,152,357
2024-02-04,Sunday,2,Pizza,Dinner,350,196,295
2024-02-04,Sunday,2,Burger,Lunch,200,141,401
2024-02-04,Sunday,2,Burger,Dinner,200,159,322
2024-02-04,Sunday,2,Pasta,Lunch,300,108,279
2024-02-04,Sunday,2,Pasta,Dinner,300,126,210
2024-02-04,Sunday,2,Sandwich,Lunch,180,96,340
2024-02-04,Sunday,2,Sandwich,Dinner,180,102,201
2024-02-04,Sunday,2,Salad,Lunch,150,77,455
2024-02-04,Sunday,2,Salad,Dinner,150,96,261
2024-02-04,Sunday,2,Biryani,Lunch,250,188,359
2024-02-04,Sunday,2,Biryani,Dinner,250,225,366
2024-02-04,Sunday,2,Fried Rice,Lunch,220,108,465
2024-02-04,Sunday,2,Fried Rice,Dinner,220,165,245
2024-02-04,Sunday,2,Noodles,Lunch,210,135,203
2024-02-04,Sunday,2,Noodles,Dinner,210,150,243
2024-02-04,Sunday,2,Ice Cream,Lunch,120,95,254
2024-02-04,Sunday,2,Ice Cream,Dinner,120,85,223
2024-02-04,Sunday,2,Coffee,Lunch,100,136,434
2024-02-04,Sunday,2,Coffee,Dinner,100,183,227
2024-02-05,Monday,2,Pizza,Lunch,350,129,327
2024-02-05,Monday,2,Pizza,Dinner,350,127,473
2024-02-05,Monday,2,Burger,Lunch,200,91,487
2024-02-05,Monday,2,Burger,Dinner,200,108,440
2024-02-05,Monday,2,Pasta,Lunch,300,63,211
2024-02-05,Monday,2,Pasta,Dinner,300,116,268
2024-02-05,Monday,2,Sandwich,Lunch,180,89,206
2024-02-05,Monday,2,Sandwich,Dinner,180,81,265
2024-02-05,Monday,2,Salad,Lunch,150,56,327
2024-02-05,Monday,2,Salad,Dinner,150,40,450
2024-02-05,Monday,2,Biryani,Lunch,250,144,404
2024-02-05,Monday,2,Biryani,Dinner,250,159,230
2024-02-05,Monday,2,Fried Rice,Lunch,220,102,435
2024-02-05,Monday,2,Fried Rice,Dinner,220,127,300
2024-02-05,Monday,2,Noodles,Lunch,210,83,428
2024-02-05,Monday,2,Noodles,Dinner,210,119,289
2024-02-05,Monday,2,Ice Cream,Lunch,120,61,253
2024-02-05,Monday,2,Ice Cream,Dinner,120,52,366
2024-02-05,Monday,2,Coffee,Lunch,100,98,499
2024-02-05,Monday,2,Coffee,Dinner,100,144,432
2024-02-06,Tuesday,2,Pizza,Lunch,350,111,204
2024-02-06,Tuesday,2,Pizza,Dinner,350,142,391
2024-02-06,Tuesday,2,Burger,Lunch,200,83,497
2024-02-06,Tuesday,2,Burger,Dinner,200,115,231
2024-02-06,Tuesday,2,Pasta,Lunch,300,64,476
2024-02-06,Tuesday,2,Pasta,Dinner,300,84,284
2024-02-06,Tuesday,2,Sandwich,Lunch,180,62,500
2024-02-06,Tuesday,2,Sandwich,Dinner,180,72,453
2024-02-06,Tuesday,2,Salad,Lunch,150,69,424
2024-02-06,Tuesday,2,Salad,Dinner,150,66,291
2024-02-06,Tuesday,2,Biryani,Lunch,250,134,367
2024-02-06,Tuesday,2,Biryani,Dinner,250,163,252
2024-02-06,Tuesday,2,Fried Rice,Lunch,220,88,498
2024-02-06,Tuesday,2,Fried Rice,Dinner,220,112,311
2024-02-06,Tuesday,2,Noodles,Lunch,210,75,334
2024-02-06,Tuesday,2,Noodles,Dinner,210,120,406
2024-02-06,Tuesday,2,Ice Cream,Lunch,120,66,225
2024-02-06,Tuesday,2,Ice Cream,Dinner,120,92,403
2024-02-06,Tuesday,2,Coffee,Lunch,100,130,336
2024-02-06,Tuesday,2,Coffee,Dinner,100,125,465
2024-02-07,Wednesday,2,Pizza,Lunch,350,112,295
2024-02-07,Wednesday,2,Pizza,Dinner,350,138,288
2024-02-07,Wednesday,2,Burger,Lunch,200,108,365
2024-02-07,Wednesday,2,Burger,Dinner,200,111,349
2024-02-07,Wednesday,2,Pasta,Lunch,300,72,493
2024-02-07,Wednesday,2,Pasta,Dinner,300,109,375
2024-02-07,Wednesday,2,Sandwich,Lunch,180,80,415
2024-02-07,Wednesday,2,Sandwich,Dinner,180,75,235
2024-02-07,Wednesday,2,Salad,Lunch,150,52,400
2024-02-07,Wednesday,2,Salad,Dinner,150,58,236
2024-02-07,Wednesday,2,Biryani,Lunch,250,139,240
2024-02-07,Wednesday,2,Biryani,Dinner,250,163,469
2024-02-07,Wednesday,2,Fried Rice,Lunch,220,101,310
2024-02-07,Wednesday,2,Fried Rice,Dinner,220,126,387
2024-02-07,Wednesday,2,Noodles,Lunch,210,96,251
2024-02-07,Wednesday,2,Noodles,Dinner,210,92,272
2024-02-07,Wednesday,2,Ice Cream,Lunch,120,54,482
2024-02-07,Wednesday,2,Ice Cream,Dinner,120,56,288
2024-02-07,Wednesday,2,Coffee,Lunch,100,97,410
2024-02-07,Wednesday,2,Coffee,Dinner,100,150,228
2024-02-08,Thursday,2,Pizza,Lunch,350,117,435
2024-02-08,Thursday,2,Pizza,Dinner,350,145,262
2024-02-08,Thursday,2,Burger,Lunch,200,102,340
2024-02-08,Thursday,2,Burger,Dinner,200,131,443
2024-02-08,Thursday,2,Pasta,Lunch,300,66,447
2024-02-08,Thursday,2,Pasta,Dinner,300,113,313
2024-02-08,Thursday,2,Sandwich,Lunch,180,56,294
2024-02-08,Thursday,2,Sandwich,Dinner,180,90,426
2024-02-08,Thursday,2,Salad,Lunch,150,42,235
2024-02-08,Thursday,2,Salad,Dinner,150,52,290
2024-02-08,Thursday,2,Biryani,Lunch,250,141,267
2024-02-08,Thursday,2,Biryani,Dinner,250,140,255
2024-02-08,Thursday,2,Fried Rice,Lunch,220,102,288
2024-02-08,Thursday,2,Fried Rice,Dinner,220,102,243
2024-02-08,Thursday,2,Noodles,Lunch,210,97,379
2024-02-08,Thursday,2,Noodles,Dinner,210,99,331
2024-02-08,Thursday,2,Ice Cream,Lunch,120,61,223
2024-02-08,Thursday,2,Ice Cream,Dinner,120,68,326
2024-02-08,Thursday,2,Coffee,Lunch,100,130,218
2024-02-08,Thursday,2,Coffee,Dinner,100,152,427
2024-02-09,Friday,2,Pizza,Lunch,350,108,203
2024-02-09,Friday,2,Pizza,Dinner,350,126,311
2024-02-09,Friday,2,Burger,Lunch,200,97,462
2024-02-09,Friday,2,Burger,Dinner,200,106,369
2024-02-09,Friday,2,Pasta,Lunch,300,99,289
2024-02-09,Friday,2,Pasta,Dinner,300,104,280
2024-02-09,Friday,2,Sandwich,Lunch,180,68,470
2024-02-09,Friday,2,Sandwich,Dinner,180,89,327
2024-02-09,Friday,2,Salad,Lunch,150,55,367
2024-02-09,Friday,2,Salad,Dinner,150,62,338
2024-02-09,Friday,2,Biryani,Lunch,250,142,393
2024-02-09,Friday,2,Biryani,Dinner,250,169,216
2024-02-09,Friday,2,Fried Rice,Lunch,220,108,296
2024-02-09,Friday,2,Fried Rice,Dinner,220,103,237
2024-02-09,Friday,2,Noodles,Lunch,210,101,394
2024-02-09,Friday,2,Noodles,Dinner,210,91,481
2024-02-09,Friday,2,Ice Cream,Lunch,120,54,438
2024-02-09,Friday,2,Ice Cream,Dinner,120,90,388
2024-02-09,Friday,2,Coffee,Lunch,100,112,486
2024-02-09,Friday,2,Coffee,Dinner,100,122,229
2024-02-10,Saturday,2,Pizza,Lunch,350,166,290
2024-02-10,Saturday,2,Pizza,Dinner,350,193,460
2024-02-10,Saturday,2,Burger,Lunch,200,135,335
2024-02-10,Saturday,2,Burger,Dinner,200,179,271
2024-02-10,Saturday,2,Pasta,Lunch,300,108,236
2024-02-10,Saturday,2,Pasta,Dinner,300,125,362
2024-02-10,Saturday,2,Sandwich,Lunch,180,82,350
2024-02-10,Saturday,2,Sandwich,Dinner,180,98,497
2024-02-10,Saturday,2,Salad,Lunch,150,57,237
2024-02-10,Saturday,2,Salad,Dinner,150,102,470
2024-02-10,Saturday,2,Biryani,Lunch,250,168,271
2024-02-10,Saturday,2,Biryani,Dinner,250,220,425
2024-02-10,Saturday,2,Fried Rice,Lunch,220,138,221
2024-02-10,Saturday,2,Fried Rice,Dinner,220,163,316
2024-02-10,Saturday,2,Noodles,Lunch,210,99,478
2024-02-10,Saturday,2,Noodles,Dinner,210,146,325
2024-02-10,Saturday,2,Ice Cream,Lunch,120,69,494
2024-02-10,Saturday,2,Ice Cream,Dinner,120,108,432
2024-02-10,Saturday,2,Coffee,Lunch,100,138,447
2024-02-10,Saturday,2,Coffee,Dinner,100,189,209
2024-02-11,Sunday,2,Pizza,Lunch,350,183,425
2024-02-11,Sunday,2,Pizza,Dinner,350,214,355
2024-02-11,Sunday,2,Burger,Lunch,200,127,458
2024-02-11,Sunday,2,Burger,Dinner,200,153,368
2024-02-11,Sunday,2,Pasta,Lunch,300,117,294
2024-02-11,Sunday,2,Pasta,Dinner,300,153,231
2024-02-11,Sunday,2,Sandwich,Lunch,180,112,202
2024-02-11,Sunday,2,Sandwich,Dinner,180,109,463
2024-02-11,Sunday,2,Salad,Lunch,150,83,436
2024-02-11,Sunday,2,Salad,Dinner,150,81,451
2024-02-11,Sunday,2,Biryani,Lunch,250,184,408
2024-02-11,Sunday,2,Biryani,Dinner,250,218,486
2024-02-11,Sunday,2,Fried Rice,Lunch,220,131,492
2024-02-11,Sunday,2,Fried Rice,Dinner,220,166,304
2024-02-11,Sunday,2,Noodles,Lunch,210,124,464
2024-02-11,Sunday,2,Noodles,Dinner,210,126,222
2024-02-11,Sunday,2,Ice Cream,Lunch,120,104,379
2024-02-11,Sunday,2,Ice Cream,Dinner,120,84,370
2024-02-11,Sunday,2,Coffee,Lunch,100,161,255
2024-02-11,Sunday,2,Coffee,Dinner,100,170,386
2024-02-12,Monday,2,Pizza,Lunch,350,134,219
2024-02-12,Monday,2,Pizza,Dinner,350,138,420
2024-02-12,Monday,2,Burger,Lunch,200,107,353
2024-02-12,Monday,2,Burger,Dinner,200,120,242
2024-02-12,Monday,2,Pasta,Lunch,300,81,377
2024-02-12,Monday,2,Pasta,Dinner,300,94,494
2024-02-12,Monday,2,Sandwich,Lunch,180,76,439
2024-02-12,Monday,2,Sandwich,Dinner,180,102,488
2024-02-12,Monday,2,Salad,Lunch,150,50,489
2024-02-12,Monday,2,Salad,Dinner,150,61,254
2024-02-12,Monday,2,Biryani,Lunch,250,144,376
2024-02-12,Monday,2,Biryani,Dinner,250,145,296
2024-02-12,Monday,2,Fried Rice,Lunch,220,71,463
2024-02-12,Monday,2,Fried Rice,Dinner,220,121,341
2024-02-12,Monday,2,Noodles,Lunch,210,100,295
2024-02-12,Monday,2,Noodles,Dinner,210,115,396
2024-02-12,Monday,2,Ice Cream,Lunch,120,73,364
2024-02-12,Monday,2,Ice Cream,Dinner,120,77,200
2024-02-12,Monday,2,Coffee,Lunch,100,106,436
2024-02-12,Monday,2,Coffee,Dinner,100,132,291
2024-02-13,Tuesday,2,Pizza,Lunch,350,102,385
2024-02-13,Tuesday,2,Pizza,Dinner,350,144,447
2024-02-13,Tuesday,2,Burger,Lunch,200,107,326
2024-02-13,Tuesday,2,Burger,Dinner,200,138,222
2024-02-13,Tuesday,2,Pasta,Lunch,300,98,337
2024-02-13,Tuesday,2,Pasta,Dinner,300,94,496
2024-02-13,Tuesday,2,Sandwich,Lunch,180,52,410
2024-02-13,Tuesday,2,Sandwich,Dinner,180,102,309
2024-02-13,Tuesday,2,Salad,Lunch,150,38,203
2024-02-13,Tuesday,2,Salad,Dinner,150,64,264
2024-02-13,Tuesday,2,Biryani,Lunch,250,126,311
2024-02-13,Tuesday,2,Biryani,Dinner,250,160,463
2024-02-13,Tuesday,2,Fried Rice,Lunch,220,72,203
2024-02-13,Tuesday,2,Fried Rice,Dinner,220,121,295
2024-02-13,Tuesday,2,Noodles,Lunch,210,100,223
2024-02-13,Tuesday,2,Noodles,Dinner,210,106,329
2024-02-13,Tuesday,2,Ice Cream,Lunch,120,59,309
2024-02-13,Tuesday,2,Ice Cream,Dinner,120,74,477
2024-02-13,Tuesday,2,Coffee,Lunch,100,98,414
2024-02-13,Tuesday,2,Coffee,Dinner,100,121,463
2024-02-14,Wednesday,2,Pizza,Lunch,350,110,228
2024-02-14,Wednesday,2,Pizza,Dinner,350,134,500
2024-02-14,Wednesday,2,Burger,Lunch,200,92,260
2024-02-14,Wednesday,2,Burger,Dinner,200,126,430
2024-02-14,Wednesday,2,Pasta,Lunch,300,95,319
2024-02-14,Wednesday,2,Pasta,Dinner,300,95,256
2024-02-14,Wednesday,2,Sandwich,Lunch,180,61,413
2024-02-14,Wednesday,2,Sandwich,Dinner,180,65,243
2024-02-14,Wednesday,2,Salad,Lunch,150,68,223
2024-02-14,Wednesday,2,Salad,Dinner,150,64,207
2024-02-14,Wednesday,2,Biryani,Lunch,250,117,208
2024-02-14,Wednesday,2,Biryani,Dinner,250,149,491
2024-02-14,Wednesday,2,Fried Rice,Lunch,220,78,285
2024-02-14,Wednesday,2,Fried Rice,Dinner,220,106,370
2024-02-14,Wednesday,2,Noodles,Lunch,210,74,228
2024-02-14,Wednesday,2,Noodles,Dinner,210,110,319
2024-02-14,Wednesday,2,Ice Cream,Lunch,120,77,245
2024-02-14,Wednesday,2,Ice Cream,Dinner,120,70,401
2024-02-14,Wednesday,2,Coffee,Lunch,100,126,357
2024-02-14,Wednesday,2,Coffee,Dinner,100,131,373
2024-02-15,Thursday,2,Pizza,Lunch,350,118,453
2024-02-15,Thursday,2,Pizza,Dinner,350,155,203
2024-02-15,Thursday,2,Burger,Lunch,200,118,212
2024-02-15,Thursday,2,Burger,Dinner,200,110,425
2024-02-15,Thursday,2,Pasta,Lunch,300,87,240
2024-02-15,Thursday,2,Pasta,Dinner,300,99,447
2024-02-15,Thursday,2,Sandwich,Lunch,180,73,328
2024-02-15,Thursday,2,Sandwich,Dinner,180,92,406
2024-02-15,Thursday,2,Salad,Lunch,150,68,322
2024-02-15,Thursday,2,Salad,Dinner,150,63,372
2024-02-15,Thursday,2,Biryani,Lunch,250,145,410
2024-02-15,Thursday,2,Biryani,Dinner,250,145,442
2024-02-15,Thursday,2,Fried Rice,Lunch,220,71,342
2024-02-15,Thursday,2,Fried Rice,Dinner,220,114,313
2024-02-15,Thursday,2,Noodles,Lunch,210,81,435
2024-02-15,Thursday,2,Noodles,Dinner,210,89,239
2024-02-15,Thursday,2,Ice Cream,Lunch,120,41,333
2024-02-15,Thursday,2,Ice Cream,Dinner,120,61,260
2024-02-15,Thursday,2,Coffee,Lunch,100,110,318
2024-02-15,Thursday,2,Coffee,Dinner,100,121,210
2024-02-16,Friday,2,Pizza,Lunch,350,139,201
2024-02-16,Friday,2,Pizza,Dinner,350,140,280
2024-02-16,Friday,2,Burger,Lunch,200,108,395
2024-02-16,Friday,2,Burger,Dinner,200,121,357
2024-02-16,Friday,2,Pasta,Lunch,300,83,368
2024-02-16,Friday,2,Pasta,Dinner,300,83,255
2024-02-16,Friday,2,Sandwich,Lunch,180,53,302
2024-02-16,Friday,2,Sandwich,Dinner,180,67,336
2024-02-16,Friday,2,Salad,Lunch,150,46,429
2024-02-16,Friday,2,Salad,Dinner,150,56,288
2024-02-16,Friday,2,Biryani,Lunch,250,143,384
2024-02-16,Friday,2,Biryani,Dinner,250,166,394
2024-02-16,Friday,2,Fried Rice,Lunch,220,101,394
2024-02-16,Friday,2,Fried Rice,Dinner,220,95,361
2024-02-16,Friday,2,Noodles,Lunch,210,85,229
2024-02-16,Friday,2,Noodles,Dinner,210,118,209
2024-02-16,Friday,2,Ice Cream,Lunch,120,72,387
2024-02-16,Friday,2,Ice Cream,Dinner,120,80,247
2024-02-16,Friday,2,Coffee,Lunch,100,118,458
2024-02-16,Friday,2,Coffee,Dinner,100,113,398
2024-02-17,Saturday,2,Pizza,Lunch,350,166,300
2024-02-17,Saturday,2,Pizza,Dinner,350,189,353
2024-02-17,Saturday,2,Burger,Lunch,200,160,221
2024-02-17,Saturday,2,Burger,Dinner,200,158,292
2024-02-17,Saturday,2,Pasta,Lunch,300,101,496
2024-02-17,Saturday,2,Pasta,Dinner,300,137,303
2024-02-17,Saturday,2,Sandwich,Lunch,180,92,368
2024-02-17,Saturday,2,Sandwich,Dinner,180,124,210
2024-02-17,Saturday,2,Salad,Lunch,150,78,373
2024-02-17,Saturday,2,Salad,Dinner,150,65,347
2024-02-17,Saturday,2,Biryani,Lunch,250,182,374
2024-02-17,Saturday,2,Biryani,Dinner,250,204,309
2024-02-17,Saturday,2,Fried Rice,Lunch,220,118,365
2024-02-17,Saturday,2,Fried Rice,Dinner,220,166,492
2024-02-17,Saturday,2,Noodles,Lunch,210,126,243
2024-02-17,Saturday,2,Noodles,Dinner,210,142,334
2024-02-17,Saturday,2,Ice Cream,Lunch,120,67,256
2024-02-17,Saturday,2,Ice Cream,Dinner,120,100,279
2024-02-17,Saturday,2,Coffee,Lunch,100,147,242
2024-02-17,Saturday,2,Coffee,Dinner,100,186,292
2024-02-18,Sunday,2,Pizza,Lunch,350,182,363
2024-02-18,Sunday,2,Pizza,Dinner,350,192,301
2024-02-18,Sunday,2,Burger,Lunch,200,131,272
2024-02-18,Sunday,2,Burger,Dinner,200,175,238
2024-02-18,Sunday,2,Pasta,Lunch,300,92,338
2024-02-18,Sunday,2,Pasta,Dinner,300,128,446
2024-02-18,Sunday,2,Sandwich,Lunch,180,109,452
2024-02-18,Sunday,2,Sandwich,Dinner,180,102,383
2024-02-18,Sunday,2,Salad,Lunch,150,52,347
2024-02-18,Sunday,2,Salad,Dinner,150,73,310
2024-02-18,Sunday,2,Biryani,Lunch,250,181,308
2024-02-18,Sunday,2,Biryani,Dinner,250,223,210
2024-02-18,Sunday,2,Fried Rice,Lunch,220,137,323
2024-02-18,Sunday,2,Fried Rice,Dinner,220,159,395
2024-02-18,Sunday,2,Noodles,Lunch,210,137,311
2024-02-18,Sunday,2,Noodles,Dinner,210,131,455
2024-02-18,Sunday,2,Ice Cream,Lunch,120,104,246
2024-02-18,Sunday,2,Ice Cream,Dinner,120,102,298
2024-02-18,Sunday,2,Coffee,Lunch,100,140,246
2024-02-18,Sunday,2,Coffee,Dinner,100,194,441
2024-02-19,Monday,2,Pizza,Lunch,350,109,243
2024-02-19,Monday,2,Pizza,Dinner,350,130,490
2024-02-19,Monday,2,Burger,Lunch,200,97,435
2024-02-19,Monday,2,Burger,Dinner,200,122,409
2024-02-19,Monday,2,Pasta,Lunch,300,75,416
2024-02-19,Monday,2,Pasta,Dinner,300,92,243
2024-02-19,Monday,2,Sandwich,Lunch,180,90,347
2024-02-19,Monday,2,Sandwich,Dinner,180,65,238
2024-02-19,Monday,2,Salad,Lunch,150,40,335
2024-02-19,Monday,2,Salad,Dinner,150,73,319
2024-02-19,Monday,2,Biryani,Lunch,250,138,459
2024-02-19,Monday,2,Biryani,Dinner,250,171,306
2024-02-19,Monday,2,Fried Rice,Lunch,220,74,313
2024-02-19,Monday,2,Fried Rice,Dinner,220,100,378
2024-02-19,Monday,2,Noodles,Lunch,210,68,268
2024-02-19,Monday,2,Noodles,Dinner,210,102,294
2024-02-19,Monday,2,Ice Cream,Lunch,120,61,361
2024-02-19,Monday,2,Ice Cream,Dinner,120,69,439
2024-02-19,Monday,2,Coffee,Lunch,100,95,223
2024-02-19,Monday,2,Coffee,Dinner,100,129,457
2024-02-20,Tuesday,2,Pizza,Lunch,350,127,251
2024-02-20,Tuesday,2,Pizza,Dinner,350,164,373
2024-02-20,Tuesday,2,Burger,Lunch,200,114,366
2024-02-20,Tuesday,2,Burger,Dinner,200,119,222
2024-02-20,Tuesday,2,Pasta,Lunch,300,82,354
2024-02-20,Tuesday,2,Pasta,Dinner,300,81,405
2024-02-20,Tuesday,2,Sandwich,Lunch,180,57,417
2024-02-20,Tuesday,2,Sandwich,Dinner,180,89,270
2024-02-20,Tuesday,2,Salad,Lunch,150,52,257
2024-02-20,Tuesday,2,Salad,Dinner,150,73,497
2024-02-20,Tuesday,2,Biryani,Lunch,250,122,238
2024-02-20,Tuesday,2,Biryani,Dinner,250,141,399
2024-02-20,Tuesday,2,Fried Rice,Lunch,220,88,389
2024-02-20,Tuesday,2,Fried Rice,Dinner,220,106,416
2024-02-20,Tuesday,2,Noodles,Lunch,210,100,442
2024-02-20,Tuesday,2,Noodles,Dinner,210,100,223
2024-02-20,Tuesday,2,Ice Cream,Lunch,120,48,427
2024-02-20,Tuesday,2,Ice Cream,Dinner,120,77,358
2024-02-20,Tuesday,2,Coffee,Lunch,100,94,373
2024-02-20,Tuesday,2,Coffee,Dinner,100,138,494
2024-02-21,Wednesday,2,Pizza,Lunch,350,118,341
2024-02-21,Wednesday,2,Pizza,Dinner,350,138,437
2024-02-21,Wednesday,2,Burger,Lunch,200,113,343
2024-02-21,Wednesday,2,Burger,Dinner,200,123,399
2024-02-21,Wednesday,2,Pasta,Lunch,300,67,484
2024-02-21,Wednesday,2,Pasta,Dinner,300,106,415
2024-02-21,Wednesday,2,Sandwich,Lunch,180,67,358
2024-02-21,Wednesday,2,Sandwich,Dinner,180,86,340
2024-02-21,Wednesday,2,Salad,Lunch,150,36,416
2024-02-21,Wednesday,2,Salad,Dinner,150,53,302
2024-02-21,Wednesday,2,Biryani,Lunch,250,141,451
2024-02-21,Wednesday,2,Biryani,Dinner,250,167,487
2024-02-21,Wednesday,2,Fried Rice,Lunch,220,97,365
2024-02-21,Wednesday,2,Fried Rice,Dinner,220,103,203
2024-02-21,Wednesday,2,Noodles,Lunch,210,78,382
2024-02-21,Wednesday,2,Noodles,Dinner,210,90,468
2024-02-21,Wednesday,2,Ice Cream,Lunch,120,78,470
2024-02-21,Wednesday,2,Ice Cream,Dinner,120,92,302
2024-02-21,Wednesday,2,Coffee,Lunch,100,105,361
2024-02-21,Wednesday,2,Coffee,Dinner,100,139,354
2024-02-22,Thursday,2,Pizza,Lunch,350,117,371
2024-02-22,Thursday,2,Pizza,Dinner,350,160,405
2024-02-22,Thursday,2,Burger,Lunch,200,116,317
2024-02-22,Thursday,2,Burger,Dinner,200,139,248
2024-02-22,Thursday,2,Pasta,Lunch,300,77,387
2024-02-22,Thursday,2,Pasta,Dinner,300,76,480
2024-02-22,Thursday,2,Sandwich,Lunch,180,65,224
2024-02-22,Thursday,2,Sandwich,Dinner,180,101,200
2024-02-22,Thursday,2,Salad,Lunch,150,31,442
2024-02-22,Thursday,2,Salad,Dinner,150,51,323
2024-02-22,Thursday,2,Biryani,Lunch,250,126,497
2024-02-22,Thursday,2,Biryani,Dinner,250,148,222
2024-02-22,Thursday,2,Fried Rice,Lunch,220,101,491
2024-02-22,Thursday,2,Fried Rice,Dinner,220,95,332
2024-02-22,Thursday,2,Noodles,Lunch,210,84,483
2024-02-22,Thursday,2,Noodles,Dinner,210,108,386
2024-02-22,Thursday,2,Ice Cream,Lunch,120,52,252
2024-02-22,Thursday,2,Ice Cream,Dinner,120,77,280
2024-02-22,Thursday,2,Coffee,Lunch,100,94,475
2024-02-22,Thursday,2,Coffee,Dinner,100,144,240
2024-02-23,Friday,2,Pizza,Lunch,350,137,395
2024-02-23,Friday,2,Pizza,Dinner,350,150,495
2024-02-23,Friday,2,Burger,Lunch,200,114,208
2024-02-23,Friday,2,Burger,Dinner,200,122,419
2024-02-23,Friday,2,Pasta,Lunch,300,78,371
2024-02-23,Friday,2,Pasta,Dinner,300,111,408
2024-02-23,Friday,2,Sandwich,Lunch,180,74,285
2024-02-23,Friday,2,Sandwich,Dinner,180,100,205
2024-02-23,Friday,2,Salad,Lunch,150,68,435
2024-02-23,Friday,2,Salad,Dinner,150,59,334
2024-02-23,Friday,2,Biryani,Lunch,250,144,429
2024-02-23,Friday,2,Biryani,Dinner,250,139,386
2024-02-23,Friday,2,Fried Rice,Lunch,220,109,347
2024-02-23,Friday,2,Fried Rice,Dinner,220,101,241
2024-02-23,Friday,2,Noodles,Lunch,210,71,322
2024-02-23,Friday,2,Noodles,Dinner,210,83,293
2024-02-23,Friday,2,Ice Cream,Lunch,120,61,495
2024-02-23,Friday,2,Ice Cream,Dinner,120,89,492
2024-02-23,Friday,2,Coffee,Lunch,100,120,339
2024-02-23,Friday,2,Coffee,Dinner,100,151,259
2024-02-24,Saturday,2,Pizza,Lunch,350,178,262
2024-02-24,Saturday,2,Pizza,Dinner,350,211,398
2024-02-24,Saturday,2,Burger,Lunch,200,140,247
2024-02-24,Saturday,2,Burger,Dinner,200,160,481
2024-02-24,Saturday,2,Pasta,Lunch,300,108,251
2024-02-24,Saturday,2,Pasta,Dinner,300,138,366
2024-02-24,Saturday,2,Sandwich,Lunch,180,85,401
2024-02-24,Saturday,2,Sandwich,Dinner,180,137,319
2024-02-24,Saturday,2,Salad,Lunch,150,86,464
2024-02-24,Saturday,2,Salad,Dinner,150,90,209
2024-02-24,Saturday,2,Biryani,Lunch,250,195,284
2024-02-24,Saturday,2,Biryani,Dinner,250,208,321
2024-02-24,Saturday,2,Fried Rice,Lunch,220,118,361
2024-02-24,Saturday,2,Fried Rice,Dinner,220,140,407
2024-02-24,Saturday,2,Noodles,Lunch,210,129,208
2024-02-24,Saturday,2,Noodles,Dinner,210,128,437
2024-02-24,Saturday,2,Ice Cream,Lunch,120,83,246
2024-02-24,Saturday,2,Ice Cream,Dinner,120,99,291
2024-02-24,Saturday,2,Coffee,Lunch,100,168,429
2024-02-24,Saturday,2,Coffee,Dinner,100,197,439
2024-02-25,Sunday,2,Pizza,Lunch,350,176,256
2024-02-25,Sunday,2,Pizza,Dinner,350,199,481
2024-02-25,Sunday,2,Burger,Lunch,200,125,373
2024-02-25,Sunday,2,Burger,Dinner,200,172,495
2024-02-25,Sunday,2,Pasta,Lunch,300,131,400
2024-02-25,Sunday,2,Pasta,Dinner,300,121,424
2024-02-25,Sunday,2,Sandwich,Lunch,180,90,360
2024-02-25,Sunday,2,Sandwich,Dinner,180,114,491
2024-02-25,Sunday,2,Salad,Lunch,150,72,352
2024-02-25,Sunday,2,Salad,Dinner,150,94,408
2024-02-25,Sunday,2,Biryani,Lunch,250,163,308
2024-02-25,Sunday,2,Biryani,Dinner,250,228,341
2024-02-25,Sunday,2,Fried Rice,Lunch,220,126,269
2024-02-25,Sunday,2,Fried Rice,Dinner,220,140,419
2024-02-25,Sunday,2,Noodles,Lunch,210,130,487
2024-02-25,Sunday,2,Noodles,Dinner,210,161,390
2024-02-25,Sunday,2,Ice Cream,Lunch,120,79,500
2024-02-25,Sunday,2,Ice Cream,Dinner,120,120,238
2024-02-25,Sunday,2,Coffee,Lunch,100,172,264
2024-02-25,Sunday,2,Coffee,Dinner,100,165,286
2024-02-26,Monday,2,Pizza,Lunch,350,102,485
2024-02-26,Monday,2,Pizza,Dinner,350,128,270
2024-02-26,Monday,2,Burger,Lunch,200,102,472
2024-02-26,Monday,2,Burger,Dinner,200,120,485
2024-02-26,Monday,2,Pasta,Lunch,300,100,314
2024-02-26,Monday,2,Pasta,Dinner,300,80,360
2024-02-26,Monday,2,Sandwich,Lunch,180,54,349
2024-02-26,Monday,2,Sandwich,Dinner,180,89,338
2024-02-26,Monday,2,Salad,Lunch,150,36,402
2024-02-26,Monday,2,Salad,Dinner,150,43,317
2024-02-26,Monday,2,Biryani,Lunch,250,137,420
2024-02-26,Monday,2,Biryani,Dinner,250,171,362
2024-02-26,Monday,2,Fried Rice,Lunch,220,80,305
2024-02-26,Monday,2,Fried Rice,Dinner,220,91,376
2024-02-26,Monday,2,Noodles,Lunch,210,84,276
2024-02-26,Monday,2,Noodles,Dinner,210,98,248
2024-02-26,Monday,2,Ice Cream,Lunch,120,51,277
2024-02-26,Monday,2,Ice Cream,Dinner,120,79,458
2024-02-26,Monday,2,Coffee,Lunch,100,97,248
2024-02-26,Monday,2,Coffee,Dinner,100,117,357
2024-02-27,Tuesday,2,Pizza,Lunch,350,115,403
2024-02-27,Tuesday,2,Pizza,Dinner,350,142,351
2024-02-27,Tuesday,2,Burger,Lunch,200,119,381
2024-02-27,Tuesday,2,Burger,Dinner,200,116,498
2024-02-27,Tuesday,2,Pasta,Lunch,300,75,355
2024-02-27,Tuesday,2,Pasta,Dinner,300,106,392
2024-02-27,Tuesday,2,Sandwich,Lunch,180,62,270
2024-02-27,Tuesday,2,Sandwich,Dinner,180,71,495
2024-02-27,Tuesday,2,Salad,Lunch,150,58,252
2024-02-27,Tuesday,2,Salad,Dinner,150,61,376
2024-02-27,Tuesday,2,Biryani,Lunch,250,112,425
2024-02-27,Tuesday,2,Biryani,Dinner,250,139,212
2024-02-27,Tuesday,2,Fried Rice,Lunch,220,106,467
2024-02-27,Tuesday,2,Fried Rice,Dinner,220,125,450
2024-02-27,Tuesday,2,Noodles,Lunch,210,88,330
2024-02-27,Tuesday,2,Noodles,Dinner,210,83,498
2024-02-27,Tuesday,2,Ice Cream,Lunch,120,69,396
2024-02-27,Tuesday,2,Ice Cream,Dinner,120,81,388
2024-02-27,Tuesday,2,Coffee,Lunch,100,109,409
2024-02-27,Tuesday,2,Coffee,Dinner,100,122,251
2024-02-28,Wednesday,2,Pizza,Lunch,350,122,379
2024-02-28,Wednesday,2,Pizza,Dinner,350,127,370
2024-02-28,Wednesday,2,Burger,Lunch,200,111,342
2024-02-28,Wednesday,2,Burger,Dinner,200,130,433
2024-02-28,Wednesday,2,Pasta,Lunch,300,92,221
2024-02-28,Wednesday,2,Pasta,Dinner,300,94,477
2024-02-28,Wednesday,2,Sandwich,Lunch,180,58,200
2024-02-28,Wednesday,2,Sandwich,Dinner,180,87,335
2024-02-28,Wednesday,2,Salad,Lunch,150,35,302
2024-02-28,Wednesday,2,Salad,Dinner,150,63,310
2024-02-28,Wednesday,2,Biryani,Lunch,250,146,265
2024-02-28,Wednesday,2,Biryani,Dinner,250,174,414
2024-02-28,Wednesday,2,Fried Rice,Lunch,220,108,438
2024-02-28,Wednesday,2,Fried Rice,Dinner,220,104,408
2024-02-28,Wednesday,2,Noodles,Lunch,210,82,279
2024-02-28,Wednesday,2,Noodles,Dinner,210,122,275
2024-02-28,Wednesday,2,Ice Cream,Lunch,120,49,303
2024-02-28,Wednesday,2,Ice Cream,Dinner,120,54,365
2024-02-28,Wednesday,2,Coffee,Lunch,100,97,323
2024-02-28,Wednesday,2,Coffee,Dinner,100,120,455
2024-02-29,Thursday,2,Pizza,Lunch,350,137,377
2024-02-29,Thursday,2,Pizza,Dinner,350,156,432
2024-02-29,Thursday,2,Burger,Lunch,200,95,207
2024-02-29,Thursday,2,Burger,Dinner,200,116,260
2024-02-29,Thursday,2,Pasta,Lunch,300,94,342
2024-02-29,Thursday,2,Pasta,Dinner,300,78,329
2024-02-29,Thursday,2,Sandwich,Lunch,180,78,301
2024-02-29,Thursday,2,Sandwich,Dinner,180,93,363
2024-02-29,Thursday,2,Salad,Lunch,150,44,493
2024-02-29,Thursday,2,Salad,Dinner,150,57,262
2024-02-29,Thursday,2,Biryani,Lunch,250,114,390
2024-02-29,Thursday,2,Biryani,Dinner,250,164,350
2024-02-29,Thursday,2,Fried Rice,Lunch,220,105,477
2024-02-29,Thursday,2,Fried Rice,Dinner,220,110,263
2024-02-29,Thursday,2,Noodles,Lunch,210,77,348
2024-02-29,Thursday,2,Noodles,Dinner,210,106,269
2024-02-29,Thursday,2,Ice Cream,Lunch,120,69,280
2024-02-29,Thursday,2,Ice Cream,Dinner,120,71,381
2024-02-29,Thursday,2,Coffee,Lunch,100,117,429
2024-02-29,Thursday,2,Coffee,Dinner,100,125,329
2024-03-01,Friday,3,Pizza,Lunch,350,117,491
2024-03-01,Friday,3,Pizza,Dinner,350,154,474
2024-03-01,Friday,3,Burger,Lunch,200,116,262
2024-03-01,Friday,3,Burger,Dinner,200,109,436
2024-03-01,Friday,3,Pasta,Lunch,300,88,321
2024-03-01,Friday,3,Pasta,Dinner,300,77,237
2024-03-01,Friday,3,Sandwich,Lunch,180,82,353
2024-03-01,Friday,3,Sandwich,Dinner,180,96,370
2024-03-01,Friday,3,Salad,Lunch,150,37,452
2024-03-01,Friday,3,Salad,Dinner,150,61,361
2024-03-01,Friday,3,Biryani,Lunch,250,129,242
2024-03-01,Friday,3,Biryani,Dinner,250,158,355
2024-03-01,Friday,3,Fried Rice,Lunch,220,78,215
2024-03-01,Friday,3,Fried Rice,Dinner,220,121,435
2024-03-01,Friday,3,Noodles,Lunch,210,87,289
2024-03-01,Friday,3,Noodles,Dinner,210,94,474
2024-03-01,Friday,3,Ice Cream,Lunch,120,44,325
2024-03-01,Friday,3,Ice Cream,Dinner,120,88,375
2024-03-01,Friday,3,Coffee,Lunch,100,92,296
2024-03-01,Friday,3,Coffee,Dinner,100,130,389
2024-03-02,Saturday,3,Pizza,Lunch,350,157,329
2024-03-02,Saturday,3,Pizza,Dinner,350,187,383
2024-03-02,Saturday,3,Burger,Lunch,200,151,408
2024-03-02,Saturday,3,Burger,Dinner,200,172,350
2024-03-02,Saturday,3,Pasta,Lunch,300,119,297
2024-03-02,Saturday,3,Pasta,Dinner,300,130,260
2024-03-02,Saturday,3,Sandwich,Lunch,180,79,322
2024-03-02,Saturday,3,Sandwich,Dinner,180,97,266
2024-03-02,Saturday,3,Salad,Lunch,150,61,490
2024-03-02,Saturday,3,Salad,Dinner,150,84,238
2024-03-02,Saturday,3,Biryani,Lunch,250,188,462
2024-03-02,Saturday,3,Biryani,Dinner,250,207,450
2024-03-02,Saturday,3,Fried Rice,Lunch,220,136,315
2024-03-02,Saturday,3,Fried Rice,Dinner,220,153,424
2024-03-02,Saturday,3,Noodles,Lunch,210,112,493
2024-03-02,Saturday,3,Noodles,Dinner,210,122,263
2024-03-02,Saturday,3,Ice Cream,Lunch,120,93,482
2024-03-02,Saturday,3,Ice Cream,Dinner,120,99,305
2024-03-02,Saturday,3,Coffee,Lunch,100,161,213
2024-03-02,Saturday,3,Coffee,Dinner,100,201,478
2024-03-03,Sunday,3,Pizza,Lunch,350,175,461
2024-03-03,Sunday,3,Pizza,Dinner,350,190,444
2024-03-03,Sunday,3,Burger,Lunch,200,126,298
2024-03-03,Sunday,3,Burger,Dinner,200,174,357
2024-03-03,Sunday,3,Pasta,Lunch,300,112,429
2024-03-03,Sunday,3,Pasta,Dinner,300,133,443
2024-03-03,Sunday,3,Sandwich,Lunch,180,99,280
2024-03-03,Sunday,3,Sandwich,Dinner,180,111,406
2024-03-03,Sunday,3,Salad,Lunch,150,83,278
2024-03-03,Sunday,3,Salad,Dinner,150,86,473
2024-03-03,Sunday,3,Biryani,Lunch,250,202,483
2024-03-03,Sunday,3,Biryani,Dinner,250,227,321
2024-03-03,Sunday,3,Fried Rice,Lunch,220,127,357
2024-03-03,Sunday,3,Fried Rice,Dinner,220,169,482
2024-03-03,Sunday,3,Noodles,Lunch,210,109,319
2024-03-03,Sunday,3,Noodles,Dinner,210,125,267
2024-03-03,Sunday,3,Ice Cream,Lunch,120,94,297
2024-03-03,Sunday,3,Ice Cream,Dinner,120,97,268
2024-03-03,Sunday,3,Coffee,Lunch,100,171,450
2024-03-03,Sunday,3,Coffee,Dinner,100,183,225
2024-03-04,Monday,3,Pizza,Lunch,350,108,211
2024-03-04,Monday,3,Pizza,Dinner,350,134,261
2024-03-04,Monday,3,Burger,Lunch,200,97,234
2024-03-04,Monday,3,Burger,Dinner,200,129,363
2024-03-04,Monday,3,Pasta,Lunch,300,69,328
2024-03-04,Monday,3,Pasta,Dinner,300,112,258
2024-03-04,Monday,3,Sandwich,Lunch,180,59,499
2024-03-04,Monday,3,Sandwich,Dinner,180,77,433
2024-03-04,Monday,3,Salad,Lunch,150,41,324
2024-03-04,Monday,3,Salad,Dinner,150,58,200
2024-03-04,Monday,3,Biryani,Lunch,250,147,336
2024-03-04,Monday,3,Biryani,Dinner,250,140,409
2024-03-04,Monday,3,Fried Rice,Lunch,220,76,316
2024-03-04,Monday,3,Fried Rice,Dinner,220,98,398
2024-03-04,Monday,3,Noodles,Lunch,210,90,257
2024-03-04,Monday,3,Noodles,Dinner,210,108,476
2024-03-04,Monday,3,Ice Cream,Lunch,120,40,328
2024-03-04,Monday,3,Ice Cream,Dinner,120,61,274
2024-03-04,Monday,3,Coffee,Lunch,100,121,326
2024-03-04,Monday,3,Coffee,Dinner,100,141,409
2024-03-05,Tuesday,3,Pizza,Lunch,350,115,313
2024-03-05,Tuesday,3,Pizza,Dinner,350,126,342
2024-03-05,Tuesday,3,Burger,Lunch,200,87,455
2024-03-05,Tuesday,3,Burger,Dinner,200,116,500
2024-03-05,Tuesday,3,Pasta,Lunch,300,72,370
2024-03-05,Tuesday,3,Pasta,Dinner,300,85,406
2024-03-05,Tuesday,3,Sandwich,Lunch,180,75,364
2024-03-05,Tuesday,3,Sandwich,Dinner,180,93,364
2024-03-05,Tuesday,3,Salad,Lunch,150,65,369
2024-03-05,Tuesday,3,Salad,Dinner,150,67,405
2024-03-05,Tuesday,3,Biryani,Lunch,250,125,342
2024-03-05,Tuesday,3,Biryani,Dinner,250,151,230
2024-03-05,Tuesday,3,Fried Rice,Lunch,220,108,404
2024-03-05,Tuesday,3,Fried Rice,Dinner,220,104,481
2024-03-05,Tuesday,3,Noodles,Lunch,210,76,345
2024-03-05,Tuesday,3,Noodles,Dinner,210,109,297
2024-03-05,Tuesday,3,Ice Cream,Lunch,120,58,217
2024-03-05,Tuesday,3,Ice Cream,Dinner,120,64,472
2024-03-05,Tuesday,3,Coffee,Lunch,100,115,249
2024-03-05,Tuesday,3,Coffee,Dinner,100,142,443
2024-03-06,Wednesday,3,Pizza,Lunch,350,101,400
2024-03-06,Wednesday,3,Pizza,Dinner,350,140,298
2024-03-06,Wednesday,3,Burger,Lunch,200,95,492
2024-03-06,Wednesday,3,Burger,Dinner,200,107,379
2024-03-06,Wednesday,3,Pasta,Lunch,300,90,290
2024-03-06,Wednesday,3,Pasta,Dinner,300,96,492
2024-03-06,Wednesday,3,Sandwich,Lunch,180,83,205
2024-03-06,Wednesday,3,Sandwich,Dinner,180,81,309
2024-03-06,Wednesday,3,Salad,Lunch,150,45,451
2024-03-06,Wednesday,3,Salad,Dinner,150,73,310
2024-03-06,Wednesday,3,Biryani,Lunch,250,125,410
2024-03-06,Wednesday,3,Biryani,Dinner,250,144,286
2024-03-06,Wednesday,3,Fried Rice,Lunch,220,77,443
2024-03-06,Wednesday,3,Fried Rice,Dinner,220,101,270
2024-03-06,Wednesday,3,Noodles,Lunch,210,93,423
2024-03-06,Wednesday,3,Noodles,Dinner,210,93,417
2024-03-06,Wednesday,3,Ice Cream,Lunch,120,48,472
2024-03-06,Wednesday,3,Ice Cream,Dinner,120,76,270
2024-03-06,Wednesday,3,Coffee,Lunch,100,94,264
2024-03-06,Wednesday,3,Coffee,Dinner,100,135,240
2024-03-07,Thursday,3,Pizza,Lunch,350,124,472
2024-03-07,Thursday,3,Pizza,Dinner,350,137,234
2024-03-07,Thursday,3,Burger,Lunch,200,116,448
2024-03-07,Thursday,3,Burger,Dinner,200,135,416
2024-03-07,Thursday,3,Pasta,Lunch,300,74,297
2024-03-07,Thursday,3,Pasta,Dinner,300,104,328
2024-03-07,Thursday,3,Sandwich,Lunch,180,75,203
2024-03-07,Thursday,3,Sandwich,Dinner,180,82,331
2024-03-07,Thursday,3,Salad,Lunch,150,34,218
2024-03-07,Thursday,3,Salad,Dinner,150,41,376
2024-03-07,Thursday,3,Biryani,Lunch,250,131,313
2024-03-07,Thursday,3,Biryani,Dinner,250,138,397
2024-03-07,Thursday,3,Fried Rice,Lunch,220,106,427
2024-03-07,Thursday,3,Fried Rice,Dinner,220,110,485
2024-03-07,Thursday,3,Noodles,Lunch,210,105,261
2024-03-07,Thursday,3,Noodles,Dinner,210,88,255
2024-03-07,Thursday,3,Ice Cream,Lunch,120,44,389
2024-03-07,Thursday,3,Ice Cream,Dinner,120,85,470
2024-03-07,Thursday,3,Coffee,Lunch,100,126,387
2024-03-07,Thursday,3,Coffee,Dinner,100,132,382
2024-03-08,Friday,3,Pizza,Lunch,350,111,287
2024-03-08,Friday,3,Pizza,Dinner,350,126,248
2024-03-08,Friday,3,Burger,Lunch,200,81,312
2024-03-08,Friday,3,Burger,Dinner,200,108,414
2024-03-08,Friday,3,Pasta,Lunch,300,81,378
2024-03-08,Friday,3,Pasta,Dinner,300,84,215
2024-03-08,Friday,3,Sandwich,Lunch,180,75,471
2024-03-08,Friday,3,Sandwich,Dinner,180,90,243
2024-03-08,Friday,3,Salad,Lunch,150,68,408
2024-03-08,Friday,3,Salad,Dinner,150,59,306
2024-03-08,Friday,3,Biryani,Lunch,250,133,292
2024-03-08,Friday,3,Biryani,Dinner,250,172,320
2024-03-08,Friday,3,Fried Rice,Lunch,220,98,465
2024-03-08,Friday,3,Fried Rice,Dinner,220,121,268
2024-03-08,Friday,3,Noodles,Lunch,210,67,352
2024-03-08,Friday,3,Noodles,Dinner,210,82,445
2024-03-08,Friday,3,Ice Cream,Lunch,120,66,384
2024-03-08,Friday,3,Ice Cream,Dinner,120,58,411
2024-03-08,Friday,3,Coffee,Lunch,100,111,359
2024-03-08,Friday,3,Coffee,Dinner,100,112,440
2024-03-09,Saturday,3,Pizza,Lunch,350,161,437
2024-03-09,Saturday,3,Pizza,Dinner,350,198,493
2024-03-09,Saturday,3,Burger,Lunch,200,159,222
2024-03-09,Saturday,3,Burger,Dinner,200,177,353
2024-03-09,Saturday,3,Pasta,Lunch,300,99,446
2024-03-09,Saturday,3,Pasta,Dinner,300,117,339
2024-03-09,Saturday,3,Sandwich,Lunch,180,85,263
2024-03-09,Saturday,3,Sandwich,Dinner,180,111,442
2024-03-09,Saturday,3,Salad,Lunch,150,50,329
2024-03-09,Saturday,3,Salad,Dinner,150,99,313
2024-03-09,Saturday,3,Biryani,Lunch,250,183,459
2024-03-09,Saturday,3,Biryani,Dinner,250,231,449
2024-03-09,Saturday,3,Fried Rice,Lunch,220,122,426
2024-03-09,Saturday,3,Fried Rice,Dinner,220,144,273
2024-03-09,Saturday,3,Noodles,Lunch,210,110,450
2024-03-09,Saturday,3,Noodles,Dinner,210,136,233
2024-03-09,Saturday,3,Ice Cream,Lunch,120,99,223
2024-03-09,Saturday,3,Ice Cream,Dinner,120,115,303
2024-03-09,Saturday,3,Coffee,Lunch,100,157,271
2024-03-09,Saturday,3,Coffee,Dinner,100,171,268
2024-03-10,Sunday,3,Pizza,Lunch,350,169,297
2024-03-10,Sunday,3,Pizza,Dinner,350,197,263
2024-03-10,Sunday,3,Burger,Lunch,200,143,477
2024-03-10,Sunday,3,Burger,Dinner,200,170,460
2024-03-10,Sunday,3,Pasta,Lunch,300,130,280
2024-03-10,Sunday,3,Pasta,Dinner,300,126,424
2024-03-10,Sunday,3,Sandwich,Lunch,180,96,491
2024-03-10,Sunday,3,Sandwich,Dinner,180,118,325
2024-03-10,Sunday,3,Salad,Lunch,150,72,344
2024-03-10,Sunday,3,Salad,Dinner,150,71,304
2024-03-10,Sunday,3,Biryani,Lunch,250,198,200
2024-03-10,Sunday,3,Biryani,Dinner,250,237,473
2024-03-10,Sunday,3,Fried Rice,Lunch,220,110,476
2024-03-10,Sunday,3,Fried Rice,Dinner,220,148,332
2024-03-10,Sunday,3,Noodles,Lunch,210,137,440
2024-03-10,Sunday,3,Noodles,Dinner,210,152,394
2024-03-10,Sunday,3,Ice Cream,Lunch,120,85,303
2024-03-10,Sunday,3,Ice Cream,Dinner,120,97,217
2024-03-10,Sunday,3,Coffee,Lunch,100,151,487
2024-03-10,Sunday,3,Coffee,Dinner,100,171,378
2024-03-11,Monday,3,Pizza,Lunch,350,139,224
2024-03-11,Monday,3,Pizza,Dinner,350,145,295
2024-03-11,Monday,3,Burger,Lunch,200,98,284
2024-03-11,Monday,3,Burger,Dinner,200,116,228
2024-03-11,Monday,3,Pasta,Lunch,300,82,396
2024-03-11,Monday,3,Pasta,Dinner,300,77,227
2024-03-11,Monday,3,Sandwich,Lunch,180,77,328
2024-03-11,Monday,3,Sandwich,Dinner,180,96,417
2024-03-11,Monday,3,Salad,Lunch,150,51,232
2024-03-11,Monday,3,Salad,Dinner,150,42,387
2024-03-11,Monday,3,Biryani,Lunch,250,124,351
2024-03-11,Monday,3,Biryani,Dinner,250,152,255
2024-03-11,Monday,3,Fried Rice,Lunch,220,77,336
2024-03-11,Monday,3,Fried Rice,Dinner,220,108,214
2024-03-11,Monday,3,Noodles,Lunch,210,94,464
2024-03-11,Monday,3,Noodles,Dinner,210,82,451
2024-03-11,Monday,3,Ice Cream,Lunch,120,44,328
2024-03-11,Monday,3,Ice Cream,Dinner,120,91,339
2024-03-11,Monday,3,Coffee,Lunch,100,109,473
2024-03-11,Monday,3,Coffee,Dinner,100,152,375
2024-03-12,Tuesday,3,Pizza,Lunch,350,122,413
2024-03-12,Tuesday,3,Pizza,Dinner,350,152,333
2024-03-12,Tuesday,3,Burger,Lunch,200,84,267
2024-03-12,Tuesday,3,Burger,Dinner,200,121,254
2024-03-12,Tuesday,3,Pasta,Lunch,300,83,389
2024-03-12,Tuesday,3,Pasta,Dinner,300,102,395
2024-03-12,Tuesday,3,Sandwich,Lunch,180,53,409
2024-03-12,Tuesday,3,Sandwich,Dinner,180,81,495
2024-03-12,Tuesday,3,Salad,Lunch,150,48,418
2024-03-12,Tuesday,3,Salad,Dinner,150,75,217
2024-03-12,Tuesday,3,Biryani,Lunch,250,123,418
2024-03-12,Tuesday,3,Biryani,Dinner,250,139,260
2024-03-12,Tuesday,3,Fried Rice,Lunch,220,86,429
2024-03-12,Tuesday,3,Fried Rice,Dinner,220,121,455
2024-03-12,Tuesday,3,Noodles,Lunch,210,70,242
2024-03-12,Tuesday,3,Noodles,Dinner,210,96,374
2024-03-12,Tuesday,3,Ice Cream,Lunch,120,51,291
2024-03-12,Tuesday,3,Ice Cream,Dinner,120,72,292
2024-03-12,Tuesday,3,Coffee,Lunch,100,125,249
2024-03-12,Tuesday,3,Coffee,Dinner,100,132,203
2024-03-13,Wednesday,3,Pizza,Lunch,350,139,408
2024-03-13,Wednesday,3,Pizza,Dinner,350,128,423
2024-03-13,Wednesday,3,Burger,Lunch,200,105,282
2024-03-13,Wednesday,3,Burger,Dinner,200,134,255
2024-03-13,Wednesday,3,Pasta,Lunch,300,69,445
2024-03-13,Wednesday,3,Pasta,Dinner,300,112,438
2024-03-13,Wednesday,3,Sandwich,Lunch,180,56,286
2024-03-13,Wednesday,3,Sandwich,Dinner,180,95,378
2024-03-13,Wednesday,3,Salad,Lunch,150,70,487
2024-03-13,Wednesday,3,Salad,Dinner,150,62,471
2024-03-13,Wednesday,3,Biryani,Lunch,250,123,293
2024-03-13,Wednesday,3,Biryani,Dinner,250,172,412
2024-03-13,Wednesday,3,Fried Rice,Lunch,220,79,266
2024-03-13,Wednesday,3,Fried Rice,Dinner,220,116,319
2024-03-13,Wednesday,3,Noodles,Lunch,210,67,476
2024-03-13,Wednesday,3,Noodles,Dinner,210,92,242
2024-03-13,Wednesday,3,Ice Cream,Lunch,120,58,217
2024-03-13,Wednesday,3,Ice Cream,Dinner,120,68,358
2024-03-13,Wednesday,3,Coffee,Lunch,100,92,264
2024-03-13,Wednesday,3,Coffee,Dinner,100,147,447
2024-03-14,Thursday,3,Pizza,Lunch,350,104,302
2024-03-14,Thursday,3,Pizza,Dinner,350,136,329
2024-03-14,Thursday,3,Burger,Lunch,200,81,298
2024-03-14,Thursday,3,Burger,Dinner,200,133,231
2024-03-14,Thursday,3,Pasta,Lunch,300,91,379
2024-03-14,Thursday,3,Pasta,Dinner,300,77,452
2024-03-14,Thursday,3,Sandwich,Lunch,180,53,278
2024-03-14,Thursday,3,Sandwich,Dinner,180,73,373
2024-03-14,Thursday,3,Salad,Lunch,150,43,295
2024-03-14,Thursday,3,Salad,Dinner,150,42,385
2024-03-14,Thursday,3,Biryani,Lunch,250,140,348
2024-03-14,Thursday,3,Biryani,Dinner,250,168,449
2024-03-14,Thursday,3,Fried Rice,Lunch,220,76,407
2024-03-14,Thursday,3,Fried Rice,Dinner,220,96,493
2024-03-14,Thursday,3,Noodles,Lunch,210,77,304
2024-03-14,Thursday,3,Noodles,Dinner,210,86,221
2024-03-14,Thursday,3,Ice Cream,Lunch,120,77,301
2024-03-14,Thursday,3,Ice Cream,Dinner,120,63,460
2024-03-14,Thursday,3,Coffee,Lunch,100,123,340
2024-03-14,Thursday,3,Coffee,Dinner,100,152,211
2024-03-15,Friday,3,Pizza,Lunch,350,113,352
2024-03-15,Friday,3,Pizza,Dinner,350,157,210
2024-03-15,Friday,3,Burger,Lunch,200,83,475
2024-03-15,Friday,3,Burger,Dinner,200,127,277
2024-03-15,Friday,3,Pasta,Lunch,300,87,306
2024-03-15,Friday,3,Pasta,Dinner,300,106,325
2024-03-15,Friday,3,Sandwich,Lunch,180,88,268
2024-03-15,Friday,3,Sandwich,Dinner,180,74,337
2024-03-15,Friday,3,Salad,Lunch,150,33,286
2024-03-15,Friday,3,Salad,Dinner,150,62,402
2024-03-15,Friday,3,Biryani,Lunch,250,148,224
2024-03-15,Friday,3,Biryani,Dinner,250,160,241
2024-03-15,Friday,3,Fried Rice,Lunch,220,76,225
2024-03-15,Friday,3,Fried Rice,Dinner,220,126,351
2024-03-15,Friday,3,Noodles,Lunch,210,86,345
2024-03-15,Friday,3,Noodles,Dinner,210,114,423
2024-03-15,Friday,3,Ice Cream,Lunch,120,69,359
2024-03-15,Friday,3,Ice Cream,Dinner,120,52,302
2024-03-15,Friday,3,Coffee,Lunch,100,101,486
2024-03-15,Friday,3,Coffee,Dinner,100,123,241
2024-03-16,Saturday,3,Pizza,Lunch,350,164,331
2024-03-16,Saturday,3,Pizza,Dinner,350,187,325
2024-03-16,Saturday,3,Burger,Lunch,200,136,342
2024-03-16,Saturday,3,Burger,Dinner,200,154,482
2024-03-16,Saturday,3,Pasta,Lunch,300,99,313
2024-03-16,Saturday,3,Pasta,Dinner,300,145,370
2024-03-16,Saturday,3,Sandwich,Lunch,180,109,327
2024-03-16,Saturday,3,Sandwich,Dinner,180,136,474
2024-03-16,Saturday,3,Salad,Lunch,150,61,495
2024-03-16,Saturday,3,Salad,Dinner,150,87,284
2024-03-16,Saturday,3,Biryani,Lunch,250,188,351
2024-03-16,Saturday,3,Biryani,Dinner,250,235,466
2024-03-16,Saturday,3,Fried Rice,Lunch,220,124,268
2024-03-16,Saturday,3,Fried Rice,Dinner,220,148,349
2024-03-16,Saturday,3,Noodles,Lunch,210,105,466
2024-03-16,Saturday,3,Noodles,Dinner,210,137,430
2024-03-16,Saturday,3,Ice Cream,Lunch,120,99,226
2024-03-16,Saturday,3,Ice Cream,Dinner,120,117,481
2024-03-16,Saturday,3,Coffee,Lunch,100,165,241
2024-03-16,Saturday,3,Coffee,Dinner,100,191,309
2024-03-17,Sunday,3,Pizza,Lunch,350,154,454
2024-03-17,Sunday,3,Pizza,Dinner,350,187,249
2024-03-17,Sunday,3,Burger,Lunch,200,126,420
2024-03-17,Sunday,3,Burger,Dinner,200,166,452
2024-03-17,Sunday,3,Pasta,Lunch,300,127,409
2024-03-17,Sunday,3,Pasta,Dinner,300,152,323
2024-03-17,Sunday,3,Sandwich,Lunch,180,95,427
2024-03-17,Sunday,3,Sandwich,Dinner,180,125,328
2024-03-17,Sunday,3,Salad,Lunch,150,58,497
2024-03-17,Sunday,3,Salad,Dinner,150,101,468
2024-03-17,Sunday,3,Biryani,Lunch,250,198,416
2024-03-17,Sunday,3,Biryani,Dinner,250,212,440
2024-03-17,Sunday,3,Fried Rice,Lunch,220,138,209
2024-03-17,Sunday,3,Fried Rice,Dinner,220,149,317
2024-03-17,Sunday,3,Noodles,Lunch,210,132,282
2024-03-17,Sunday,3,Noodles,Dinner,210,123,259
2024-03-17,Sunday,3,Ice Cream,Lunch,120,72,370
2024-03-17,Sunday,3,Ice Cream,Dinner,120,115,213
2024-03-17,Sunday,3,Coffee,Lunch,100,162,487
2024-03-17,Sunday,3,Coffee,Dinner,100,190,293
2024-03-18,Monday,3,Pizza,Lunch,350,137,405
2024-03-18,Monday,3,Pizza,Dinner,350,124,419
2024-03-18,Monday,3,Burger,Lunch,200,83,308
2024-03-18,Monday,3,Burger,Dinner,200,101,355
2024-03-18,Monday,3,Pasta,Lunch,300,69,221
2024-03-18,Monday,3,Pasta,Dinner,300,88,419
2024-03-18,Monday,3,Sandwich,Lunch,180,75,294
2024-03-18,Monday,3,Sandwich,Dinner,180,91,451
2024-03-18,Monday,3,Salad,Lunch,150,60,310
2024-03-18,Monday,3,Salad,Dinner,150,58,468
2024-03-18,Monday,3,Biryani,Lunch,250,113,230
2024-03-18,Monday,3,Biryani,Dinner,250,162,490
2024-03-18,Monday,3,Fried Rice,Lunch,220,98,434
2024-03-18,Monday,3,Fried Rice,Dinner,220,95,319
2024-03-18,Monday,3,Noodles,Lunch,210,78,441
2024-03-18,Monday,3,Noodles,Dinner,210,89,470
2024-03-18,Monday,3,Ice Cream,Lunch,120,55,492
2024-03-18,Monday,3,Ice Cream,Dinner,120,70,484
2024-03-18,Monday,3,Coffee,Lunch,100,117,388
2024-03-18,Monday,3,Coffee,Dinner,100,144,289
2024-03-19,Tuesday,3,Pizza,Lunch,350,139,285
2024-03-19,Tuesday,3,Pizza,Dinner,350,139,301
2024-03-19,Tuesday,3,Burger,Lunch,200,85,486
2024-03-19,Tuesday,3,Burger,Dinner,200,101,399
2024-03-19,Tuesday,3,Pasta,Lunch,300,78,409
2024-03-19,Tuesday,3,Pasta,Dinner,300,76,319
2024-03-19,Tuesday,3,Sandwich,Lunch,180,83,340
2024-03-19,Tuesday,3,Sandwich,Dinner,180,70,491
2024-03-19,Tuesday,3,Salad,Lunch,150,34,299
2024-03-19,Tuesday,3,Salad,Dinner,150,67,279
2024-03-19,Tuesday,3,Biryani,Lunch,250,133,500
2024-03-19,Tuesday,3,Biryani,Dinner,250,140,472
2024-03-19,Tuesday,3,Fried Rice,Lunch,220,100,372
2024-03-19,Tuesday,3,Fried Rice,Dinner,220,89,356
2024-03-19,Tuesday,3,Noodles,Lunch,210,72,214
2024-03-19,Tuesday,3,Noodles,Dinner,210,117,326
2024-03-19,Tuesday,3,Ice Cream,Lunch,120,69,480
2024-03-19,Tuesday,3,Ice Cream,Dinner,120,64,277
2024-03-19,Tuesday,3,Coffee,Lunch,100,90,464
2024-03-19,Tuesday,3,Coffee,Dinner,100,112,209
2024-03-20,Wednesday,3,Pizza,Lunch,350,112,233
2024-03-20,Wednesday,3,Pizza,Dinner,350,148,448
2024-03-20,Wednesday,3,Burger,Lunch,200,94,223
2024-03-20,Wednesday,3,Burger,Dinner,200,125,494
2024-03-20,Wednesday,3,Pasta,Lunch,300,75,434
2024-03-20,Wednesday,3,Pasta,Dinner,300,88,470
2024-03-20,Wednesday,3,Sandwich,Lunch,180,64,414
2024-03-20,Wednesday,3,Sandwich,Dinner,180,68,406
2024-03-20,Wednesday,3,Salad,Lunch,150,44,491
2024-03-20,Wednesday,3,Salad,Dinner,150,63,482
2024-03-20,Wednesday,3,Biryani,Lunch,250,140,360
2024-03-20,Wednesday,3,Biryani,Dinner,250,150,299
2024-03-20,Wednesday,3,Fried Rice,Lunch,220,89,269
2024-03-20,Wednesday,3,Fried Rice,Dinner,220,111,495
2024-03-20,Wednesday,3,Noodles,Lunch,210,77,296
2024-03-20,Wednesday,3,Noodles,Dinner,210,120,208
2024-03-20,Wednesday,3,Ice Cream,Lunch,120,50,497
2024-03-20,Wednesday,3,Ice Cream,Dinner,120,60,392
2024-03-20,Wednesday,3,Coffee,Lunch,100,109,248
2024-03-20,Wednesday,3,Coffee,Dinner,100,115,217
2024-03-21,Thursday,3,Pizza,Lunch,350,116,265
2024-03-21,Thursday,3,Pizza,Dinner,350,148,317
2024-03-21,Thursday,3,Burger,Lunch,200,113,210
2024-03-21,Thursday,3,Burger,Dinner,200,105,294
2024-03-21,Thursday,3,Pasta,Lunch,300,79,457
2024-03-21,Thursday,3,Pasta,Dinner,300,85,278
2024-03-21,Thursday,3,Sandwich,Lunch,180,82,377
2024-03-21,Thursday,3,Sandwich,Dinner,180,90,414
2024-03-21,Thursday,3,Salad,Lunch,150,57,477
2024-03-21,Thursday,3,Salad,Dinner,150,40,444
2024-03-21,Thursday,3,Biryani,Lunch,250,118,382
2024-03-21,Thursday,3,Biryani,Dinner,250,143,358
2024-03-21,Thursday,3,Fried Rice,Lunch,220,89,414
2024-03-21,Thursday,3,Fried Rice,Dinner,220,120,458
2024-03-21,Thursday,3,Noodles,Lunch,210,101,328
2024-03-21,Thursday,3,Noodles,Dinner,210,90,375
2024-03-21,Thursday,3,Ice Cream,Lunch,120,46,484
2024-03-21,Thursday,3,Ice Cream,Dinner,120,59,293
2024-03-21,Thursday,3,Coffee,Lunch,100,99,391
2024-03-21,Thursday,3,Coffee,Dinner,100,136,442
2024-03-22,Friday,3,Pizza,Lunch,350,137,443
2024-03-22,Friday,3,Pizza,Dinner,350,126,481
2024-03-22,Friday,3,Burger,Lunch,200,83,385
2024-03-22,Friday,3,Burger,Dinner,200,135,201
2024-03-22,Friday,3,Pasta,Lunch,300,78,417
2024-03-22,Friday,3,Pasta,Dinner,300,92,293
2024-03-22,Friday,3,Sandwich,Lunch,180,70,307
2024-03-22,Friday,3,Sandwich,Dinner,180,92,205
2024-03-22,Friday,3,Salad,Lunch,150,45,348
2024-03-22,Friday,3,Salad,Dinner,150,40,351
2024-03-22,Friday,3,Biryani,Lunch,250,138,422
2024-03-22,Friday,3,Biryani,Dinner,250,170,297
2024-03-22,Friday,3,Fried Rice,Lunch,220,92,288
2024-03-22,Friday,3,Fried Rice,Dinner,220,125,269
2024-03-22,Friday,3,Noodles,Lunch,210,68,370
2024-03-22,Friday,3,Noodles,Dinner,210,119,415
2024-03-22,Friday,3,Ice Cream,Lunch,120,42,449
2024-03-22,Friday,3,Ice Cream,Dinner,120,75,408
2024-03-22,Friday,3,Coffee,Lunch,100,101,278
2024-03-22,Friday,3,Coffee,Dinner,100,121,389
2024-03-23,Saturday,3,Pizza,Lunch,350,177,239
2024-03-23,Saturday,3,Pizza,Dinner,350,204,374
2024-03-23,Saturday,3,Burger,Lunch,200,148,373
2024-03-23,Saturday,3,Burger,Dinner,200,183,392
2024-03-23,Saturday,3,Pasta,Lunch,300,125,226
2024-03-23,Saturday,3,Pasta,Dinner,300,153,257
2024-03-23,Saturday,3,Sandwich,Lunch,180,101,429
2024-03-23,Saturday,3,Sandwich,Dinner,180,112,398
2024-03-23,Saturday,3,Salad,Lunch,150,79,242
2024-03-23,Saturday,3,Salad,Dinner,150,84,417
2024-03-23,Saturday,3,Biryani,Lunch,250,192,231
2024-03-23,Saturday,3,Biryani,Dinner,250,237,494
2024-03-23,Saturday,3,Fried Rice,Lunch,220,106,500
2024-03-23,Saturday,3,Fried Rice,Dinner,220,164,496
2024-03-23,Saturday,3,Noodles,Lunch,210,101,320
2024-03-23,Saturday,3,Noodles,Dinner,210,149,376
2024-03-23,Saturday,3,Ice Cream,Lunch,120,71,317
2024-03-23,Saturday,3,Ice Cream,Dinner,120,116,263
2024-03-23,Saturday,3,Coffee,Lunch,100,139,245
2024-03-23,Saturday,3,Coffee,Dinner,100,184,392
2024-03-24,Sunday,3,Pizza,Lunch,350,171,206
2024-03-24,Sunday,3,Pizza,Dinner,350,207,411
2024-03-24,Sunday,3,Burger,Lunch,200,147,318
2024-03-24,Sunday,3,Burger,Dinner,200,176,320
2024-03-24,Sunday,3,Pasta,Lunch,300,106,367
2024-03-24,Sunday,3,Pasta,Dinner,300,151,231
2024-03-24,Sunday,3,Sandwich,Lunch,180,78,241
2024-03-24,Sunday,3,Sandwich,Dinner,180,136,397
2024-03-24,Sunday,3,Salad,Lunch,150,56,326
2024-03-24,Sunday,3,Salad,Dinner,150,87,402
2024-03-24,Sunday,3,Biryani,Lunch,250,169,405
2024-03-24,Sunday,3,Biryani,Dinner,250,229,427
2024-03-24,Sunday,3,Fried Rice,Lunch,220,141,473
2024-03-24,Sunday,3,Fried Rice,Dinner,220,137,364
2024-03-24,Sunday,3,Noodles,Lunch,210,100,248
2024-03-24,Sunday,3,Noodles,Dinner,210,136,211
2024-03-24,Sunday,3,Ice Cream,Lunch,120,87,424
2024-03-24,Sunday,3,Ice Cream,Dinner,120,120,237
2024-03-24,Sunday,3,Coffee,Lunch,100,167,421
2024-03-24,Sunday,3,Coffee,Dinner,100,202,312
2024-03-25,Monday,3,Pizza,Lunch,350,133,303
2024-03-25,Monday,3,Pizza,Dinner,350,157,498
2024-03-25,Monday,3,Burger,Lunch,200,90,225
2024-03-25,Monday,3,Burger,Dinner,200,140,386
2024-03-25,Monday,3,Pasta,Lunch,300,61,497
2024-03-25,Monday,3,Pasta,Dinner,300,109,423
2024-03-25,Monday,3,Sandwich,Lunch,180,85,203
2024-03-25,Monday,3,Sandwich,Dinner,180,81,360
2024-03-25,Monday,3,Salad,Lunch,150,44,492
2024-03-25,Monday,3,Salad,Dinner,150,49,228
2024-03-25,Monday,3,Biryani,Lunch,250,137,467
2024-03-25,Monday,3,Biryani,Dinner,250,166,374
2024-03-25,Monday,3,Fried Rice,Lunch,220,93,444
2024-03-25,Monday,3,Fried Rice,Dinner,220,120,343
2024-03-25,Monday,3,Noodles,Lunch,210,95,225
2024-03-25,Monday,3,Noodles,Dinner,210,87,406
2024-03-25,Monday,3,Ice Cream,Lunch,120,73,468
2024-03-25,Monday,3,Ice Cream,Dinner,120,73,491
2024-03-25,Monday,3,Coffee,Lunch,100,121,320
2024-03-25,Monday,3,Coffee,Dinner,100,140,371
2024-03-26,Tuesday,3,Pizza,Lunch,350,120,380
2024-03-26,Tuesday,3,Pizza,Dinner,350,143,470
2024-03-26,Tuesday,3,Burger,Lunch,200,80,441
2024-03-26,Tuesday,3,Burger,Dinner,200,119,230
2024-03-26,Tuesday,3,Pasta,Lunch,300,68,248
2024-03-26,Tuesday,3,Pasta,Dinner,300,113,482
2024-03-26,Tuesday,3,Sandwich,Lunch,180,87,322
2024-03-26,Tuesday,3,Sandwich,Dinner,180,79,220
2024-03-26,Tuesday,3,Salad,Lunch,150,36,440
2024-03-26,Tuesday,3,Salad,Dinner,150,45,412
2024-03-26,Tuesday,3,Biryani,Lunch,250,150,316
2024-03-26,Tuesday,3,Biryani,Dinner,250,164,432
2024-03-26,Tuesday,3,Fried Rice,Lunch,220,99,390
2024-03-26,Tuesday,3,Fried Rice,Dinner,220,99,477
2024-03-26,Tuesday,3,Noodles,Lunch,210,89,327
2024-03-26,Tuesday,3,Noodles,Dinner,210,119,203
2024-03-26,Tuesday,3,Ice Cream,Lunch,120,66,300
2024-03-26,Tuesday,3,Ice Cream,Dinner,120,83,435
2024-03-26,Tuesday,3,Coffee,Lunch,100,124,364
2024-03-26,Tuesday,3,Coffee,Dinner,100,129,472
2024-03-27,Wednesday,3,Pizza,Lunch,350,102,395
2024-03-27,Wednesday,3,Pizza,Dinner,350,158,216
2024-03-27,Wednesday,3,Burger,Lunch,200,114,485
2024-03-27,Wednesday,3,Burger,Dinner,200,104,497
2024-03-27,Wednesday,3,Pasta,Lunch,300,96,338
2024-03-27,Wednesday,3,Pasta,Dinner,300,110,356
2024-03-27,Wednesday,3,Sandwich,Lunch,180,65,278
2024-03-27,Wednesday,3,Sandwich,Dinner,180,72,365
2024-03-27,Wednesday,3,Salad,Lunch,150,31,488
2024-03-27,Wednesday,3,Salad,Dinner,150,41,432
2024-03-27,Wednesday,3,Biryani,Lunch,250,112,488
2024-03-27,Wednesday,3,Biryani,Dinner,250,154,495
2024-03-27,Wednesday,3,Fried Rice,Lunch,220,74,332
2024-03-27,Wednesday,3,Fried Rice,Dinner,220,105,259
2024-03-27,Wednesday,3,Noodles,Lunch,210,102,276
2024-03-27,Wednesday,3,Noodles,Dinner,210,87,322
2024-03-27,Wednesday,3,Ice Cream,Lunch,120,44,403
2024-03-27,Wednesday,3,Ice Cream,Dinner,120,57,460
2024-03-27,Wednesday,3,Coffee,Lunch,100,126,416
2024-03-27,Wednesday,3,Coffee,Dinner,100,139,349
2024-03-28,Thursday,3,Pizza,Lunch,350,120,233
2024-03-28,Thursday,3,Pizza,Dinner,350,138,465
2024-03-28,Thursday,3,Burger,Lunch,200,96,331
2024-03-28,Thursday,3,Burger,Dinner,200,123,300
2024-03-28,Thursday,3,Pasta,Lunch,300,79,431
2024-03-28,Thursday,3,Pasta,Dinner,300,108,243
2024-03-28,Thursday,3,Sandwich,Lunch,180,89,314
2024-03-28,Thursday,3,Sandwich,Dinner,180,87,429
2024-03-28,Thursday,3,Salad,Lunch,150,51,220
2024-03-28,Thursday,3,Salad,Dinner,150,51,320
2024-03-28,Thursday,3,Biryani,Lunch,250,127,316
2024-03-28,Thursday,3,Biryani,Dinner,250,172,328
2024-03-28,Thursday,3,Fried Rice,Lunch,220,103,385
2024-03-28,Thursday,3,Fried Rice,Dinner,220,116,358
2024-03-28,Thursday,3,Noodles,Lunch,210,86,247
2024-03-28,Thursday,3,Noodles,Dinner,210,99,422
2024-03-28,Thursday,3,Ice Cream,Lunch,120,54,432
2024-03-28,Thursday,3,Ice Cream,Dinner,120,85,225
2024-03-28,Thursday,3,Coffee,Lunch,100,102,269
2024-03-28,Thursday,3,Coffee,Dinner,100,129,331
2024-03-29,Friday,3,Pizza,Lunch,350,126,497
2024-03-29,Friday,3,Pizza,Dinner,350,161,420
2024-03-29,Friday,3,Burger,Lunch,200,120,427
2024-03-29,Friday,3,Burger,Dinner,200,120,390
2024-03-29,Friday,3,Pasta,Lunch,300,73,403
2024-03-29,Friday,3,Pasta,Dinner,300,91,408
2024-03-29,Friday,3,Sandwich,Lunch,180,79,238
2024-03-29,Friday,3,Sandwich,Dinner,180,84,242
2024-03-29,Friday,3,Salad,Lunch,150,61,482
2024-03-29,Friday,3,Salad,Dinner,150,51,270
2024-03-29,Friday,3,Biryani,Lunch,250,122,334
2024-03-29,Friday,3,Biryani,Dinner,250,147,286
2024-03-29,Friday,3,Fried Rice,Lunch,220,95,348
2024-03-29,Friday,3,Fried Rice,Dinner,220,102,205
2024-03-29,Friday,3,Noodles,Lunch,210,103,299
2024-03-29,Friday,3,Noodles,Dinner,210,88,267
2024-03-29,Friday,3,Ice Cream,Lunch,120,66,225
2024-03-29,Friday,3,Ice Cream,Dinner,120,86,349
2024-03-29,Friday,3,Coffee,Lunch,100,90,428
2024-03-29,Friday,3,Coffee,Dinner,100,139,481
2024-03-30,Saturday,3,Pizza,Lunch,350,155,472
2024-03-30,Saturday,3,Pizza,Dinner,350,219,361
2024-03-30,Saturday,3,Burger,Lunch,200,135,373
2024-03-30,Saturday,3,Burger,Dinner,200,180,265
2024-03-30,Saturday,3,Pasta,Lunch,300,94,399
2024-03-30,Saturday,3,Pasta,Dinner,300,128,256
2024-03-30,Saturday,3,Sandwich,Lunch,180,91,358
2024-03-30,Saturday,3,Sandwich,Dinner,180,137,494
2024-03-30,Saturday,3,Salad,Lunch,150,60,337
2024-03-30,Saturday,3,Salad,Dinner,150,66,242
2024-03-30,Saturday,3,Biryani,Lunch,250,188,436
2024-03-30,Saturday,3,Biryani,Dinner,250,213,308
2024-03-30,Saturday,3,Fried Rice,Lunch,220,112,250
2024-03-30,Saturday,3,Fried Rice,Dinner,220,162,376
2024-03-30,Saturday,3,Noodles,Lunch,210,134,373
2024-03-30,Saturday,3,Noodles,Dinner,210,134,416
2024-03-30,Saturday,3,Ice Cream,Lunch,120,71,416
2024-03-30,Saturday,3,Ice Cream,Dinner,120,82,460
2024-03-30,Saturday,3,Coffee,Lunch,100,145,275
2024-03-30,Saturday,3,Coffee,Dinner,100,169,225
2024-03-31,Sunday,3,Pizza,Lunch,350,169,364
2024-03-31,Sunday,3,Pizza,Dinner,350,186,344
2024-03-31,Sunday,3,Burger,Lunch,200,145,212
2024-03-31,Sunday,3,Burger,Dinner,200,152,367
2024-03-31,Sunday,3,Pasta,Lunch,300,96,287
2024-03-31,Sunday,3,Pasta,Dinner,300,138,421
2024-03-31,Sunday,3,Sandwich,Lunch,180,103,368
2024-03-31,Sunday,3,Sandwich,Dinner,180,137,436
2024-03-31,Sunday,3,Salad,Lunch,150,90,342
2024-03-31,Sunday,3,Salad,Dinner,150,84,309
2024-03-31,Sunday,3,Biryani,Lunch,250,175,486
2024-03-31,Sunday,3,Biryani,Dinner,250,223,272
2024-03-31,Sunday,3,Fried Rice,Lunch,220,146,399
2024-03-31,Sunday,3,Fried Rice,Dinner,220,163,463
2024-03-31,Sunday,3,Noodles,Lunch,210,117,283
2024-03-31,Sunday,3,Noodles,Dinner,210,150,273
2024-03-31,Sunday,3,Ice Cream,Lunch,120,82,494
2024-03-31,Sunday,3,Ice Cream,Dinner,120,81,465
2024-03-31,Sunday,3,Coffee,Lunch,100,167,247
2024-03-31,Sunday,3,Coffee,Dinner,100,192,319
2024-04-01,Monday,4,Pizza,Lunch,350,138,479
2024-04-01,Monday,4,Pizza,Dinner,350,145,451
2024-04-01,Monday,4,Burger,Lunch,200,95,431
2024-04-01,Monday,4,Burger,Dinner,200,127,398
2024-04-01,Monday,4,Pasta,Lunch,300,105,437
2024-04-01,Monday,4,Pasta,Dinner,300,113,433
2024-04-01,Monday,4,Sandwich,Lunch,180,82,348
2024-04-01,Monday,4,Sandwich,Dinner,180,74,239
2024-04-01,Monday,4,Salad,Lunch,150,39,486
2024-04-01,Monday,4,Salad,Dinner,150,85,270
2024-04-01,Monday,4,Biryani,Lunch,250,163,231
2024-04-01,Monday,4,Biryani,Dinner,250,159,279
2024-04-01,Monday,4,Fried Rice,Lunch,220,94,389
2024-04-01,Monday,4,Fried Rice,Dinner,220,102,474
2024-04-01,Monday,4,Noodles,Lunch,210,98,317
2024-04-01,Monday,4,Noodles,Dinner,210,127,488
2024-04-01,Monday,4,Ice Cream,Lunch,120,63,280
2024-04-01,Monday,4,Ice Cream,Dinner,120,85,484
2024-04-01,Monday,4,Coffee,Lunch,100,131,231
2024-04-01,Monday,4,Coffee,Dinner,100,165,473
2024-04-02,Tuesday,4,Pizza,Lunch,350,144,435
2024-04-02,Tuesday,4,Pizza,Dinner,350,145,412
2024-04-02,Tuesday,4,Burger,Lunch,200,113,260
2024-04-02,Tuesday,4,Burger,Dinner,200,146,291
2024-04-02,Tuesday,4,Pasta,Lunch,300,75,463
2024-04-02,Tuesday,4,Pasta,Dinner,300,110,474
2024-04-02,Tuesday,4,Sandwich,Lunch,180,94,202
2024-04-02,Tuesday,4,Sandwich,Dinner,180,108,418
2024-04-02,Tuesday,4,Salad,Lunch,150,60,258
2024-04-02,Tuesday,4,Salad,Dinner,150,78,461
2024-04-02,Tuesday,4,Biryani,Lunch,250,155,257
2024-04-02,Tuesday,4,Biryani,Dinner,250,160,433
2024-04-02,Tuesday,4,Fried Rice,Lunch,220,102,367
2024-04-02,Tuesday,4,Fried Rice,Dinner,220,117,352
2024-04-02,Tuesday,4,Noodles,Lunch,210,111,332
2024-04-02,Tuesday,4,Noodles,Dinner,210,125,384
2024-04-02,Tuesday,4,Ice Cream,Lunch,120,50,297
2024-04-02,Tuesday,4,Ice Cream,Dinner,120,63,217
2024-04-02,Tuesday,4,Coffee,Lunch,100,101,203
2024-04-02,Tuesday,4,Coffee,Dinner,100,140,421
2024-04-03,Wednesday,4,Pizza,Lunch,350,144,318
2024-04-03,Wednesday,4,Pizza,Dinner,350,160,202
2024-04-03,Wednesday,4,Burger,Lunch,200,98,272
2024-04-03,Wednesday,4,Burger,Dinner,200,133,292
2024-04-03,Wednesday,4,Pasta,Lunch,300,76,297
2024-04-03,Wednesday,4,Pasta,Dinner,300,86,424
2024-04-03,Wednesday,4,Sandwich,Lunch,180,75,412
2024-04-03,Wednesday,4,Sandwich,Dinner,180,74,213
2024-04-03,Wednesday,4,Salad,Lunch,150,75,426
2024-04-03,Wednesday,4,Salad,Dinner,150,77,440
2024-04-03,Wednesday,4,Biryani,Lunch,250,142,313
2024-04-03,Wednesday,4,Biryani,Dinner,250,166,278
2024-04-03,Wednesday,4,Fried Rice,Lunch,220,107,307
2024-04-03,Wednesday,4,Fried Rice,Dinner,220,135,411
2024-04-03,Wednesday,4,Noodles,Lunch,210,82,367
2024-04-03,Wednesday,4,Noodles,Dinner,210,120,222
2024-04-03,Wednesday,4,Ice Cream,Lunch,120,51,339
2024-04-03,Wednesday,4,Ice Cream,Dinner,120,66,217
2024-04-03,Wednesday,4,Coffee,Lunch,100,118,399
2024-04-03,Wednesday,4,Coffee,Dinner,100,141,493
2024-04-04,Thursday,4,Pizza,Lunch,350,145,342
2024-04-04,Thursday,4,Pizza,Dinner,350,152,253
2024-04-04,Thursday,4,Burger,Lunch,200,91,337
2024-04-04,Thursday,4,Burger,Dinner,200,140,398
2024-04-04,Thursday,4,Pasta,Lunch,300,89,485
2024-04-04,Thursday,4,Pasta,Dinner,300,85,500
2024-04-04,Thursday,4,Sandwich,Lunch,180,90,488
2024-04-04,Thursday,4,Sandwich,Dinner,180,103,406
2024-04-04,Thursday,4,Salad,Lunch,150,50,317
2024-04-04,Thursday,4,Salad,Dinner,150,50,218
2024-04-04,Thursday,4,Biryani,Lunch,250,146,221
2024-04-04,Thursday,4,Biryani,Dinner,250,173,255
2024-04-04,Thursday,4,Fried Rice,Lunch,220,108,345
2024-04-04,Thursday,4,Fried Rice,Dinner,220,129,237
2024-04-04,Thursday,4,Noodles,Lunch,210,103,458
2024-04-04,Thursday,4,Noodles,Dinner,210,108,313
2024-04-04,Thursday,4,Ice Cream,Lunch,120,58,431
2024-04-04,Thursday,4,Ice Cream,Dinner,120,88,338
2024-04-04,Thursday,4,Coffee,Lunch,100,113,211
2024-04-04,Thursday,4,Coffee,Dinner,100,156,491
2024-04-05,Friday,4,Pizza,Lunch,350,123,277
2024-04-05,Friday,4,Pizza,Dinner,350,156,221
2024-04-05,Friday,4,Burger,Lunch,200,97,350
2024-04-05,Friday,4,Burger,Dinner,200,114,441
2024-04-05,Friday,4,Pasta,Lunch,300,81,372
2024-04-05,Friday,4,Pasta,Dinner,300,120,223
2024-04-05,Friday,4,Sandwich,Lunch,180,88,445
2024-04-05,Friday,4,Sandwich,Dinner,180,91,318
2024-04-05,Friday,4,Salad,Lunch,150,69,495
2024-04-05,Friday,4,Salad,Dinner,150,64,399
2024-04-05,Friday,4,Biryani,Lunch,250,140,284
2024-04-05,Friday,4,Biryani,Dinner,250,164,289
2024-04-05,Friday,4,Fried Rice,Lunch,220,80,399
2024-04-05,Friday,4,Fried Rice,Dinner,220,129,416
2024-04-05,Friday,4,Noodles,Lunch,210,86,332
2024-04-05,Friday,4,Noodles,Dinner,210,110,263
2024-04-05,Friday,4,Ice Cream,Lunch,120,80,321
2024-04-05,Friday,4,Ice Cream,Dinner,120,70,423
2024-04-05,Friday,4,Coffee,Lunch,100,141,455
2024-04-05,Friday,4,Coffee,Dinner,100,129,441
2024-04-06,Saturday,4,Pizza,Lunch,350,200,387
2024-04-06,Saturday,4,Pizza,Dinner,350,230,268
2024-04-06,Saturday,4,Burger,Lunch,200,155,471
2024-04-06,Saturday,4,Burger,Dinner,200,191,413
2024-04-06,Saturday,4,Pasta,Lunch,300,114,274
2024-04-06,Saturday,4,Pasta,Dinner,300,149,490
2024-04-06,Saturday,4,Sandwich,Lunch,180,96,271
2024-04-06,Saturday,4,Sandwich,Dinner,180,145,441
2024-04-06,Saturday,4,Salad,Lunch,150,78,494
2024-04-06,Saturday,4,Salad,Dinner,150,111,280
2024-04-06,Saturday,4,Biryani,Lunch,250,213,450
2024-04-06,Saturday,4,Biryani,Dinner,250,238,371
2024-04-06,Saturday,4,Fried Rice,Lunch,220,151,244
2024-04-06,Saturday,4,Fried Rice,Dinner,220,175,252
2024-04-06,Saturday,4,Noodles,Lunch,210,127,492
2024-04-06,Saturday,4,Noodles,Dinner,210,140,466
2024-04-06,Saturday,4,Ice Cream,Lunch,120,76,207
2024-04-06,Saturday,4,Ice Cream,Dinner,120,115,311
2024-04-06,Saturday,4,Coffee,Lunch,100,154,490
2024-04-06,Saturday,4,Coffee,Dinner,100,222,215
2024-04-07,Sunday,4,Pizza,Lunch,350,193,275
2024-04-07,Sunday,4,Pizza,Dinner,350,205,300
2024-04-07,Sunday,4,Burger,Lunch,200,142,264
2024-04-07,Sunday,4,Burger,Dinner,200,191,209
2024-04-07,Sunday,4,Pasta,Lunch,300,104,262
2024-04-07,Sunday,4,Pasta,Dinner,300,156,441
2024-04-07,Sunday,4,Sandwich,Lunch,180,89,439
2024-04-07,Sunday,4,Sandwich,Dinner,180,137,220
2024-04-07,Sunday,4,Salad,Lunch,150,65,459
2024-04-07,Sunday,4,Salad,Dinner,150,106,433
2024-04-07,Sunday,4,Biryani,Lunch,250,184,393
2024-04-07,Sunday,4,Biryani,Dinner,250,248,205
2024-04-07,Sunday,4,Fried Rice,Lunch,220,146,433
2024-04-07,Sunday,4,Fried Rice,Dinner,220,177,396
2024-04-07,Sunday,4,Noodles,Lunch,210,120,477
2024-04-07,Sunday,4,Noodles,Dinner,210,147,497
2024-04-07,Sunday,4,Ice Cream,Lunch,120,97,425
2024-04-07,Sunday,4,Ice Cream,Dinner,120,109,365
2024-04-07,Sunday,4,Coffee,Lunch,100,178,493
2024-04-07,Sunday,4,Coffee,Dinner,100,200,377
2024-04-08,Monday,4,Pizza,Lunch,350,151,248
2024-04-08,Monday,4,Pizza,Dinner,350,150,274
2024-04-08,Monday,4,Burger,Lunch,200,90,382
2024-04-08,Monday,4,Burger,Dinner,200,124,259
2024-04-08,Monday,4,Pasta,Lunch,300,73,310
2024-04-08,Monday,4,Pasta,Dinner,300,113,359
2024-04-08,Monday,4,Sandwich,Lunch,180,70,303
2024-04-08,Monday,4,Sandwich,Dinner,180,104,464
2024-04-08,Monday,4,Salad,Lunch,150,71,438
2024-04-08,Monday,4,Salad,Dinner,150,70,470
2024-04-08,Monday,4,Biryani,Lunch,250,137,469
2024-04-08,Monday,4,Biryani,Dinner,250,168,381
2024-04-08,Monday,4,Fried Rice,Lunch,220,105,448
2024-04-08,Monday,4,Fried Rice,Dinner,220,127,299
2024-04-08,Monday,4,Noodles,Lunch,210,78,454
2024-04-08,Monday,4,Noodles,Dinner,210,92,216
2024-04-08,Monday,4,Ice Cream,Lunch,120,84,269
2024-04-08,Monday,4,Ice Cream,Dinner,120,74,314
2024-04-08,Monday,4,Coffee,Lunch,100,140,476
2024-04-08,Monday,4,Coffee,Dinner,100,143,325
2024-04-09,Tuesday,4,Pizza,Lunch,350,146,354
2024-04-09,Tuesday,4,Pizza,Dinner,350,171,351
2024-04-09,Tuesday,4,Burger,Lunch,200,120,475
2024-04-09,Tuesday,4,Burger,Dinner,200,112,216
2024-04-09,Tuesday,4,Pasta,Lunch,300,73,229
2024-04-09,Tuesday,4,Pasta,Dinner,300,113,348
2024-04-09,Tuesday,4,Sandwich,Lunch,180,87,317
2024-04-09,Tuesday,4,Sandwich,Dinner,180,102,331
2024-04-09,Tuesday,4,Salad,Lunch,150,47,374
2024-04-09,Tuesday,4,Salad,Dinner,150,68,491
2024-04-09,Tuesday,4,Biryani,Lunch,250,155,494
2024-04-09,Tuesday,4,Biryani,Dinner,250,167,222
2024-04-09,Tuesday,4,Fried Rice,Lunch,220,100,493
2024-04-09,Tuesday,4,Fried Rice,Dinner,220,126,424
2024-04-09,Tuesday,4,Noodles,Lunch,210,76,482
2024-04-09,Tuesday,4,Noodles,Dinner,210,121,284
2024-04-09,Tuesday,4,Ice Cream,Lunch,120,61,287
2024-04-09,Tuesday,4,Ice Cream,Dinner,120,64,220
2024-04-09,Tuesday,4,Coffee,Lunch,100,111,261
2024-04-09,Tuesday,4,Coffee,Dinner,100,132,331
2024-04-10,Wednesday,4,Pizza,Lunch,350,127,432
2024-04-10,Wednesday,4,Pizza,Dinner,350,159,472
2024-04-10,Wednesday,4,Burger,Lunch,200,121,292
2024-04-10,Wednesday,4,Burger,Dinner,200,125,324
2024-04-10,Wednesday,4,Pasta,Lunch,300,99,303
2024-04-10,Wednesday,4,Pasta,Dinner,300,95,474
2024-04-10,Wednesday,4,Sandwich,Lunch,180,79,366
2024-04-10,Wednesday,4,Sandwich,Dinner,180,83,484
2024-04-10,Wednesday,4,Salad,Lunch,150,57,245
2024-04-10,Wednesday,4,Salad,Dinner,150,82,392
2024-04-10,Wednesday,4,Biryani,Lunch,250,155,285
2024-04-10,Wednesday,4,Biryani,Dinner,250,160,444
2024-04-10,Wednesday,4,Fried Rice,Lunch,220,96,344
2024-04-10,Wednesday,4,Fried Rice,Dinner,220,112,411
2024-04-10,Wednesday,4,Noodles,Lunch,210,110,449
2024-04-10,Wednesday,4,Noodles,Dinner,210,121,362
2024-04-10,Wednesday,4,Ice Cream,Lunch,120,70,398
2024-04-10,Wednesday,4,Ice Cream,Dinner,120,68,361
2024-04-10,Wednesday,4,Coffee,Lunch,100,113,241
2024-04-10,Wednesday,4,Coffee,Dinner,100,165,241
2024-04-11,Thursday,4,Pizza,Lunch,350,149,454
2024-04-11,Thursday,4,Pizza,Dinner,350,171,356
2024-04-11,Thursday,4,Burger,Lunch,200,106,356
2024-04-11,Thursday,4,Burger,Dinner,200,123,472
2024-04-11,Thursday,4,Pasta,Lunch,300,90,373
2024-04-11,Thursday,4,Pasta,Dinner,300,93,233
2024-04-11,Thursday,4,Sandwich,Lunch,180,93,466
2024-04-11,Thursday,4,Sandwich,Dinner,180,77,365
2024-04-11,Thursday,4,Salad,Lunch,150,38,230
2024-04-11,Thursday,4,Salad,Dinner,150,58,253
2024-04-11,Thursday,4,Biryani,Lunch,250,157,313
2024-04-11,Thursday,4,Biryani,Dinner,250,159,476
2024-04-11,Thursday,4,Fried Rice,Lunch,220,80,273
2024-04-11,Thursday,4,Fried Rice,Dinner,220,127,408
2024-04-11,Thursday,4,Noodles,Lunch,210,107,479
2024-04-11,Thursday,4,Noodles,Dinner,210,110,443
2024-04-11,Thursday,4,Ice Cream,Lunch,120,75,428
2024-04-11,Thursday,4,Ice Cream,Dinner,120,59,255
2024-04-11,Thursday,4,Coffee,Lunch,100,141,261
2024-04-11,Thursday,4,Coffee,Dinner,100,157,430
2024-04-12,Friday,4,Pizza,Lunch,350,147,463
2024-04-12,Friday,4,Pizza,Dinner,350,154,345
2024-04-12,Friday,4,Burger,Lunch,200,97,372
2024-04-12,Friday,4,Burger,Dinner,200,141,290
2024-04-12,Friday,4,Pasta,Lunch,300,70,273
2024-04-12,Friday,4,Pasta,Dinner,300,122,321
2024-04-12,Friday,4,Sandwich,Lunch,180,81,429
2024-04-12,Friday,4,Sandwich,Dinner,180,111,272
2024-04-12,Friday,4,Salad,Lunch,150,70,328
2024-04-12,Friday,4,Salad,Dinner,150,79,362
2024-04-12,Friday,4,Biryani,Lunch,250,137,445
2024-04-12,Friday,4,Biryani,Dinner,250,170,315
2024-04-12,Friday,4,Fried Rice,Lunch,220,115,211
2024-04-12,Friday,4,Fried Rice,Dinner,220,102,235
2024-04-12,Friday,4,Noodles,Lunch,210,74,278
2024-04-12,Friday,4,Noodles,Dinner,210,127,281
2024-04-12,Friday,4,Ice Cream,Lunch,120,52,406
2024-04-12,Friday,4,Ice Cream,Dinner,120,83,410
2024-04-12,Friday,4,Coffee,Lunch,100,113,392
2024-04-12,Friday,4,Coffee,Dinner,100,160,431
2024-04-13,Saturday,4,Pizza,Lunch,350,177,339
2024-04-13,Saturday,4,Pizza,Dinner,350,208,221
2024-04-13,Saturday,4,Burger,Lunch,200,152,409
2024-04-13,Saturday,4,Burger,Dinner,200,168,233
2024-04-13,Saturday,4,Pasta,Lunch,300,133,248
2024-04-13,Saturday,4,Pasta,Dinner,300,127,421
2024-04-13,Saturday,4,Sandwich,Lunch,180,99,310
2024-04-13,Saturday,4,Sandwich,Dinner,180,137,381
2024-04-13,Saturday,4,Salad,Lunch,150,95,258
2024-04-13,Saturday,4,Salad,Dinner,150,86,217
2024-04-13,Saturday,4,Biryani,Lunch,250,195,274
2024-04-13,Saturday,4,Biryani,Dinner,250,248,271
2024-04-13,Saturday,4,Fried Rice,Lunch,220,118,252
2024-04-13,Saturday,4,Fried Rice,Dinner,220,184,334
2024-04-13,Saturday,4,Noodles,Lunch,210,146,311
2024-04-13,Saturday,4,Noodles,Dinner,210,138,240
2024-04-13,Saturday,4,Ice Cream,Lunch,120,100,289
2024-04-13,Saturday,4,Ice Cream,Dinner,120,113,451
2024-04-13,Saturday,4,Coffee,Lunch,100,165,406
2024-04-13,Saturday,4,Coffee,Dinner,100,213,367
2024-04-14,Sunday,4,Pizza,Lunch,350,175,298
2024-04-14,Sunday,4,Pizza,Dinner,350,227,403
2024-04-14,Sunday,4,Burger,Lunch,200,172,281
2024-04-14,Sunday,4,Burger,Dinner,200,171,433
2024-04-14,Sunday,4,Pasta,Lunch,300,129,375
2024-04-14,Sunday,4,Pasta,Dinner,300,155,217
2024-04-14,Sunday,4,Sandwich,Lunch,180,116,385
2024-04-14,Sunday,4,Sandwich,Dinner,180,137,446
2024-04-14,Sunday,4,Salad,Lunch,150,92,286
2024-04-14,Sunday,4,Salad,Dinner,150,97,461
2024-04-14,Sunday,4,Biryani,Lunch,250,202,274
2024-04-14,Sunday,4,Biryani,Dinner,250,243,419
2024-04-14,Sunday,4,Fried Rice,Lunch,220,152,316
2024-04-14,Sunday,4,Fried Rice,Dinner,220,177,274
2024-04-14,Sunday,4,Noodles,Lunch,210,134,491
2024-04-14,Sunday,4,Noodles,Dinner,210,170,295
2024-04-14,Sunday,4,Ice Cream,Lunch,120,75,487
2024-04-14,Sunday,4,Ice Cream,Dinner,120,115,384
2024-04-14,Sunday,4,Coffee,Lunch,100,189,237
2024-04-14,Sunday,4,Coffee,Dinner,100,196,391
2024-04-15,Monday,4,Pizza,Lunch,350,121,483
2024-04-15,Monday,4,Pizza,Dinner,350,171,499
2024-04-15,Monday,4,Burger,Lunch,200,101,381
2024-04-15,Monday,4,Burger,Dinner,200,130,318
2024-04-15,Monday,4,Pasta,Lunch,300,70,441
2024-04-15,Monday,4,Pasta,Dinner,300,110,499
2024-04-15,Monday,4,Sandwich,Lunch,180,79,467
2024-04-15,Monday,4,Sandwich,Dinner,180,112,286
2024-04-15,Monday,4,Salad,Lunch,150,62,469
2024-04-15,Monday,4,Salad,Dinner,150,86,434
2024-04-15,Monday,4,Biryani,Lunch,250,159,270
2024-04-15,Monday,4,Biryani,Dinner,250,152,472
2024-04-15,Monday,4,Fried Rice,Lunch,220,85,379
2024-04-15,Monday,4,Fried Rice,Dinner,220,104,303
2024-04-15,Monday,4,Noodles,Lunch,210,81,212
2024-04-15,Monday,4,Noodles,Dinner,210,113,454
2024-04-15,Monday,4,Ice Cream,Lunch,120,62,296
2024-04-15,Monday,4,Ice Cream,Dinner,120,82,316
2024-04-15,Monday,4,Coffee,Lunch,100,126,282
2024-04-15,Monday,4,Coffee,Dinner,100,165,494
2024-04-16,Tuesday,4,Pizza,Lunch,350,140,375
2024-04-16,Tuesday,4,Pizza,Dinner,350,157,337
2024-04-16,Tuesday,4,Burger,Lunch,200,103,346
2024-04-16,Tuesday,4,Burger,Dinner,200,120,482
2024-04-16,Tuesday,4,Pasta,Lunch,300,84,383
2024-04-16,Tuesday,4,Pasta,Dinner,300,125,239
2024-04-16,Tuesday,4,Sandwich,Lunch,180,79,340
2024-04-16,Tuesday,4,Sandwich,Dinner,180,77,402
2024-04-16,Tuesday,4,Salad,Lunch,150,72,313
2024-04-16,Tuesday,4,Salad,Dinner,150,48,202
2024-04-16,Tuesday,4,Biryani,Lunch,250,130,420
2024-04-16,Tuesday,4,Biryani,Dinner,250,169,250
2024-04-16,Tuesday,4,Fried Rice,Lunch,220,118,296
2024-04-16,Tuesday,4,Fried Rice,Dinner,220,119,336
2024-04-16,Tuesday,4,Noodles,Lunch,210,108,457
2024-04-16,Tuesday,4,Noodles,Dinner,210,132,489
2024-04-16,Tuesday,4,Ice Cream,Lunch,120,54,464
2024-04-16,Tuesday,4,Ice Cream,Dinner,120,60,436
2024-04-16,Tuesday,4,Coffee,Lunch,100,121,258
2024-04-16,Tuesday,4,Coffee,Dinner,100,144,449
2024-04-17,Wednesday,4,Pizza,Lunch,350,129,267
2024-04-17,Wednesday,4,Pizza,Dinner,350,148,285
2024-04-17,Wednesday,4,Burger,Lunch,200,94,213
2024-04-17,Wednesday,4,Burger,Dinner,200,121,465
2024-04-17,Wednesday,4,Pasta,Lunch,300,72,211
2024-04-17,Wednesday,4,Pasta,Dinner,300,93,265
2024-04-17,Wednesday,4,Sandwich,Lunch,180,94,450
2024-04-17,Wednesday,4,Sandwich,Dinner,180,88,279
2024-04-17,Wednesday,4,Salad,Lunch,150,62,489
2024-04-17,Wednesday,4,Salad,Dinner,150,57,201
2024-04-17,Wednesday,4,Biryani,Lunch,250,137,257
2024-04-17,Wednesday,4,Biryani,Dinner,250,177,338
2024-04-17,Wednesday,4,Fried Rice,Lunch,220,118,340
2024-04-17,Wednesday,4,Fried Rice,Dinner,220,128,348
2024-04-17,Wednesday,4,Noodles,Lunch,210,81,473
2024-04-17,Wednesday,4,Noodles,Dinner,210,128,204
2024-04-17,Wednesday,4,Ice Cream,Lunch,120,57,435
2024-04-17,Wednesday,4,Ice Cream,Dinner,120,60,338
2024-04-17,Wednesday,4,Coffee,Lunch,100,132,228
2024-04-17,Wednesday,4,Coffee,Dinner,100,162,473
2024-04-18,Thursday,4,Pizza,Lunch,350,145,224
2024-04-18,Thursday,4,Pizza,Dinner,350,148,447
2024-04-18,Thursday,4,Burger,Lunch,200,103,302
2024-04-18,Thursday,4,Burger,Dinner,200,117,360
2024-04-18,Thursday,4,Pasta,Lunch,300,100,234
2024-04-18,Thursday,4,Pasta,Dinner,300,114,391
2024-04-18,Thursday,4,Sandwich,Lunch,180,72,494
2024-04-18,Thursday,4,Sandwich,Dinner,180,111,358
2024-04-18,Thursday,4,Salad,Lunch,150,53,438
2024-04-18,Thursday,4,Salad,Dinner,150,69,489
2024-04-18,Thursday,4,Biryani,Lunch,250,135,424
2024-04-18,Thursday,4,Biryani,Dinner,250,158,434
2024-04-18,Thursday,4,Fried Rice,Lunch,220,96,332
2024-04-18,Thursday,4,Fried Rice,Dinner,220,133,234
2024-04-18,Thursday,4,Noodles,Lunch,210,95,208
2024-04-18,Thursday,4,Noodles,Dinner,210,102,404
2024-04-18,Thursday,4,Ice Cream,Lunch,120,46,441
2024-04-18,Thursday,4,Ice Cream,Dinner,120,99,471
2024-04-18,Thursday,4,Coffee,Lunch,100,116,467
2024-04-18,Thursday,4,Coffee,Dinner,100,146,327
2024-04-19,Friday,4,Pizza,Lunch,350,129,493
2024-04-19,Friday,4,Pizza,Dinner,350,164,236
2024-04-19,Friday,4,Burger,Lunch,200,111,487
2024-04-19,Friday,4,Burger,Dinner,200,134,290
2024-04-19,Friday,4,Pasta,Lunch,300,98,340
2024-04-19,Friday,4,Pasta,Dinner,300,107,484
2024-04-19,Friday,4,Sandwich,Lunch,180,77,282
2024-04-19,Friday,4,Sandwich,Dinner,180,110,250
2024-04-19,Friday,4,Salad,Lunch,150,47,364
2024-04-19,Friday,4,Salad,Dinner,150,56,295
2024-04-19,Friday,4,Biryani,Lunch,250,152,394
2024-04-19,Friday,4,Biryani,Dinner,250,157,345
2024-04-19,Friday,4,Fried Rice,Lunch,220,114,280
2024-04-19,Friday,4,Fried Rice,Dinner,220,126,241
2024-04-19,Friday,4,Noodles,Lunch,210,108,272
2024-04-19,Friday,4,Noodles,Dinner,210,128,484
2024-04-19,Friday,4,Ice Cream,Lunch,120,64,268
2024-04-19,Friday,4,Ice Cream,Dinner,120,63,381
2024-04-19,Friday,4,Coffee,Lunch,100,135,324
2024-04-19,Friday,4,Coffee,Dinner,100,136,327
2024-04-20,Saturday,4,Pizza,Lunch,350,189,346
2024-04-20,Saturday,4,Pizza,Dinner,350,205,275
2024-04-20,Saturday,4,Burger,Lunch,200,154,324
2024-04-20,Saturday,4,Burger,Dinner,200,204,295
2024-04-20,Saturday,4,Pasta,Lunch,300,123,468
2024-04-20,Saturday,4,Pasta,Dinner,300,162,407
2024-04-20,Saturday,4,Sandwich,Lunch,180,115,300
2024-04-20,Saturday,4,Sandwich,Dinner,180,128,436
2024-04-20,Saturday,4,Salad,Lunch,150,57,205
2024-04-20,Saturday,4,Salad,Dinner,150,96,230
2024-04-20,Saturday,4,Biryani,Lunch,250,219,231
2024-04-20,Saturday,4,Biryani,Dinner,250,229,359
2024-04-20,Saturday,4,Fried Rice,Lunch,220,118,299
2024-04-20,Saturday,4,Fried Rice,Dinner,220,174,479
2024-04-20,Saturday,4,Noodles,Lunch,210,150,344
2024-04-20,Saturday,4,Noodles,Dinner,210,151,345
2024-04-20,Saturday,4,Ice Cream,Lunch,120,89,342
2024-04-20,Saturday,4,Ice Cream,Dinner,120,93,378
2024-04-20,Saturday,4,Coffee,Lunch,100,152,354
2024-04-20,Saturday,4,Coffee,Dinner,100,218,325
2024-04-21,Sunday,4,Pizza,Lunch,350,167,290
2024-04-21,Sunday,4,Pizza,Dinner,350,221,484
2024-04-21,Sunday,4,Burger,Lunch,200,137,221
2024-04-21,Sunday,4,Burger,Dinner,200,165,378
2024-04-21,Sunday,4,Pasta,Lunch,300,142,490
2024-04-21,Sunday,4,Pasta,Dinner,300,163,299
2024-04-21,Sunday,4,Sandwich,Lunch,180,124,307
2024-04-21,Sunday,4,Sandwich,Dinner,180,131,289
2024-04-21,Sunday,4,Salad,Lunch,150,59,224
2024-04-21,Sunday,4,Salad,Dinner,150,98,299
2024-04-21,Sunday,4,Biryani,Lunch,250,210,323
2024-04-21,Sunday,4,Biryani,Dinner,250,220,432
2024-04-21,Sunday,4,Fried Rice,Lunch,220,157,300
2024-04-21,Sunday,4,Fried Rice,Dinner,220,148,385
2024-04-21,Sunday,4,Noodles,Lunch,210,144,491
2024-04-21,Sunday,4,Noodles,Dinner,210,162,441
2024-04-21,Sunday,4,Ice Cream,Lunch,120,83,239
2024-04-21,Sunday,4,Ice Cream,Dinner,120,103,413
2024-04-21,Sunday,4,Coffee,Lunch,100,161,279
2024-04-21,Sunday,4,Coffee,Dinner,100,193,208
2024-04-22,Monday,4,Pizza,Lunch,350,113,496
2024-04-22,Monday,4,Pizza,Dinner,350,150,234
2024-04-22,Monday,4,Burger,Lunch,200,101,224
2024-04-22,Monday,4,Burger,Dinner,200,144,341
2024-04-22,Monday,4,Pasta,Lunch,300,93,211
2024-04-22,Monday,4,Pasta,Dinner,300,100,367
2024-04-22,Monday,4,Sandwich,Lunch,180,93,319
2024-04-22,Monday,4,Sandwich,Dinner,180,86,235
2024-04-22,Monday,4,Salad,Lunch,150,51,380
2024-04-22,Monday,4,Salad,Dinner,150,82,340
2024-04-22,Monday,4,Biryani,Lunch,250,133,350
2024-04-22,Monday,4,Biryani,Dinner,250,157,446
2024-04-22,Monday,4,Fried Rice,Lunch,220,92,458
2024-04-22,Monday,4,Fried Rice,Dinner,220,133,402
2024-04-22,Monday,4,Noodles,Lunch,210,83,438
2024-04-22,Monday,4,Noodles,Dinner,210,109,436
2024-04-22,Monday,4,Ice Cream,Lunch,120,74,468
2024-04-22,Monday,4,Ice Cream,Dinner,120,68,244
2024-04-22,Monday,4,Coffee,Lunch,100,116,449
2024-04-22,Monday,4,Coffee,Dinner,100,144,233
2024-04-23,Tuesday,4,Pizza,Lunch,350,126,252
2024-04-23,Tuesday,4,Pizza,Dinner,350,155,239
2024-04-23,Tuesday,4,Burger,Lunch,200,120,449
2024-04-23,Tuesday,4,Burger,Dinner,200,135,480
2024-04-23,Tuesday,4,Pasta,Lunch,300,79,300
2024-04-23,Tuesday,4,Pasta,Dinner,300,87,245
2024-04-23,Tuesday,4,Sandwich,Lunch,180,70,359
2024-04-23,Tuesday,4,Sandwich,Dinner,180,95,494
2024-04-23,Tuesday,4,Salad,Lunch,150,63,289
2024-04-23,Tuesday,4,Salad,Dinner,150,65,213
2024-04-23,Tuesday,4,Biryani,Lunch,250,127,243
2024-04-23,Tuesday,4,Biryani,Dinner,250,178,255
2024-04-23,Tuesday,4,Fried Rice,Lunch,220,107,453
2024-04-23,Tuesday,4,Fried Rice,Dinner,220,100,242
2024-04-23,Tuesday,4,Noodles,Lunch,210,100,477
2024-04-23,Tuesday,4,Noodles,Dinner,210,117,270
2024-04-23,Tuesday,4,Ice Cream,Lunch,120,60,250
2024-04-23,Tuesday,4,Ice Cream,Dinner,120,69,271
2024-04-23,Tuesday,4,Coffee,Lunch,100,141,265
2024-04-23,Tuesday,4,Coffee,Dinner,100,164,294
2024-04-24,Wednesday,4,Pizza,Lunch,350,131,222
2024-04-24,Wednesday,4,Pizza,Dinner,350,178,229
2024-04-24,Wednesday,4,Burger,Lunch,200,97,483
2024-04-24,Wednesday,4,Burger,Dinner,200,137,470
2024-04-24,Wednesday,4,Pasta,Lunch,300,108,500
2024-04-24,Wednesday,4,Pasta,Dinner,300,116,298
2024-04-24,Wednesday,4,Sandwich,Lunch,180,76,223
2024-04-24,Wednesday,4,Sandwich,Dinner,180,94,439
2024-04-24,Wednesday,4,Salad,Lunch,150,54,499
2024-04-24,Wednesday,4,Salad,Dinner,150,75,371
2024-04-24,Wednesday,4,Biryani,Lunch,250,163,266
2024-04-24,Wednesday,4,Biryani,Dinner,250,156,400
2024-04-24,Wednesday,4,Fried Rice,Lunch,220,118,212
2024-04-24,Wednesday,4,Fried Rice,Dinner,220,102,484
2024-04-24,Wednesday,4,Noodles,Lunch,210,98,407
2024-04-24,Wednesday,4,Noodles,Dinner,210,125,373
2024-04-24,Wednesday,4,Ice Cream,Lunch,120,57,385
2024-04-24,Wednesday,4,Ice Cream,Dinner,120,65,347
2024-04-24,Wednesday,4,Coffee,Lunch,100,112,246
2024-04-24,Wednesday,4,Coffee,Dinner,100,146,395
2024-04-25,Thursday,4,Pizza,Lunch,350,136,286
2024-04-25,Thursday,4,Pizza,Dinner,350,159,429
2024-04-25,Thursday,4,Burger,Lunch,200,125,232
2024-04-25,Thursday,4,Burger,Dinner,200,135,480
2024-04-25,Thursday,4,Pasta,Lunch,300,88,325
2024-04-25,Thursday,4,Pasta,Dinner,300,91,276
2024-04-25,Thursday,4,Sandwich,Lunch,180,86,220
2024-04-25,Thursday,4,Sandwich,Dinner,180,103,359
2024-04-25,Thursday,4,Salad,Lunch,150,73,421
2024-04-25,Thursday,4,Salad,Dinner,150,82,308
2024-04-25,Thursday,4,Biryani,Lunch,250,136,399
2024-04-25,Thursday,4,Biryani,Dinner,250,175,223
2024-04-25,Thursday,4,Fried Rice,Lunch,220,103,387
2024-04-25,Thursday,4,Fried Rice,Dinner,220,101,482
2024-04-25,Thursday,4,Noodles,Lunch,210,78,243
2024-04-25,Thursday,4,Noodles,Dinner,210,96,384
2024-04-25,Thursday,4,Ice Cream,Lunch,120,73,334
2024-04-25,Thursday,4,Ice Cream,Dinner,120,65,235
2024-04-25,Thursday,4,Coffee,Lunch,100,102,297
2024-04-25,Thursday,4,Coffee,Dinner,100,164,382
2024-04-26,Friday,4,Pizza,Lunch,350,142,380
2024-04-26,Friday,4,Pizza,Dinner,350,171,452
2024-04-26,Friday,4,Burger,Lunch,200,107,482
2024-04-26,Friday,4,Burger,Dinner,200,134,262
2024-04-26,Friday,4,Pasta,Lunch,300,71,317
2024-04-26,Friday,4,Pasta,Dinner,300,111,285
2024-04-26,Friday,4,Sandwich,Lunch,180,89,451
2024-04-26,Friday,4,Sandwich,Dinner,180,79,257
2024-04-26,Friday,4,Salad,Lunch,150,60,440
2024-04-26,Friday,4,Salad,Dinner,150,68,489
2024-04-26,Friday,4,Biryani,Lunch,250,138,364
2024-04-26,Friday,4,Biryani,Dinner,250,185,384
2024-04-26,Friday,4,Fried Rice,Lunch,220,86,226
2024-04-26,Friday,4,Fried Rice,Dinner,220,131,402
2024-04-26,Friday,4,Noodles,Lunch,210,80,437
2024-04-26,Friday,4,Noodles,Dinner,210,128,283
2024-04-26,Friday,4,Ice Cream,Lunch,120,63,320
2024-04-26,Friday,4,Ice Cream,Dinner,120,93,343
2024-04-26,Friday,4,Coffee,Lunch,100,141,297
2024-04-26,Friday,4,Coffee,Dinner,100,129,235
2024-04-27,Saturday,4,Pizza,Lunch,350,193,356
2024-04-27,Saturday,4,Pizza,Dinner,350,209,325
2024-04-27,Saturday,4,Burger,Lunch,200,157,409
2024-04-27,Saturday,4,Burger,Dinner,200,173,224
2024-04-27,Saturday,4,Pasta,Lunch,300,112,431
2024-04-27,Saturday,4,Pasta,Dinner,300,158,292
2024-04-27,Saturday,4,Sandwich,Lunch,180,106,480
2024-04-27,Saturday,4,Sandwich,Dinner,180,142,418
2024-04-27,Saturday,4,Salad,Lunch,150,84,232
2024-04-27,Saturday,4,Salad,Dinner,150,109,239
2024-04-27,Saturday,4,Biryani,Lunch,250,218,392
2024-04-27,Saturday,4,Biryani,Dinner,250,232,399
2024-04-27,Saturday,4,Fried Rice,Lunch,220,128,361
2024-04-27,Saturday,4,Fried Rice,Dinner,220,158,228
2024-04-27,Saturday,4,Noodles,Lunch,210,113,445
2024-04-27,Saturday,4,Noodles,Dinner,210,142,245
2024-04-27,Saturday,4,Ice Cream,Lunch,120,82,342
2024-04-27,Saturday,4,Ice Cream,Dinner,120,108,310
2024-04-27,Saturday,4,Coffee,Lunch,100,151,359
2024-04-27,Saturday,4,Coffee,Dinner,100,222,283
2024-04-28,Sunday,4,Pizza,Lunch,350,172,456
2024-04-28,Sunday,4,Pizza,Dinner,350,202,299
2024-04-28,Sunday,4,Burger,Lunch,200,140,265
2024-04-28,Sunday,4,Burger,Dinner,200,165,272
2024-04-28,Sunday,4,Pasta,Lunch,300,123,437
2024-04-28,Sunday,4,Pasta,Dinner,300,136,243
2024-04-28,Sunday,4,Sandwich,Lunch,180,104,380
2024-04-28,Sunday,4,Sandwich,Dinner,180,116,398
2024-04-28,Sunday,4,Salad,Lunch,150,60,371
2024-04-28,Sunday,4,Salad,Dinner,150,90,219
2024-04-28,Sunday,4,Biryani,Lunch,250,188,362
2024-04-28,Sunday,4,Biryani,Dinner,250,232,442
2024-04-28,Sunday,4,Fried Rice,Lunch,220,142,390
2024-04-28,Sunday,4,Fried Rice,Dinner,220,161,206
2024-04-28,Sunday,4,Noodles,Lunch,210,127,335
2024-04-28,Sunday,4,Noodles,Dinner,210,172,341
2024-04-28,Sunday,4,Ice Cream,Lunch,120,108,248
2024-04-28,Sunday,4,Ice Cream,Dinner,120,113,313
2024-04-28,Sunday,4,Coffee,Lunch,100,151,351
2024-04-28,Sunday,4,Coffee,Dinner,100,196,290
2024-04-29,Monday,4,Pizza,Lunch,350,118,403
2024-04-29,Monday,4,Pizza,Dinner,350,155,344
2024-04-29,Monday,4,Burger,Lunch,200,115,302
2024-04-29,Monday,4,Burger,Dinner,200,117,467
2024-04-29,Monday,4,Pasta,Lunch,300,82,429
2024-04-29,Monday,4,Pasta,Dinner,300,122,344
2024-04-29,Monday,4,Sandwich,Lunch,180,95,402
2024-04-29,Monday,4,Sandwich,Dinner,180,73,343
2024-04-29,Monday,4,Salad,Lunch,150,47,346
2024-04-29,Monday,4,Salad,Dinner,150,60,368
2024-04-29,Monday,4,Biryani,Lunch,250,144,428
2024-04-29,Monday,4,Biryani,Dinner,250,189,268
2024-04-29,Monday,4,Fried Rice,Lunch,220,82,220
2024-04-29,Monday,4,Fried Rice,Dinner,220,132,339
2024-04-29,Monday,4,Noodles,Lunch,210,79,354
2024-04-29,Monday,4,Noodles,Dinner,210,106,404
2024-04-29,Monday,4,Ice Cream,Lunch,120,78,249
2024-04-29,Monday,4,Ice Cream,Dinner,120,71,311
2024-04-29,Monday,4,Coffee,Lunch,100,116,416
2024-04-29,Monday,4,Coffee,Dinner,100,143,422
2024-04-30,Tuesday,4,Pizza,Lunch,350,130,251
2024-04-30,Tuesday,4,Pizza,Dinner,350,171,376
2024-04-30,Tuesday,4,Burger,Lunch,200,93,265
2024-04-30,Tuesday,4,Burger,Dinner,200,136,499
2024-04-30,Tuesday,4,Pasta,Lunch,300,79,406
2024-04-30,Tuesday,4,Pasta,Dinner,300,119,414
2024-04-30,Tuesday,4,Sandwich,Lunch,180,79,318
2024-04-30,Tuesday,4,Sandwich,Dinner,180,90,430
2024-04-30,Tuesday,4,Salad,Lunch,150,39,265
2024-04-30,Tuesday,4,Salad,Dinner,150,64,409
2024-04-30,Tuesday,4,Biryani,Lunch,250,145,207
2024-04-30,Tuesday,4,Biryani,Dinner,250,170,369
2024-04-30,Tuesday,4,Fried Rice,Lunch,220,93,491
2024-04-30,Tuesday,4,Fried Rice,Dinner,220,100,293
2024-04-30,Tuesday,4,Noodles,Lunch,210,78,217
2024-04-30,Tuesday,4,Noodles,Dinner,210,103,259
2024-04-30,Tuesday,4,Ice Cream,Lunch,120,66,422
2024-04-30,Tuesday,4,Ice Cream,Dinner,120,75,227
2024-04-30,Tuesday,4,Coffee,Lunch,100,113,256
2024-04-30,Tuesday,4,Coffee,Dinner,100,147,361
2024-05-01,Wednesday,5,Pizza,Lunch,350,137,481
2024-05-01,Wednesday,5,Pizza,Dinner,350,147,444
2024-05-01,Wednesday,5,Burger,Lunch,200,110,294
2024-05-01,Wednesday,5,Burger,Dinner,200,131,453
2024-05-01,Wednesday,5,Pasta,Lunch,300,94,227
2024-05-01,Wednesday,5,Pasta,Dinner,300,124,239
2024-05-01,Wednesday,5,Sandwich,Lunch,180,67,215
2024-05-01,Wednesday,5,Sandwich,Dinner,180,75,393
2024-05-01,Wednesday,5,Salad,Lunch,150,55,338
2024-05-01,Wednesday,5,Salad,Dinner,150,57,309
2024-05-01,Wednesday,5,Biryani,Lunch,250,136,448
2024-05-01,Wednesday,5,Biryani,Dinner,250,186,418
2024-05-01,Wednesday,5,Fried Rice,Lunch,220,101,394
2024-05-01,Wednesday,5,Fried Rice,Dinner,220,126,256
2024-05-01,Wednesday,5,Noodles,Lunch,210,91,218
2024-05-01,Wednesday,5,Noodles,Dinner,210,103,497
2024-05-01,Wednesday,5,Ice Cream,Lunch,120,54,435
2024-05-01,Wednesday,5,Ice Cream,Dinner,120,68,263
2024-05-01,Wednesday,5,Coffee,Lunch,100,125,230
2024-05-01,Wednesday,5,Coffee,Dinner,100,156,319
2024-05-02,Thursday,5,Pizza,Lunch,350,137,462
2024-05-02,Thursday,5,Pizza,Dinner,350,162,478
2024-05-02,Thursday,5,Burger,Lunch,200,107,318
2024-05-02,Thursday,5,Burger,Dinner,200,114,366
2024-05-02,Thursday,5,Pasta,Lunch,300,73,308
2024-05-02,Thursday,5,Pasta,Dinner,300,121,250
2024-05-02,Thursday,5,Sandwich,Lunch,180,89,373
2024-05-02,Thursday,5,Sandwich,Dinner,180,86,330
2024-05-02,Thursday,5,Salad,Lunch,150,43,358
2024-05-02,Thursday,5,Salad,Dinner,150,59,288
2024-05-02,Thursday,5,Biryani,Lunch,250,131,234
2024-05-02,Thursday,5,Biryani,Dinner,250,181,356
2024-05-02,Thursday,5,Fried Rice,Lunch,220,106,403
2024-05-02,Thursday,5,Fried Rice,Dinner,220,117,281
2024-05-02,Thursday,5,Noodles,Lunch,210,101,226
2024-05-02,Thursday,5,Noodles,Dinner,210,94,280
2024-05-02,Thursday,5,Ice Cream,Lunch,120,83,455
2024-05-02,Thursday,5,Ice Cream,Dinner,120,59,386
2024-05-02,Thursday,5,Coffee,Lunch,100,124,439
2024-05-02,Thursday,5,Coffee,Dinner,100,154,493
2024-05-03,Friday,5,Pizza,Lunch,350,140,352
2024-05-03,Friday,5,Pizza,Dinner,350,156,413
2024-05-03,Friday,5,Burger,Lunch,200,92,243
2024-05-03,Friday,5,Burger,Dinner,200,130,359
2024-05-03,Friday,5,Pasta,Lunch,300,99,223
2024-05-03,Friday,5,Pasta,Dinner,300,98,406
2024-05-03,Friday,5,Sandwich,Lunch,180,89,401
2024-05-03,Friday,5,Sandwich,Dinner,180,72,405
2024-05-03,Friday,5,Salad,Lunch,150,57,208
2024-05-03,Friday,5,Salad,Dinner,150,64,412
2024-05-03,Friday,5,Biryani,Lunch,250,137,395
2024-05-03,Friday,5,Biryani,Dinner,250,171,278
2024-05-03,Friday,5,Fried Rice,Lunch,220,105,333
2024-05-03,Friday,5,Fried Rice,Dinner,220,125,417
2024-05-03,Friday,5,Noodles,Lunch,210,75,291
2024-05-03,Friday,5,Noodles,Dinner,210,112,362
2024-05-03,Friday,5,Ice Cream,Lunch,120,78,404
2024-05-03,Friday,5,Ice Cream,Dinner,120,69,397
2024-05-03,Friday,5,Coffee,Lunch,100,139,321
2024-05-03,Friday,5,Coffee,Dinner,100,141,480
2024-05-04,Saturday,5,Pizza,Lunch,350,191,367
2024-05-04,Saturday,5,Pizza,Dinner,350,237,391
2024-05-04,Saturday,5,Burger,Lunch,200,158,337
2024-05-04,Saturday,5,Burger,Dinner,200,195,312
2024-05-04,Saturday,5,Pasta,Lunch,300,107,325
2024-05-04,Saturday,5,Pasta,Dinner,300,146,470
2024-05-04,Saturday,5,Sandwich,Lunch,180,104,362
2024-05-04,Saturday,5,Sandwich,Dinner,180,114,224
2024-05-04,Saturday,5,Salad,Lunch,150,78,219
2024-05-04,Saturday,5,Salad,Dinner,150,80,206
2024-05-04,Saturday,5,Biryani,Lunch,250,186,476
2024-05-04,Saturday,5,Biryani,Dinner,250,232,428
2024-05-04,Saturday,5,Fried Rice,Lunch,220,148,290
2024-05-04,Saturday,5,Fried Rice,Dinner,220,175,485
2024-05-04,Saturday,5,Noodles,Lunch,210,121,250
2024-05-04,Saturday,5,Noodles,Dinner,210,144,376
2024-05-04,Saturday,5,Ice Cream,Lunch,120,79,418
2024-05-04,Saturday,5,Ice Cream,Dinner,120,106,359
2024-05-04,Saturday,5,Coffee,Lunch,100,172,341
2024-05-04,Saturday,5,Coffee,Dinner,100,194,489
2024-05-05,Sunday,5,Pizza,Lunch,350,204,240
2024-05-05,Sunday,5,Pizza,Dinner,350,211,219
2024-05-05,Sunday,5,Burger,Lunch,200,146,213
2024-05-05,Sunday,5,Burger,Dinner,200,169,299
2024-05-05,Sunday,5,Pasta,Lunch,300,127,486
2024-05-05,Sunday,5,Pasta,Dinner,300,157,410
2024-05-05,Sunday,5,Sandwich,Lunch,180,104,387
2024-05-05,Sunday,5,Sandwich,Dinner,180,114,447
2024-05-05,Sunday,5,Salad,Lunch,150,72,303
2024-05-05,Sunday,5,Salad,Dinner,150,76,412
2024-05-05,Sunday,5,Biryani,Lunch,250,211,292
2024-05-05,Sunday,5,Biryani,Dinner,250,246,392
2024-05-05,Sunday,5,Fried Rice,Lunch,220,153,418
2024-05-05,Sunday,5,Fried Rice,Dinner,220,146,294
2024-05-05,Sunday,5,Noodles,Lunch,210,134,316
2024-05-05,Sunday,5,Noodles,Dinner,210,153,272
2024-05-05,Sunday,5,Ice Cream,Lunch,120,77,331
2024-05-05,Sunday,5,Ice Cream,Dinner,120,90,226
2024-05-05,Sunday,5,Coffee,Lunch,100,173,248
2024-05-05,Sunday,5,Coffee,Dinner,100,188,434
2024-05-06,Monday,5,Pizza,Lunch,350,133,443
2024-05-06,Monday,5,Pizza,Dinner,350,173,392
2024-05-06,Monday,5,Burger,Lunch,200,106,236
2024-05-06,Monday,5,Burger,Dinner,200,122,418
2024-05-06,Monday,5,Pasta,Lunch,300,104,367
2024-05-06,Monday,5,Pasta,Dinner,300,104,425
2024-05-06,Monday,5,Sandwich,Lunch,180,90,375
2024-05-06,Monday,5,Sandwich,Dinner,180,87,229
2024-05-06,Monday,5,Salad,Lunch,150,37,359
2024-05-06,Monday,5,Salad,Dinner,150,52,292
2024-05-06,Monday,5,Biryani,Lunch,250,154,371
2024-05-06,Monday,5,Biryani,Dinner,250,186,399
2024-05-06,Monday,5,Fried Rice,Lunch,220,107,358
2024-05-06,Monday,5,Fried Rice,Dinner,220,119,262
2024-05-06,Monday,5,Noodles,Lunch,210,106,414
2024-05-06,Monday,5,Noodles,Dinner,210,106,287
2024-05-06,Monday,5,Ice Cream,Lunch,120,59,415
2024-05-06,Monday,5,Ice Cream,Dinner,120,95,357
2024-05-06,Monday,5,Coffee,Lunch,100,104,234
2024-05-06,Monday,5,Coffee,Dinner,100,139,407
2024-05-07,Tuesday,5,Pizza,Lunch,350,150,482
2024-05-07,Tuesday,5,Pizza,Dinner,350,151,389
2024-05-07,Tuesday,5,Burger,Lunch,200,130,237
2024-05-07,Tuesday,5,Burger,Dinner,200,125,211
2024-05-07,Tuesday,5,Pasta,Lunch,300,72,396
2024-05-07,Tuesday,5,Pasta,Dinner,300,124,424
2024-05-07,Tuesday,5,Sandwich,Lunch,180,97,452
2024-05-07,Tuesday,5,Sandwich,Dinner,180,90,406
2024-05-07,Tuesday,5,Salad,Lunch,150,47,481
2024-05-07,Tuesday,5,Salad,Dinner,150,84,415
2024-05-07,Tuesday,5,Biryani,Lunch,250,137,412
2024-05-07,Tuesday,5,Biryani,Dinner,250,183,263
2024-05-07,Tuesday,5,Fried Rice,Lunch,220,116,450
2024-05-07,Tuesday,5,Fried Rice,Dinner,220,130,401
2024-05-07,Tuesday,5,Noodles,Lunch,210,77,405
2024-05-07,Tuesday,5,Noodles,Dinner,210,105,409
2024-05-07,Tuesday,5,Ice Cream,Lunch,120,56,277
2024-05-07,Tuesday,5,Ice Cream,Dinner,120,87,263
2024-05-07,Tuesday,5,Coffee,Lunch,100,122,340
2024-05-07,Tuesday,5,Coffee,Dinner,100,160,412
2024-05-08,Wednesday,5,Pizza,Lunch,350,149,465
2024-05-08,Wednesday,5,Pizza,Dinner,350,170,228
2024-05-08,Wednesday,5,Burger,Lunch,200,122,440
2024-05-08,Wednesday,5,Burger,Dinner,200,141,479
2024-05-08,Wednesday,5,Pasta,Lunch,300,99,345
2024-05-08,Wednesday,5,Pasta,Dinner,300,102,333
2024-05-08,Wednesday,5,Sandwich,Lunch,180,57,469
2024-05-08,Wednesday,5,Sandwich,Dinner,180,88,217
2024-05-08,Wednesday,5,Salad,Lunch,150,49,467
2024-05-08,Wednesday,5,Salad,Dinner,150,62,480
2024-05-08,Wednesday,5,Biryani,Lunch,250,149,486
2024-05-08,Wednesday,5,Biryani,Dinner,250,180,206
2024-05-08,Wednesday,5,Fried Rice,Lunch,220,97,449
2024-05-08,Wednesday,5,Fried Rice,Dinner,220,135,200
2024-05-08,Wednesday,5,Noodles,Lunch,210,113,433
2024-05-08,Wednesday,5,Noodles,Dinner,210,94,372
2024-05-08,Wednesday,5,Ice Cream,Lunch,120,74,479
2024-05-08,Wednesday,5,Ice Cream,Dinner,120,98,418
2024-05-08,Wednesday,5,Coffee,Lunch,100,124,432
2024-05-08,Wednesday,5,Coffee,Dinner,100,129,315
2024-05-09,Thursday,5,Pizza,Lunch,350,120,233
2024-05-09,Thursday,5,Pizza,Dinner,350,170,233
2024-05-09,Thursday,5,Burger,Lunch,200,102,237
2024-05-09,Thursday,5,Burger,Dinner,200,112,233
2024-05-09,Thursday,5,Pasta,Lunch,300,108,366
2024-05-09,Thursday,5,Pasta,Dinner,300,92,320
2024-05-09,Thursday,5,Sandwich,Lunch,180,90,443
2024-05-09,Thursday,5,Sandwich,Dinner,180,81,314
2024-05-09,Thursday,5,Salad,Lunch,150,66,323
2024-05-09,Thursday,5,Salad,Dinner,150,53,427
2024-05-09,Thursday,5,Biryani,Lunch,250,125,356
2024-05-09,Thursday,5,Biryani,Dinner,250,172,498
2024-05-09,Thursday,5,Fried Rice,Lunch,220,104,357
2024-05-09,Thursday,5,Fried Rice,Dinner,220,124,402
2024-05-09,Thursday,5,Noodles,Lunch,210,81,407
2024-05-09,Thursday,5,Noodles,Dinner,210,120,259
2024-05-09,Thursday,5,Ice Cream,Lunch,120,50,302
2024-05-09,Thursday,5,Ice Cream,Dinner,120,91,393
2024-05-09,Thursday,5,Coffee,Lunch,100,123,264
2024-05-09,Thursday,5,Coffee,Dinner,100,163,266
2024-05-10,Friday,5,Pizza,Lunch,350,118,241
2024-05-10,Friday,5,Pizza,Dinner,350,178,438
2024-05-10,Friday,5,Burger,Lunch,200,91,297
2024-05-10,Friday,5,Burger,Dinner,200,120,471
2024-05-10,Friday,5,Pasta,Lunch,300,96,458
2024-05-10,Friday,5,Pasta,Dinner,300,92,248
2024-05-10,Friday,5,Sandwich,Lunch,180,59,223
2024-05-10,Friday,5,Sandwich,Dinner,180,73,335
2024-05-10,Friday,5,Salad,Lunch,150,64,255
2024-05-10,Friday,5,Salad,Dinner,150,49,273
2024-05-10,Friday,5,Biryani,Lunch,250,143,396
2024-05-10,Friday,5,Biryani,Dinner,250,183,326
2024-05-10,Friday,5,Fried Rice,Lunch,220,119,465
2024-05-10,Friday,5,Fried Rice,Dinner,220,101,357
2024-05-10,Friday,5,Noodles,Lunch,210,110,241
2024-05-10,Friday,5,Noodles,Dinner,210,92,472
2024-05-10,Friday,5,Ice Cream,Lunch,120,74,249
2024-05-10,Friday,5,Ice Cream,Dinner,120,96,389
2024-05-10,Friday,5,Coffee,Lunch,100,104,338
2024-05-10,Friday,5,Coffee,Dinner,100,137,470
2024-05-11,Saturday,5,Pizza,Lunch,350,184,480
2024-05-11,Saturday,5,Pizza,Dinner,350,234,217
2024-05-11,Saturday,5,Burger,Lunch,200,137,409
2024-05-11,Saturday,5,Burger,Dinner,200,198,371
2024-05-11,Saturday,5,Pasta,Lunch,300,111,239
2024-05-11,Saturday,5,Pasta,Dinner,300,157,369
2024-05-11,Saturday,5,Sandwich,Lunch,180,104,500
2024-05-11,Saturday,5,Sandwich,Dinner,180,149,436
2024-05-11,Saturday,5,Salad,Lunch,150,80,477
2024-05-11,Saturday,5,Salad,Dinner,150,91,277
2024-05-11,Saturday,5,Biryani,Lunch,250,197,310
2024-05-11,Saturday,5,Biryani,Dinner,250,246,471
2024-05-11,Saturday,5,Fried Rice,Lunch,220,147,394
2024-05-11,Saturday,5,Fried Rice,Dinner,220,173,343
2024-05-11,Saturday,5,Noodles,Lunch,210,124,436
2024-05-11,Saturday,5,Noodles,Dinner,210,170,444
2024-05-11,Saturday,5,Ice Cream,Lunch,120,94,459
2024-05-11,Saturday,5,Ice Cream,Dinner,120,117,472
2024-05-11,Saturday,5,Coffee,Lunch,100,178,394
2024-05-11,Saturday,5,Coffee,Dinner,100,192,463
2024-05-12,Sunday,5,Pizza,Lunch,350,169,462
2024-05-12,Sunday,5,Pizza,Dinner,350,236,439
2024-05-12,Sunday,5,Burger,Lunch,200,163,294
2024-05-12,Sunday,5,Burger,Dinner,200,204,420
2024-05-12,Sunday,5,Pasta,Lunch,300,118,414
2024-05-12,Sunday,5,Pasta,Dinner,300,136,230
2024-05-12,Sunday,5,Sandwich,Lunch,180,99,287
2024-05-12,Sunday,5,Sandwich,Dinner,180,130,452
2024-05-12,Sunday,5,Salad,Lunch,150,67,276
2024-05-12,Sunday,5,Salad,Dinner,150,109,405
2024-05-12,Sunday,5,Biryani,Lunch,250,219,441
2024-05-12,Sunday,5,Biryani,Dinner,250,239,296
2024-05-12,Sunday,5,Fried Rice,Lunch,220,153,304
2024-05-12,Sunday,5,Fried Rice,Dinner,220,170,468
2024-05-12,Sunday,5,Noodles,Lunch,210,129,434
2024-05-12,Sunday,5,Noodles,Dinner,210,161,429
2024-05-12,Sunday,5,Ice Cream,Lunch,120,107,214
2024-05-12,Sunday,5,Ice Cream,Dinner,120,109,377
2024-05-12,Sunday,5,Coffee,Lunch,100,183,411
2024-05-12,Sunday,5,Coffee,Dinner,100,202,433
2024-05-13,Monday,5,Pizza,Lunch,350,132,286
2024-05-13,Monday,5,Pizza,Dinner,350,177,273
2024-05-13,Monday,5,Burger,Lunch,200,99,356
2024-05-13,Monday,5,Burger,Dinner,200,146,221
2024-05-13,Monday,5,Pasta,Lunch,300,82,290
2024-05-13,Monday,5,Pasta,Dinner,300,88,332
2024-05-13,Monday,5,Sandwich,Lunch,180,63,220
2024-05-13,Monday,5,Sandwich,Dinner,180,86,326
2024-05-13,Monday,5,Salad,Lunch,150,46,259
2024-05-13,Monday,5,Salad,Dinner,150,74,489
2024-05-13,Monday,5,Biryani,Lunch,250,125,390
2024-05-13,Monday,5,Biryani,Dinner,250,154,227
2024-05-13,Monday,5,Fried Rice,Lunch,220,84,350
2024-05-13,Monday,5,Fried Rice,Dinner,220,108,281
2024-05-13,Monday,5,Noodles,Lunch,210,87,482
2024-05-13,Monday,5,Noodles,Dinner,210,92,273
2024-05-13,Monday,5,Ice Cream,Lunch,120,48,478
2024-05-13,Monday,5,Ice Cream,Dinner,120,85,382
2024-05-13,Monday,5,Coffee,Lunch,100,124,462
2024-05-13,Monday,5,Coffee,Dinner,100,162,474
2024-05-14,Tuesday,5,Pizza,Lunch,350,115,422
2024-05-14,Tuesday,5,Pizza,Dinner,350,158,312
2024-05-14,Tuesday,5,Burger,Lunch,200,108,489
2024-05-14,Tuesday,5,Burger,Dinner,200,152,371
2024-05-14,Tuesday,5,Pasta,Lunch,300,76,464
2024-05-14,Tuesday,5,Pasta,Dinner,300,104,456
2024-05-14,Tuesday,5,Sandwich,Lunch,180,83,390
2024-05-14,Tuesday,5,Sandwich,Dinner,180,91,261
2024-05-14,Tuesday,5,Salad,Lunch,150,58,344
2024-05-14,Tuesday,5,Salad,Dinner,150,47,324
2024-05-14,Tuesday,5,Biryani,Lunch,250,132,271
2024-05-14,Tuesday,5,Biryani,Dinner,250,179,384
2024-05-14,Tuesday,5,Fried Rice,Lunch,220,113,438
2024-05-14,Tuesday,5,Fried Rice,Dinner,220,138,287
2024-05-14,Tuesday,5,Noodles,Lunch,210,94,373
2024-05-14,Tuesday,5,Noodles,Dinner,210,95,399
2024-05-14,Tuesday,5,Ice Cream,Lunch,120,79,357
2024-05-14,Tuesday,5,Ice Cream,Dinner,120,70,271
2024-05-14,Tuesday,5,Coffee,Lunch,100,139,321
2024-05-14,Tuesday,5,Coffee,Dinner,100,143,226
2024-05-15,Wednesday,5,Pizza,Lunch,350,132,352
2024-05-15,Wednesday,5,Pizza,Dinner,350,148,247
2024-05-15,Wednesday,5,Burger,Lunch,200,119,266
2024-05-15,Wednesday,5,Burger,Dinner,200,123,332
2024-05-15,Wednesday,5,Pasta,Lunch,300,80,464
2024-05-15,Wednesday,5,Pasta,Dinner,300,86,477
2024-05-15,Wednesday,5,Sandwich,Lunch,180,69,365
2024-05-15,Wednesday,5,Sandwich,Dinner,180,85,258
2024-05-15,Wednesday,5,Salad,Lunch,150,35,284
2024-05-15,Wednesday,5,Salad,Dinner,150,81,298
2024-05-15,Wednesday,5,Biryani,Lunch,250,162,458
2024-05-15,Wednesday,5,Biryani,Dinner,250,173,336
2024-05-15,Wednesday,5,Fried Rice,Lunch,220,85,250
2024-05-15,Wednesday,5,Fried Rice,Dinner,220,115,307
2024-05-15,Wednesday,5,Noodles,Lunch,210,74,264
2024-05-15,Wednesday,5,Noodles,Dinner,210,125,296
2024-05-15,Wednesday,5,Ice Cream,Lunch,120,64,475
2024-05-15,Wednesday,5,Ice Cream,Dinner,120,95,282
2024-05-15,Wednesday,5,Coffee,Lunch,100,116,404
2024-05-15,Wednesday,5,Coffee,Dinner,100,136,435
2024-05-16,Thursday,5,Pizza,Lunch,350,136,438
2024-05-16,Thursday,5,Pizza,Dinner,350,141,421
2024-05-16,Thursday,5,Burger,Lunch,200,100,289
2024-05-16,Thursday,5,Burger,Dinner,200,141,221
2024-05-16,Thursday,5,Pasta,Lunch,300,71,410
2024-05-16,Thursday,5,Pasta,Dinner,300,122,267
2024-05-16,Thursday,5,Sandwich,Lunch,180,90,231
2024-05-16,Thursday,5,Sandwich,Dinner,180,77,313
2024-05-16,Thursday,5,Salad,Lunch,150,61,290
2024-05-16,Thursday,5,Salad,Dinner,150,82,203
2024-05-16,Thursday,5,Biryani,Lunch,250,138,317
2024-05-16,Thursday,5,Biryani,Dinner,250,175,312
2024-05-16,Thursday,5,Fried Rice,Lunch,220,91,407
2024-05-16,Thursday,5,Fried Rice,Dinner,220,108,326
2024-05-16,Thursday,5,Noodles,Lunch,210,109,436
2024-05-16,Thursday,5,Noodles,Dinner,210,113,447
2024-05-16,Thursday,5,Ice Cream,Lunch,120,73,248
2024-05-16,Thursday,5,Ice Cream,Dinner,120,82,349
2024-05-16,Thursday,5,Coffee,Lunch,100,126,242
2024-05-16,Thursday,5,Coffee,Dinner,100,136,339
2024-05-17,Friday,5,Pizza,Lunch,350,126,245
2024-05-17,Friday,5,Pizza,Dinner,350,155,206
2024-05-17,Friday,5,Burger,Lunch,200,112,361
2024-05-17,Friday,5,Burger,Dinner,200,133,483
2024-05-17,Friday,5,Pasta,Lunch,300,82,208
2024-05-17,Friday,5,Pasta,Dinner,300,100,270
2024-05-17,Friday,5,Sandwich,Lunch,180,74,202
2024-05-17,Friday,5,Sandwich,Dinner,180,90,442
2024-05-17,Friday,5,Salad,Lunch,150,61,370
2024-05-17,Friday,5,Salad,Dinner,150,71,489
2024-05-17,Friday,5,Biryani,Lunch,250,154,399
2024-05-17,Friday,5,Biryani,Dinner,250,158,214
2024-05-17,Friday,5,Fried Rice,Lunch,220,109,425
2024-05-17,Friday,5,Fried Rice,Dinner,220,105,304
2024-05-17,Friday,5,Noodles,Lunch,210,111,286
2024-05-17,Friday,5,Noodles,Dinner,210,100,239
2024-05-17,Friday,5,Ice Cream,Lunch,120,77,281
2024-05-17,Friday,5,Ice Cream,Dinner,120,68,234
2024-05-17,Friday,5,Coffee,Lunch,100,116,279
2024-05-17,Friday,5,Coffee,Dinner,100,133,301
2024-05-18,Saturday,5,Pizza,Lunch,350,190,486
2024-05-18,Saturday,5,Pizza,Dinner,350,209,399
2024-05-18,Saturday,5,Burger,Lunch,200,157,488
2024-05-18,Saturday,5,Burger,Dinner,200,184,296
2024-05-18,Saturday,5,Pasta,Lunch,300,124,486
2024-05-18,Saturday,5,Pasta,Dinner,300,136,269
2024-05-18,Saturday,5,Sandwich,Lunch,180,124,339
2024-05-18,Saturday,5,Sandwich,Dinner,180,125,202
2024-05-18,Saturday,5,Salad,Lunch,150,77,204
2024-05-18,Saturday,5,Salad,Dinner,150,108,483
2024-05-18,Saturday,5,Biryani,Lunch,250,201,415
2024-05-18,Saturday,5,Biryani,Dinner,250,259,282
2024-05-18,Saturday,5,Fried Rice,Lunch,220,150,350
2024-05-18,Saturday,5,Fried Rice,Dinner,220,151,412
2024-05-18,Saturday,5,Noodles,Lunch,210,128,495
2024-05-18,Saturday,5,Noodles,Dinner,210,140,455
2024-05-18,Saturday,5,Ice Cream,Lunch,120,93,210
2024-05-18,Saturday,5,Ice Cream,Dinner,120,126,421
2024-05-18,Saturday,5,Coffee,Lunch,100,162,422
2024-05-18,Saturday,5,Coffee,Dinner,100,190,328
2024-05-19,Sunday,5,Pizza,Lunch,350,164,322
2024-05-19,Sunday,5,Pizza,Dinner,350,215,395
2024-05-19,Sunday,5,Burger,Lunch,200,160,204
2024-05-19,Sunday,5,Burger,Dinner,200,185,432
2024-05-19,Sunday,5,Pasta,Lunch,300,131,498
2024-05-19,Sunday,5,Pasta,Dinner,300,165,481
2024-05-19,Sunday,5,Sandwich,Lunch,180,104,488
2024-05-19,Sunday,5,Sandwich,Dinner,180,123,383
2024-05-19,Sunday,5,Salad,Lunch,150,70,482
2024-05-19,Sunday,5,Salad,Dinner,150,80,450
2024-05-19,Sunday,5,Biryani,Lunch,250,194,347
2024-05-19,Sunday,5,Biryani,Dinner,250,241,367
2024-05-19,Sunday,5,Fried Rice,Lunch,220,139,279
2024-05-19,Sunday,5,Fried Rice,Dinner,220,177,436
2024-05-19,Sunday,5,Noodles,Lunch,210,124,225
2024-05-19,Sunday,5,Noodles,Dinner,210,146,433
2024-05-19,Sunday,5,Ice Cream,Lunch,120,90,290
2024-05-19,Sunday,5,Ice Cream,Dinner,120,92,344
2024-05-19,Sunday,5,Coffee,Lunch,100,153,417
2024-05-19,Sunday,5,Coffee,Dinner,100,187,261
2024-05-20,Monday,5,Pizza,Lunch,350,124,471
2024-05-20,Monday,5,Pizza,Dinner,350,170,300
2024-05-20,Monday,5,Burger,Lunch,200,99,242
2024-05-20,Monday,5,Burger,Dinner,200,152,316
2024-05-20,Monday,5,Pasta,Lunch,300,78,243
2024-05-20,Monday,5,Pasta,Dinner,300,85,253
2024-05-20,Monday,5,Sandwich,Lunch,180,78,289
2024-05-20,Monday,5,Sandwich,Dinner,180,109,437
2024-05-20,Monday,5,Salad,Lunch,150,58,385
2024-05-20,Monday,5,Salad,Dinner,150,50,266
2024-05-20,Monday,5,Biryani,Lunch,250,151,373
2024-05-20,Monday,5,Biryani,Dinner,250,174,425
2024-05-20,Monday,5,Fried Rice,Lunch,220,96,208
2024-05-20,Monday,5,Fried Rice,Dinner,220,98,317
2024-05-20,Monday,5,Noodles,Lunch,210,88,405
2024-05-20,Monday,5,Noodles,Dinner,210,110,218
2024-05-20,Monday,5,Ice Cream,Lunch,120,56,409
2024-05-20,Monday,5,Ice Cream,Dinner,120,93,224
2024-05-20,Monday,5,Coffee,Lunch,100,140,283
2024-05-20,Monday,5,Coffee,Dinner,100,148,346
2024-05-21,Tuesday,5,Pizza,Lunch,350,129,486
2024-05-21,Tuesday,5,Pizza,Dinner,350,149,275
2024-05-21,Tuesday,5,Burger,Lunch,200,110,494
2024-05-21,Tuesday,5,Burger,Dinner,200,130,226
2024-05-21,Tuesday,5,Pasta,Lunch,300,94,383
2024-05-21,Tuesday,5,Pasta,Dinner,300,117,233
2024-05-21,Tuesday,5,Sandwich,Lunch,180,80,258
2024-05-21,Tuesday,5,Sandwich,Dinner,180,89,335
2024-05-21,Tuesday,5,Salad,Lunch,150,53,371
2024-05-21,Tuesday,5,Salad,Dinner,150,54,388
2024-05-21,Tuesday,5,Biryani,Lunch,250,150,443
2024-05-21,Tuesday,5,Biryani,Dinner,250,179,469
2024-05-21,Tuesday,5,Fried Rice,Lunch,220,93,479
2024-05-21,Tuesday,5,Fried Rice,Dinner,220,125,320
2024-05-21,Tuesday,5,Noodles,Lunch,210,73,329
2024-05-21,Tuesday,5,Noodles,Dinner,210,106,360
2024-05-21,Tuesday,5,Ice Cream,Lunch,120,75,390
2024-05-21,Tuesday,5,Ice Cream,Dinner,120,62,361
2024-05-21,Tuesday,5,Coffee,Lunch,100,124,471
2024-05-21,Tuesday,5,Coffee,Dinner,100,138,491
2024-05-22,Wednesday,5,Pizza,Lunch,350,146,215
2024-05-22,Wednesday,5,Pizza,Dinner,350,141,319
2024-05-22,Wednesday,5,Burger,Lunch,200,90,333
2024-05-22,Wednesday,5,Burger,Dinner,200,128,371
2024-05-22,Wednesday,5,Pasta,Lunch,300,70,398
2024-05-22,Wednesday,5,Pasta,Dinner,300,103,274
2024-05-22,Wednesday,5,Sandwich,Lunch,180,63,451
2024-05-22,Wednesday,5,Sandwich,Dinner,180,77,412
2024-05-22,Wednesday,5,Salad,Lunch,150,35,293
2024-05-22,Wednesday,5,Salad,Dinner,150,48,432
2024-05-22,Wednesday,5,Biryani,Lunch,250,163,494
2024-05-22,Wednesday,5,Biryani,Dinner,250,155,371
2024-05-22,Wednesday,5,Fried Rice,Lunch,220,90,344
2024-05-22,Wednesday,5,Fried Rice,Dinner,220,99,473
2024-05-22,Wednesday,5,Noodles,Lunch,210,90,419
2024-05-22,Wednesday,5,Noodles,Dinner,210,110,249
2024-05-22,Wednesday,5,Ice Cream,Lunch,120,74,356
2024-05-22,Wednesday,5,Ice Cream,Dinner,120,65,456
2024-05-22,Wednesday,5,Coffee,Lunch,100,141,341
2024-05-22,Wednesday,5,Coffee,Dinner,100,154,495
2024-05-23,Thursday,5,Pizza,Lunch,350,152,390
2024-05-23,Thursday,5,Pizza,Dinner,350,172,481
2024-05-23,Thursday,5,Burger,Lunch,200,120,415
2024-05-23,Thursday,5,Burger,Dinner,200,138,393
2024-05-23,Thursday,5,Pasta,Lunch,300,94,462
2024-05-23,Thursday,5,Pasta,Dinner,300,114,300
2024-05-23,Thursday,5,Sandwich,Lunch,180,76,285
2024-05-23,Thursday,5,Sandwich,Dinner,180,112,498
2024-05-23,Thursday,5,Salad,Lunch,150,57,376
2024-05-23,Thursday,5,Salad,Dinner,150,77,456
2024-05-23,Thursday,5,Biryani,Lunch,250,141,303
2024-05-23,Thursday,5,Biryani,Dinner,250,178,472
2024-05-23,Thursday,5,Fried Rice,Lunch,220,105,230
2024-05-23,Thursday,5,Fried Rice,Dinner,220,110,249
2024-05-23,Thursday,5,Noodles,Lunch,210,79,263
2024-05-23,Thursday,5,Noodles,Dinner,210,109,439
2024-05-23,Thursday,5,Ice Cream,Lunch,120,63,415
2024-05-23,Thursday,5,Ice Cream,Dinner,120,69,447
2024-05-23,Thursday,5,Coffee,Lunch,100,107,329
2024-05-23,Thursday,5,Coffee,Dinner,100,165,330
2024-05-24,Friday,5,Pizza,Lunch,350,150,487
2024-05-24,Friday,5,Pizza,Dinner,350,171,412
2024-05-24,Friday,5,Burger,Lunch,200,109,229
2024-05-24,Friday,5,Burger,Dinner,200,117,472
2024-05-24,Friday,5,Pasta,Lunch,300,97,218
2024-05-24,Friday,5,Pasta,Dinner,300,123,284
2024-05-24,Friday,5,Sandwich,Lunch,180,66,401
2024-05-24,Friday,5,Sandwich,Dinner,180,110,218
2024-05-24,Friday,5,Salad,Lunch,150,40,256
2024-05-24,Friday,5,Salad,Dinner,150,67,384
2024-05-24,Friday,5,Biryani,Lunch,250,128,312
2024-05-24,Friday,5,Biryani,Dinner,250,188,388
2024-05-24,Friday,5,Fried Rice,Lunch,220,96,401
2024-05-24,Friday,5,Fried Rice,Dinner,220,104,244
2024-05-24,Friday,5,Noodles,Lunch,210,92,464
2024-05-24,Friday,5,Noodles,Dinner,210,128,298
2024-05-24,Friday,5,Ice Cream,Lunch,120,85,224
2024-05-24,Friday,5,Ice Cream,Dinner,120,74,300
2024-05-24,Friday,5,Coffee,Lunch,100,130,273
2024-05-24,Friday,5,Coffee,Dinner,100,162,493
2024-05-25,Saturday,5,Pizza,Lunch,350,187,313
2024-05-25,Saturday,5,Pizza,Dinner,350,224,223
2024-05-25,Saturday,5,Burger,Lunch,200,157,443
2024-05-25,Saturday,5,Burger,Dinner,200,171,375
2024-05-25,Saturday,5,Pasta,Lunch,300,105,321
2024-05-25,Saturday,5,Pasta,Dinner,300,136,232
2024-05-25,Saturday,5,Sandwich,Lunch,180,96,226
2024-05-25,Saturday,5,Sandwich,Dinner,180,144,347
2024-05-25,Saturday,5,Salad,Lunch,150,87,298
2024-05-25,Saturday,5,Salad,Dinner,150,88,249
2024-05-25,Saturday,5,Biryani,Lunch,250,201,406
2024-05-25,Saturday,5,Biryani,Dinner,250,228,302
2024-05-25,Saturday,5,Fried Rice,Lunch,220,155,277
2024-05-25,Saturday,5,Fried Rice,Dinner,220,180,209
2024-05-25,Saturday,5,Noodles,Lunch,210,133,422
2024-05-25,Saturday,5,Noodles,Dinner,210,150,297
2024-05-25,Saturday,5,Ice Cream,Lunch,120,72,344
2024-05-25,Saturday,5,Ice Cream,Dinner,120,104,431
2024-05-25,Saturday,5,Coffee,Lunch,100,154,343
2024-05-25,Saturday,5,Coffee,Dinner,100,205,291
2024-05-26,Sunday,5,Pizza,Lunch,350,191,462
2024-05-26,Sunday,5,Pizza,Dinner,350,228,218
2024-05-26,Sunday,5,Burger,Lunch,200,165,345
2024-05-26,Sunday,5,Burger,Dinner,200,184,457
2024-05-26,Sunday,5,Pasta,Lunch,300,142,269
2024-05-26,Sunday,5,Pasta,Dinner,300,151,351
2024-05-26,Sunday,5,Sandwich,Lunch,180,106,348
2024-05-26,Sunday,5,Sandwich,Dinner,180,135,476
2024-05-26,Sunday,5,Salad,Lunch,150,74,459
2024-05-26,Sunday,5,Salad,Dinner,150,100,436
2024-05-26,Sunday,5,Biryani,Lunch,250,190,435
2024-05-26,Sunday,5,Biryani,Dinner,250,238,301
2024-05-26,Sunday,5,Fried Rice,Lunch,220,141,424
2024-05-26,Sunday,5,Fried Rice,Dinner,220,170,302
2024-05-26,Sunday,5,Noodles,Lunch,210,123,283
2024-05-26,Sunday,5,Noodles,Dinner,210,156,368
2024-05-26,Sunday,5,Ice Cream,Lunch,120,85,378
2024-05-26,Sunday,5,Ice Cream,Dinner,120,90,253
2024-05-26,Sunday,5,Coffee,Lunch,100,164,378
2024-05-26,Sunday,5,Coffee,Dinner,100,189,441
2024-05-27,Monday,5,Pizza,Lunch,350,120,281
2024-05-27,Monday,5,Pizza,Dinner,350,146,408
2024-05-27,Monday,5,Burger,Lunch,200,95,444
2024-05-27,Monday,5,Burger,Dinner,200,147,457
2024-05-27,Monday,5,Pasta,Lunch,300,108,278
2024-05-27,Monday,5,Pasta,Dinner,300,91,399
2024-05-27,Monday,5,Sandwich,Lunch,180,57,230
2024-05-27,Monday,5,Sandwich,Dinner,180,82,480
2024-05-27,Monday,5,Salad,Lunch,150,43,238
2024-05-27,Monday,5,Salad,Dinner,150,72,213
2024-05-27,Monday,5,Biryani,Lunch,250,145,497
2024-05-27,Monday,5,Biryani,Dinner,250,161,339
2024-05-27,Monday,5,Fried Rice,Lunch,220,92,460
2024-05-27,Monday,5,Fried Rice,Dinner,220,128,491
2024-05-27,Monday,5,Noodles,Lunch,210,98,376
2024-05-27,Monday,5,Noodles,Dinner,210,107,292
2024-05-27,Monday,5,Ice Cream,Lunch,120,68,499
2024-05-27,Monday,5,Ice Cream,Dinner,120,99,368
2024-05-27,Monday,5,Coffee,Lunch,100,128,250
2024-05-27,Monday,5,Coffee,Dinner,100,126,396
2024-05-28,Tuesday,5,Pizza,Lunch,350,137,272
2024-05-28,Tuesday,5,Pizza,Dinner,350,169,339
2024-05-28,Tuesday,5,Burger,Lunch,200,100,327
2024-05-28,Tuesday,5,Burger,Dinner,200,133,216
2024-05-28,Tuesday,5,Pasta,Lunch,300,80,470
2024-05-28,Tuesday,5,Pasta,Dinner,300,87,438
2024-05-28,Tuesday,5,Sandwich,Lunch,180,57,495
2024-05-28,Tuesday,5,Sandwich,Dinner,180,81,336
2024-05-28,Tuesday,5,Salad,Lunch,150,61,365
2024-05-28,Tuesday,5,Salad,Dinner,150,53,332
2024-05-28,Tuesday,5,Biryani,Lunch,250,154,463
2024-05-28,Tuesday,5,Biryani,Dinner,250,179,476
2024-05-28,Tuesday,5,Fried Rice,Lunch,220,116,329
2024-05-28,Tuesday,5,Fried Rice,Dinner,220,102,329
2024-05-28,Tuesday,5,Noodles,Lunch,210,73,227
2024-05-28,Tuesday,5,Noodles,Dinner,210,132,457
2024-05-28,Tuesday,5,Ice Cream,Lunch,120,78,226
2024-05-28,Tuesday,5,Ice Cream,Dinner,120,61,352
2024-05-28,Tuesday,5,Coffee,Lunch,100,125,269
2024-05-28,Tuesday,5,Coffee,Dinner,100,147,298
2024-05-29,Wednesday,5,Pizza,Lunch,350,124,394
2024-05-29,Wednesday,5,Pizza,Dinner,350,171,438
2024-05-29,Wednesday,5,Burger,Lunch,200,119,460
2024-05-29,Wednesday,5,Burger,Dinner,200,137,268
2024-05-29,Wednesday,5,Pasta,Lunch,300,82,415
2024-05-29,Wednesday,5,Pasta,Dinner,300,95,205
2024-05-29,Wednesday,5,Sandwich,Lunch,180,85,483
2024-05-29,Wednesday,5,Sandwich,Dinner,180,73,456
2024-05-29,Wednesday,5,Salad,Lunch,150,39,296
2024-05-29,Wednesday,5,Salad,Dinner,150,62,232
2024-05-29,Wednesday,5,Biryani,Lunch,250,145,282
2024-05-29,Wednesday,5,Biryani,Dinner,250,156,463
2024-05-29,Wednesday,5,Fried Rice,Lunch,220,96,335
2024-05-29,Wednesday,5,Fried Rice,Dinner,220,136,295
2024-05-29,Wednesday,5,Noodles,Lunch,210,103,397
2024-05-29,Wednesday,5,Noodles,Dinner,210,104,254
2024-05-29,Wednesday,5,Ice Cream,Lunch,120,60,322
2024-05-29,Wednesday,5,Ice Cream,Dinner,120,94,220
2024-05-29,Wednesday,5,Coffee,Lunch,100,131,465
2024-05-29,Wednesday,5,Coffee,Dinner,100,127,222
2024-05-30,Thursday,5,Pizza,Lunch,350,151,213
2024-05-30,Thursday,5,Pizza,Dinner,350,156,213
2024-05-30,Thursday,5,Burger,Lunch,200,130,210
2024-05-30,Thursday,5,Burger,Dinner,200,146,445
2024-05-30,Thursday,5,Pasta,Lunch,300,86,346
2024-05-30,Thursday,5,Pasta,Dinner,300,110,320
2024-05-30,Thursday,5,Sandwich,Lunch,180,71,483
2024-05-30,Thursday,5,Sandwich,Dinner,180,90,241
2024-05-30,Thursday,5,Salad,Lunch,150,57,454
2024-05-30,Thursday,5,Salad,Dinner,150,60,419
2024-05-30,Thursday,5,Biryani,Lunch,250,145,461
2024-05-30,Thursday,5,Biryani,Dinner,250,170,428
2024-05-30,Thursday,5,Fried Rice,Lunch,220,103,500
2024-05-30,Thursday,5,Fried Rice,Dinner,220,116,242
2024-05-30,Thursday,5,Noodles,Lunch,210,98,220
2024-05-30,Thursday,5,Noodles,Dinner,210,110,437
2024-05-30,Thursday,5,Ice Cream,Lunch,120,74,404
2024-05-30,Thursday,5,Ice Cream,Dinner,120,86,259
2024-05-30,Thursday,5,Coffee,Lunch,100,125,494
2024-05-30,Thursday,5,Coffee,Dinner,100,141,383
2024-05-31,Friday,5,Pizza,Lunch,350,149,481
2024-05-31,Friday,5,Pizza,Dinner,350,147,438
2024-05-31,Friday,5,Burger,Lunch,200,98,297
2024-05-31,Friday,5,Burger,Dinner,200,119,434
2024-05-31,Friday,5,Pasta,Lunch,300,96,406
2024-05-31,Friday,5,Pasta,Dinner,300,107,294
2024-05-31,Friday,5,Sandwich,Lunch,180,68,342
2024-05-31,Friday,5,Sandwich,Dinner,180,93,215
2024-05-31,Friday,5,Salad,Lunch,150,44,350
2024-05-31,Friday,5,Salad,Dinner,150,70,483
2024-05-31,Friday,5,Biryani,Lunch,250,144,449
2024-05-31,Friday,5,Biryani,Dinner,250,173,406
2024-05-31,Friday,5,Fried Rice,Lunch,220,108,387
2024-05-31,Friday,5,Fried Rice,Dinner,220,116,418
2024-05-31,Friday,5,Noodles,Lunch,210,104,300
2024-05-31,Friday,5,Noodles,Dinner,210,127,373
2024-05-31,Friday,5,Ice Cream,Lunch,120,69,474
2024-05-31,Friday,5,Ice Cream,Dinner,120,89,224
2024-05-31,Friday,5,Coffee,Lunch,100,104,493
2024-05-31,Friday,5,Coffee,Dinner,100,165,227
2024-06-01,Saturday,6,Pizza,Lunch,350,165,436
2024-06-01,Saturday,6,Pizza,Dinner,350,202,232
2024-06-01,Saturday,6,Burger,Lunch,200,134,477
2024-06-01,Saturday,6,Burger,Dinner,200,179,356
2024-06-01,Saturday,6,Pasta,Lunch,300,112,338
2024-06-01,Saturday,6,Pasta,Dinner,300,150,421
2024-06-01,Saturday,6,Sandwich,Lunch,180,105,262
2024-06-01,Saturday,6,Sandwich,Dinner,180,131,400
2024-06-01,Saturday,6,Salad,Lunch,150,87,353
2024-06-01,Saturday,6,Salad,Dinner,150,95,435
2024-06-01,Saturday,6,Biryani,Lunch,250,213,317
2024-06-01,Saturday,6,Biryani,Dinner,250,227,290
2024-06-01,Saturday,6,Fried Rice,Lunch,220,121,254
2024-06-01,Saturday,6,Fried Rice,Dinner,220,154,259
2024-06-01,Saturday,6,Noodles,Lunch,210,118,423
2024-06-01,Saturday,6,Noodles,Dinner,210,164,334
2024-06-01,Saturday,6,Ice Cream,Lunch,120,112,439
2024-06-01,Saturday,6,Ice Cream,Dinner,120,130,460
2024-06-01,Saturday,6,Coffee,Lunch,100,180,306
2024-06-01,Saturday,6,Coffee,Dinner,100,190,453
2024-06-02,Sunday,6,Pizza,Lunch,350,199,239
2024-06-02,Sunday,6,Pizza,Dinner,350,233,411
2024-06-02,Sunday,6,Burger,Lunch,200,166,427
2024-06-02,Sunday,6,Burger,Dinner,200,173,313
2024-06-02,Sunday,6,Pasta,Lunch,300,103,357
2024-06-02,Sunday,6,Pasta,Dinner,300,162,413
2024-06-02,Sunday,6,Sandwich,Lunch,180,111,436
2024-06-02,Sunday,6,Sandwich,Dinner,180,130,463
2024-06-02,Sunday,6,Salad,Lunch,150,79,353
2024-06-02,Sunday,6,Salad,Dinner,150,97,213
2024-06-02,Sunday,6,Biryani,Lunch,250,196,302
2024-06-02,Sunday,6,Biryani,Dinner,250,240,293
2024-06-02,Sunday,6,Fried Rice,Lunch,220,142,426
2024-06-02,Sunday,6,Fried Rice,Dinner,220,149,482
2024-06-02,Sunday,6,Noodles,Lunch,210,111,286
2024-06-02,Sunday,6,Noodles,Dinner,210,175,496
2024-06-02,Sunday,6,Ice Cream,Lunch,120,72,212
2024-06-02,Sunday,6,Ice Cream,Dinner,120,100,428
2024-06-02,Sunday,6,Coffee,Lunch,100,185,481
2024-06-02,Sunday,6,Coffee,Dinner,100,191,400
2024-06-03,Monday,6,Pizza,Lunch,350,128,424
2024-06-03,Monday,6,Pizza,Dinner,350,149,462
2024-06-03,Monday,6,Burger,Lunch,200,123,499
2024-06-03,Monday,6,Burger,Dinner,200,144,446
2024-06-03,Monday,6,Pasta,Lunch,300,80,225
2024-06-03,Monday,6,Pasta,Dinner,300,116,315
2024-06-03,Monday,6,Sandwich,Lunch,180,61,387
2024-06-03,Monday,6,Sandwich,Dinner,180,90,373
2024-06-03,Monday,6,Salad,Lunch,150,68,342
2024-06-03,Monday,6,Salad,Dinner,150,56,354
2024-06-03,Monday,6,Biryani,Lunch,250,155,444
2024-06-03,Monday,6,Biryani,Dinner,250,183,303
2024-06-03,Monday,6,Fried Rice,Lunch,220,113,393
2024-06-03,Monday,6,Fried Rice,Dinner,220,105,472
2024-06-03,Monday,6,Noodles,Lunch,210,86,410
2024-06-03,Monday,6,Noodles,Dinner,210,132,379
2024-06-03,Monday,6,Ice Cream,Lunch,120,55,289
2024-06-03,Monday,6,Ice Cream,Dinner,120,62,397
2024-06-03,Monday,6,Coffee,Lunch,100,114,444
2024-06-03,Monday,6,Coffee,Dinner,100,150,444
2024-06-04,Tuesday,6,Pizza,Lunch,350,137,319
2024-06-04,Tuesday,6,Pizza,Dinner,350,147,228
2024-06-04,Tuesday,6,Burger,Lunch,200,121,342
2024-06-04,Tuesday,6,Burger,Dinner,200,116,437
2024-06-04,Tuesday,6,Pasta,Lunch,300,92,439
2024-06-04,Tuesday,6,Pasta,Dinner,300,100,309
2024-06-04,Tuesday,6,Sandwich,Lunch,180,91,271
2024-06-04,Tuesday,6,Sandwich,Dinner,180,85,241
2024-06-04,Tuesday,6,Salad,Lunch,150,36,222
2024-06-04,Tuesday,6,Salad,Dinner,150,67,484
2024-06-04,Tuesday,6,Biryani,Lunch,250,143,222
2024-06-04,Tuesday,6,Biryani,Dinner,250,187,271
2024-06-04,Tuesday,6,Fried Rice,Lunch,220,93,469
2024-06-04,Tuesday,6,Fried Rice,Dinner,220,122,225
2024-06-04,Tuesday,6,Noodles,Lunch,210,94,320
2024-06-04,Tuesday,6,Noodles,Dinner,210,109,362
2024-06-04,Tuesday,6,Ice Cream,Lunch,120,50,248
2024-06-04,Tuesday,6,Ice Cream,Dinner,120,77,482
2024-06-04,Tuesday,6,Coffee,Lunch,100,120,311
2024-06-04,Tuesday,6,Coffee,Dinner,100,130,274
2024-06-05,Wednesday,6,Pizza,Lunch,350,144,422
2024-06-05,Wednesday,6,Pizza,Dinner,350,171,414
2024-06-05,Wednesday,6,Burger,Lunch,200,127,317
2024-06-05,Wednesday,6,Burger,Dinner,200,117,256
2024-06-05,Wednesday,6,Pasta,Lunch,300,96,463
2024-06-05,Wednesday,6,Pasta,Dinner,300,103,304
2024-06-05,Wednesday,6,Sandwich,Lunch,180,63,472
2024-06-05,Wednesday,6,Sandwich,Dinner,180,78,256
2024-06-05,Wednesday,6,Salad,Lunch,150,61,366
2024-06-05,Wednesday,6,Salad,Dinner,150,76,421
2024-06-05,Wednesday,6,Biryani,Lunch,250,159,373
2024-06-05,Wednesday,6,Biryani,Dinner,250,190,437
2024-06-05,Wednesday,6,Fried Rice,Lunch,220,95,351
2024-06-05,Wednesday,6,Fried Rice,Dinner,220,130,499
2024-06-05,Wednesday,6,Noodles,Lunch,210,95,339
2024-06-05,Wednesday,6,Noodles,Dinner,210,97,452
2024-06-05,Wednesday,6,Ice Cream,Lunch,120,64,277
2024-06-05,Wednesday,6,Ice Cream,Dinner,120,71,434
2024-06-05,Wednesday,6,Coffee,Lunch,100,112,451
2024-06-05,Wednesday,6,Coffee,Dinner,100,158,244
2024-06-06,Thursday,6,Pizza,Lunch,350,146,202
2024-06-06,Thursday,6,Pizza,Dinner,350,171,430
2024-06-06,Thursday,6,Burger,Lunch,200,94,457
2024-06-06,Thursday,6,Burger,Dinner,200,137,296
2024-06-06,Thursday,6,Pasta,Lunch,300,88,375
2024-06-06,Thursday,6,Pasta,Dinner,300,113,327
2024-06-06,Thursday,6,Sandwich,Lunch,180,89,488
2024-06-06,Thursday,6,Sandwich,Dinner,180,80,214
2024-06-06,Thursday,6,Salad,Lunch,150,48,307
2024-06-06,Thursday,6,Salad,Dinner,150,76,486
2024-06-06,Thursday,6,Biryani,Lunch,250,148,390
2024-06-06,Thursday,6,Biryani,Dinner,250,176,409
2024-06-06,Thursday,6,Fried Rice,Lunch,220,105,234
2024-06-06,Thursday,6,Fried Rice,Dinner,220,98,392
2024-06-06,Thursday,6,Noodles,Lunch,210,84,391
2024-06-06,Thursday,6,Noodles,Dinner,210,113,317
2024-06-06,Thursday,6,Ice Cream,Lunch,120,50,228
2024-06-06,Thursday,6,Ice Cream,Dinner,120,88,214
2024-06-06,Thursday,6,Coffee,Lunch,100,102,263
2024-06-06,Thursday,6,Coffee,Dinner,100,127,470
2024-06-07,Friday,6,Pizza,Lunch,350,145,464
2024-06-07,Friday,6,Pizza,Dinner,350,166,417
2024-06-07,Friday,6,Burger,Lunch,200,101,296
2024-06-07,Friday,6,Burger,Dinner,200,126,327
2024-06-07,Friday,6,Pasta,Lunch,300,108,364
2024-06-07,Friday,6,Pasta,Dinner,300,123,430
2024-06-07,Friday,6,Sandwich,Lunch,180,94,295
2024-06-07,Friday,6,Sandwich,Dinner,180,83,427
2024-06-07,Friday,6,Salad,Lunch,150,39,228
2024-06-07,Friday,6,Salad,Dinner,150,84,293
2024-06-07,Friday,6,Biryani,Lunch,250,150,332
2024-06-07,Friday,6,Biryani,Dinner,250,172,246
2024-06-07,Friday,6,Fried Rice,Lunch,220,105,266
2024-06-07,Friday,6,Fried Rice,Dinner,220,104,497
2024-06-07,Friday,6,Noodles,Lunch,210,93,394
2024-06-07,Friday,6,Noodles,Dinner,210,96,306
2024-06-07,Friday,6,Ice Cream,Lunch,120,46,355
2024-06-07,Friday,6,Ice Cream,Dinner,120,75,403
2024-06-07,Friday,6,Coffee,Lunch,100,128,373
2024-06-07,Friday,6,Coffee,Dinner,100,129,260
2024-06-08,Saturday,6,Pizza,Lunch,350,164,246
2024-06-08,Saturday,6,Pizza,Dinner,350,233,423
2024-06-08,Saturday,6,Burger,Lunch,200,142,224
2024-06-08,Saturday,6,Burger,Dinner,200,181,319
2024-06-08,Saturday,6,Pasta,Lunch,300,120,307
2024-06-08,Saturday,6,Pasta,Dinner,300,144,368
2024-06-08,Saturday,6,Sandwich,Lunch,180,104,402
2024-06-08,Saturday,6,Sandwich,Dinner,180,136,207
2024-06-08,Saturday,6,Salad,Lunch,150,92,362
2024-06-08,Saturday,6,Salad,Dinner,150,109,359
2024-06-08,Saturday,6,Biryani,Lunch,250,192,230
2024-06-08,Saturday,6,Biryani,Dinner,250,253,382
2024-06-08,Saturday,6,Fried Rice,Lunch,220,124,407
2024-06-08,Saturday,6,Fried Rice,Dinner,220,183,461
2024-06-08,Saturday,6,Noodles,Lunch,210,122,450
2024-06-08,Saturday,6,Noodles,Dinner,210,166,282
2024-06-08,Saturday,6,Ice Cream,Lunch,120,108,239
2024-06-08,Saturday,6,Ice Cream,Dinner,120,103,452
2024-06-08,Saturday,6,Coffee,Lunch,100,171,287
2024-06-08,Saturday,6,Coffee,Dinner,100,219,214
2024-06-09,Sunday,6,Pizza,Lunch,350,200,402
2024-06-09,Sunday,6,Pizza,Dinner,350,217,429
2024-06-09,Sunday,6,Burger,Lunch,200,152,407
2024-06-09,Sunday,6,Burger,Dinner,200,192,325
2024-06-09,Sunday,6,Pasta,Lunch,300,125,439
2024-06-09,Sunday,6,Pasta,Dinner,300,151,242
2024-06-09,Sunday,6,Sandwich,Lunch,180,96,221
2024-06-09,Sunday,6,Sandwich,Dinner,180,135,266
2024-06-09,Sunday,6,Salad,Lunch,150,87,213
2024-06-09,Sunday,6,Salad,Dinner,150,98,220
2024-06-09,Sunday,6,Biryani,Lunch,250,211,480
2024-06-09,Sunday,6,Biryani,Dinner,250,228,267
2024-06-09,Sunday,6,Fried Rice,Lunch,220,157,238
2024-06-09,Sunday,6,Fried Rice,Dinner,220,152,322
2024-06-09,Sunday,6,Noodles,Lunch,210,150,492
2024-06-09,Sunday,6,Noodles,Dinner,210,172,212
2024-06-09,Sunday,6,Ice Cream,Lunch,120,112,299
2024-06-09,Sunday,6,Ice Cream,Dinner,120,124,483
2024-06-09,Sunday,6,Coffee,Lunch,100,169,207
2024-06-09,Sunday,6,Coffee,Dinner,100,200,478
2024-06-10,Monday,6,Pizza,Lunch,350,141,326
2024-06-10,Monday,6,Pizza,Dinner,350,170,495
2024-06-10,Monday,6,Burger,Lunch,200,98,372
2024-06-10,Monday,6,Burger,Dinner,200,147,420
2024-06-10,Monday,6,Pasta,Lunch,300,95,380
2024-06-10,Monday,6,Pasta,Dinner,300,85,335
2024-06-10,Monday,6,Sandwich,Lunch,180,64,247
2024-06-10,Monday,6,Sandwich,Dinner,180,111,368
2024-06-10,Monday,6,Salad,Lunch,150,35,261
2024-06-10,Monday,6,Salad,Dinner,150,68,316
2024-06-10,Monday,6,Biryani,Lunch,250,125,326
2024-06-10,Monday,6,Biryani,Dinner,250,183,275
2024-06-10,Monday,6,Fried Rice,Lunch,220,86,335
2024-06-10,Monday,6,Fried Rice,Dinner,220,129,452
2024-06-10,Monday,6,Noodles,Lunch,210,82,254
2024-06-10,Monday,6,Noodles,Dinner,210,93,476
2024-06-10,Monday,6,Ice Cream,Lunch,120,62,500
2024-06-10,Monday,6,Ice Cream,Dinner,120,97,207
2024-06-10,Monday,6,Coffee,Lunch,100,115,240
2024-06-10,Monday,6,Coffee,Dinner,100,128,336
2024-06-11,Tuesday,6,Pizza,Lunch,350,117,241
2024-06-11,Tuesday,6,Pizza,Dinner,350,162,221
2024-06-11,Tuesday,6,Burger,Lunch,200,105,405
2024-06-11,Tuesday,6,Burger,Dinner,200,144,369
2024-06-11,Tuesday,6,Pasta,Lunch,300,100,217
2024-06-11,Tuesday,6,Pasta,Dinner,300,99,364
2024-06-11,Tuesday,6,Sandwich,Lunch,180,92,362
2024-06-11,Tuesday,6,Sandwich,Dinner,180,82,324
2024-06-11,Tuesday,6,Salad,Lunch,150,59,374
2024-06-11,Tuesday,6,Salad,Dinner,150,69,381
2024-06-11,Tuesday,6,Biryani,Lunch,250,160,343
2024-06-11,Tuesday,6,Biryani,Dinner,250,151,289
2024-06-11,Tuesday,6,Fried Rice,Lunch,220,93,323
2024-06-11,Tuesday,6,Fried Rice,Dinner,220,137,441
2024-06-11,Tuesday,6,Noodles,Lunch,210,100,211
2024-06-11,Tuesday,6,Noodles,Dinner,210,125,393
2024-06-11,Tuesday,6,Ice Cream,Lunch,120,61,479
2024-06-11,Tuesday,6,Ice Cream,Dinner,120,60,479
2024-06-11,Tuesday,6,Coffee,Lunch,100,136,471
2024-06-11,Tuesday,6,Coffee,Dinner,100,139,353
2024-06-12,Wednesday,6,Pizza,Lunch,350,146,422
2024-06-12,Wednesday,6,Pizza,Dinner,350,156,218
2024-06-12,Wednesday,6,Burger,Lunch,200,92,233
2024-06-12,Wednesday,6,Burger,Dinner,200,123,300
2024-06-12,Wednesday,6,Pasta,Lunch,300,90,427
2024-06-12,Wednesday,6,Pasta,Dinner,300,117,500
2024-06-12,Wednesday,6,Sandwich,Lunch,180,96,431
2024-06-12,Wednesday,6,Sandwich,Dinner,180,76,339
2024-06-12,Wednesday,6,Salad,Lunch,150,36,398
2024-06-12,Wednesday,6,Salad,Dinner,150,85,449
2024-06-12,Wednesday,6,Biryani,Lunch,250,147,346
2024-06-12,Wednesday,6,Biryani,Dinner,250,180,384
2024-06-12,Wednesday,6,Fried Rice,Lunch,220,91,274
2024-06-12,Wednesday,6,Fried Rice,Dinner,220,105,471
2024-06-12,Wednesday,6,Noodles,Lunch,210,105,377
2024-06-12,Wednesday,6,Noodles,Dinner,210,93,292
2024-06-12,Wednesday,6,Ice Cream,Lunch,120,57,421
2024-06-12,Wednesday,6,Ice Cream,Dinner,120,60,453
2024-06-12,Wednesday,6,Coffee,Lunch,100,122,288
2024-06-12,Wednesday,6,Coffee,Dinner,100,135,335
2024-06-13,Thursday,6,Pizza,Lunch,350,142,375
2024-06-13,Thursday,6,Pizza,Dinner,350,154,439
2024-06-13,Thursday,6,Burger,Lunch,200,124,411
2024-06-13,Thursday,6,Burger,Dinner,200,136,262
2024-06-13,Thursday,6,Pasta,Lunch,300,70,439
2024-06-13,Thursday,6,Pasta,Dinner,300,119,311
2024-06-13,Thursday,6,Sandwich,Lunch,180,73,238
2024-06-13,Thursday,6,Sandwich,Dinner,180,108,292
2024-06-13,Thursday,6,Salad,Lunch,150,66,229
2024-06-13,Thursday,6,Salad,Dinner,150,49,312
2024-06-13,Thursday,6,Biryani,Lunch,250,146,464
2024-06-13,Thursday,6,Biryani,Dinner,250,165,209
2024-06-13,Thursday,6,Fried Rice,Lunch,220,79,250
2024-06-13,Thursday,6,Fried Rice,Dinner,220,116,323
2024-06-13,Thursday,6,Noodles,Lunch,210,103,233
2024-06-13,Thursday,6,Noodles,Dinner,210,103,228
2024-06-13,Thursday,6,Ice Cream,Lunch,120,69,484
2024-06-13,Thursday,6,Ice Cream,Dinner,120,67,246
2024-06-13,Thursday,6,Coffee,Lunch,100,126,476
2024-06-13,Thursday,6,Coffee,Dinner,100,163,257
2024-06-14,Friday,6,Pizza,Lunch,350,127,429
2024-06-14,Friday,6,Pizza,Dinner,350,167,314
2024-06-14,Friday,6,Burger,Lunch,200,92,341
2024-06-14,Friday,6,Burger,Dinner,200,134,429
2024-06-14,Friday,6,Pasta,Lunch,300,89,458
2024-06-14,Friday,6,Pasta,Dinner,300,111,301
2024-06-14,Friday,6,Sandwich,Lunch,180,84,200
2024-06-14,Friday,6,Sandwich,Dinner,180,107,404
2024-06-14,Friday,6,Salad,Lunch,150,50,363
2024-06-14,Friday,6,Salad,Dinner,150,75,474
2024-06-14,Friday,6,Biryani,Lunch,250,149,478
2024-06-14,Friday,6,Biryani,Dinner,250,152,341
2024-06-14,Friday,6,Fried Rice,Lunch,220,118,264
2024-06-14,Friday,6,Fried Rice,Dinner,220,105,419
2024-06-14,Friday,6,Noodles,Lunch,210,78,350
2024-06-14,Friday,6,Noodles,Dinner,210,115,331
2024-06-14,Friday,6,Ice Cream,Lunch,120,80,391
2024-06-14,Friday,6,Ice Cream,Dinner,120,66,329
2024-06-14,Friday,6,Coffee,Lunch,100,111,478
2024-06-14,Friday,6,Coffee,Dinner,100,132,202
2024-06-15,Saturday,6,Pizza,Lunch,350,194,318
2024-06-15,Saturday,6,Pizza,Dinner,350,226,300
2024-06-15,Saturday,6,Burger,Lunch,200,166,381
2024-06-15,Saturday,6,Burger,Dinner,200,188,359
2024-06-15,Saturday,6,Pasta,Lunch,300,118,466
2024-06-15,Saturday,6,Pasta,Dinner,300,147,357
2024-06-15,Saturday,6,Sandwich,Lunch,180,94,304
2024-06-15,Saturday,6,Sandwich,Dinner,180,115,371
2024-06-15,Saturday,6,Salad,Lunch,150,70,429
2024-06-15,Saturday,6,Salad,Dinner,150,85,397
2024-06-15,Saturday,6,Biryani,Lunch,250,186,311
2024-06-15,Saturday,6,Biryani,Dinner,250,257,467
2024-06-15,Saturday,6,Fried Rice,Lunch,220,118,322
2024-06-15,Saturday,6,Fried Rice,Dinner,220,177,385
2024-06-15,Saturday,6,Noodles,Lunch,210,146,302
2024-06-15,Saturday,6,Noodles,Dinner,210,164,302
2024-06-15,Saturday,6,Ice Cream,Lunch,120,111,262
2024-06-15,Saturday,6,Ice Cream,Dinner,120,93,358
2024-06-15,Saturday,6,Coffee,Lunch,100,157,354
2024-06-15,Saturday,6,Coffee,Dinner,100,210,419
2024-06-16,Sunday,6,Pizza,Lunch,350,173,499
2024-06-16,Sunday,6,Pizza,Dinner,350,209,482
2024-06-16,Sunday,6,Burger,Lunch,200,166,401
2024-06-16,Sunday,6,Burger,Dinner,200,203,291
2024-06-16,Sunday,6,Pasta,Lunch,300,134,393
2024-06-16,Sunday,6,Pasta,Dinner,300,158,205
2024-06-16,Sunday,6,Sandwich,Lunch,180,95,404
2024-06-16,Sunday,6,Sandwich,Dinner,180,145,264
2024-06-16,Sunday,6,Salad,Lunch,150,89,458
2024-06-16,Sunday,6,Salad,Dinner,150,80,296
2024-06-16,Sunday,6,Biryani,Lunch,250,196,236
2024-06-16,Sunday,6,Biryani,Dinner,250,240,434
2024-06-16,Sunday,6,Fried Rice,Lunch,220,120,378
2024-06-16,Sunday,6,Fried Rice,Dinner,220,162,400
2024-06-16,Sunday,6,Noodles,Lunch,210,116,367
2024-06-16,Sunday,6,Noodles,Dinner,210,141,375
2024-06-16,Sunday,6,Ice Cream,Lunch,120,74,448
2024-06-16,Sunday,6,Ice Cream,Dinner,120,91,332
2024-06-16,Sunday,6,Coffee,Lunch,100,180,220
2024-06-16,Sunday,6,Coffee,Dinner,100,216,300
2024-06-17,Monday,6,Pizza,Lunch,350,151,292
2024-06-17,Monday,6,Pizza,Dinner,350,171,236
2024-06-17,Monday,6,Burger,Lunch,200,108,386
2024-06-17,Monday,6,Burger,Dinner,200,129,291
2024-06-17,Monday,6,Pasta,Lunch,300,82,339
2024-06-17,Monday,6,Pasta,Dinner,300,125,424
2024-06-17,Monday,6,Sandwich,Lunch,180,84,395
2024-06-17,Monday,6,Sandwich,Dinner,180,89,480
2024-06-17,Monday,6,Salad,Lunch,150,51,254
2024-06-17,Monday,6,Salad,Dinner,150,60,441
2024-06-17,Monday,6,Biryani,Lunch,250,163,357
2024-06-17,Monday,6,Biryani,Dinner,250,170,342
2024-06-17,Monday,6,Fried Rice,Lunch,220,112,285
2024-06-17,Monday,6,Fried Rice,Dinner,220,108,400
2024-06-17,Monday,6,Noodles,Lunch,210,86,242
2024-06-17,Monday,6,Noodles,Dinner,210,97,275
2024-06-17,Monday,6,Ice Cream,Lunch,120,57,255
2024-06-17,Monday,6,Ice Cream,Dinner,120,84,274
2024-06-17,Monday,6,Coffee,Lunch,100,131,302
2024-06-17,Monday,6,Coffee,Dinner,100,162,473
2024-06-18,Tuesday,6,Pizza,Lunch,350,146,402
2024-06-18,Tuesday,6,Pizza,Dinner,350,177,314
2024-06-18,Tuesday,6,Burger,Lunch,200,123,272
2024-06-18,Tuesday,6,Burger,Dinner,200,150,368
2024-06-18,Tuesday,6,Pasta,Lunch,300,105,316
2024-06-18,Tuesday,6,Pasta,Dinner,300,87,259
2024-06-18,Tuesday,6,Sandwich,Lunch,180,76,467
2024-06-18,Tuesday,6,Sandwich,Dinner,180,91,205
2024-06-18,Tuesday,6,Salad,Lunch,150,69,318
2024-06-18,Tuesday,6,Salad,Dinner,150,47,271
2024-06-18,Tuesday,6,Biryani,Lunch,250,159,405
2024-06-18,Tuesday,6,Biryani,Dinner,250,163,440
2024-06-18,Tuesday,6,Fried Rice,Lunch,220,93,250
2024-06-18,Tuesday,6,Fried Rice,Dinner,220,136,466
2024-06-18,Tuesday,6,Noodles,Lunch,210,80,409
2024-06-18,Tuesday,6,Noodles,Dinner,210,105,408
2024-06-18,Tuesday,6,Ice Cream,Lunch,120,66,300
2024-06-18,Tuesday,6,Ice Cream,Dinner,120,90,311
2024-06-18,Tuesday,6,Coffee,Lunch,100,128,273
2024-06-18,Tuesday,6,Coffee,Dinner,100,147,258
2024-06-19,Wednesday,6,Pizza,Lunch,350,131,415
2024-06-19,Wednesday,6,Pizza,Dinner,350,150,381
2024-06-19,Wednesday,6,Burger,Lunch,200,130,453
2024-06-19,Wednesday,6,Burger,Dinner,200,138,201
2024-06-19,Wednesday,6,Pasta,Lunch,300,83,245
2024-06-19,Wednesday,6,Pasta,Dinner,300,96,420
2024-06-19,Wednesday,6,Sandwich,Lunch,180,65,212
2024-06-19,Wednesday,6,Sandwich,Dinner,180,92,437
2024-06-19,Wednesday,6,Salad,Lunch,150,45,282
2024-06-19,Wednesday,6,Salad,Dinner,150,85,353
2024-06-19,Wednesday,6,Biryani,Lunch,250,135,298
2024-06-19,Wednesday,6,Biryani,Dinner,250,176,357
2024-06-19,Wednesday,6,Fried Rice,Lunch,220,116,241
2024-06-19,Wednesday,6,Fried Rice,Dinner,220,98,206
2024-06-19,Wednesday,6,Noodles,Lunch,210,109,491
2024-06-19,Wednesday,6,Noodles,Dinner,210,97,393
2024-06-19,Wednesday,6,Ice Cream,Lunch,120,54,444
2024-06-19,Wednesday,6,Ice Cream,Dinner,120,67,384
2024-06-19,Wednesday,6,Coffee,Lunch,100,132,202
2024-06-19,Wednesday,6,Coffee,Dinner,100,142,231
2024-06-20,Thursday,6,Pizza,Lunch,350,133,425
2024-06-20,Thursday,6,Pizza,Dinner,350,157,237
2024-06-20,Thursday,6,Burger,Lunch,200,124,436
2024-06-20,Thursday,6,Burger,Dinner,200,118,228
2024-06-20,Thursday,6,Pasta,Lunch,300,82,219
2024-06-20,Thursday,6,Pasta,Dinner,300,92,342
2024-06-20,Thursday,6,Sandwich,Lunch,180,67,394
2024-06-20,Thursday,6,Sandwich,Dinner,180,90,214
2024-06-20,Thursday,6,Salad,Lunch,150,67,436
2024-06-20,Thursday,6,Salad,Dinner,150,70,312
2024-06-20,Thursday,6,Biryani,Lunch,250,136,249
2024-06-20,Thursday,6,Biryani,Dinner,250,176,303
2024-06-20,Thursday,6,Fried Rice,Lunch,220,103,360
2024-06-20,Thursday,6,Fried Rice,Dinner,220,113,333
2024-06-20,Thursday,6,Noodles,Lunch,210,76,278
2024-06-20,Thursday,6,Noodles,Dinner,210,122,336
2024-06-20,Thursday,6,Ice Cream,Lunch,120,60,214
2024-06-20,Thursday,6,Ice Cream,Dinner,120,84,447
2024-06-20,Thursday,6,Coffee,Lunch,100,125,432
2024-06-20,Thursday,6,Coffee,Dinner,100,142,220
2024-06-21,Friday,6,Pizza,Lunch,350,132,475
2024-06-21,Friday,6,Pizza,Dinner,350,160,437
2024-06-21,Friday,6,Burger,Lunch,200,120,304
2024-06-21,Friday,6,Burger,Dinner,200,148,464
2024-06-21,Friday,6,Pasta,Lunch,300,69,414
2024-06-21,Friday,6,Pasta,Dinner,300,94,287
2024-06-21,Friday,6,Sandwich,Lunch,180,57,465
2024-06-21,Friday,6,Sandwich,Dinner,180,85,350
2024-06-21,Friday,6,Salad,Lunch,150,75,389
2024-06-21,Friday,6,Salad,Dinner,150,55,278
2024-06-21,Friday,6,Biryani,Lunch,250,127,446
2024-06-21,Friday,6,Biryani,Dinner,250,184,226
2024-06-21,Friday,6,Fried Rice,Lunch,220,104,297
2024-06-21,Friday,6,Fried Rice,Dinner,220,116,362
2024-06-21,Friday,6,Noodles,Lunch,210,109,474
2024-06-21,Friday,6,Noodles,Dinner,210,92,331
2024-06-21,Friday,6,Ice Cream,Lunch,120,83,226
2024-06-21,Friday,6,Ice Cream,Dinner,120,94,240
2024-06-21,Friday,6,Coffee,Lunch,100,124,458
2024-06-21,Friday,6,Coffee,Dinner,100,131,477
2024-06-22,Saturday,6,Pizza,Lunch,350,176,392
2024-06-22,Saturday,6,Pizza,Dinner,350,228,318
2024-06-22,Saturday,6,Burger,Lunch,200,152,333
2024-06-22,Saturday,6,Burger,Dinner,200,200,414
2024-06-22,Saturday,6,Pasta,Lunch,300,129,405
2024-06-22,Saturday,6,Pasta,Dinner,300,166,469
2024-06-22,Saturday,6,Sandwich,Lunch,180,105,401
2024-06-22,Saturday,6,Sandwich,Dinner,180,133,246
2024-06-22,Saturday,6,Salad,Lunch,150,85,384
2024-06-22,Saturday,6,Salad,Dinner,150,94,468
2024-06-22,Saturday,6,Biryani,Lunch,250,212,205
2024-06-22,Saturday,6,Biryani,Dinner,250,236,213
2024-06-22,Saturday,6,Fried Rice,Lunch,220,128,313
2024-06-22,Saturday,6,Fried Rice,Dinner,220,179,489
2024-06-22,Saturday,6,Noodles,Lunch,210,119,263
2024-06-22,Saturday,6,Noodles,Dinner,210,161,292
2024-06-22,Saturday,6,Ice Cream,Lunch,120,76,247
2024-06-22,Saturday,6,Ice Cream,Dinner,120,117,434
2024-06-22,Saturday,6,Coffee,Lunch,100,156,332
2024-06-22,Saturday,6,Coffee,Dinner,100,215,349
2024-06-23,Sunday,6,Pizza,Lunch,350,186,243
2024-06-23,Sunday,6,Pizza,Dinner,350,201,223
2024-06-23,Sunday,6,Burger,Lunch,200,150,390
2024-06-23,Sunday,6,Burger,Dinner,200,196,432
2024-06-23,Sunday,6,Pasta,Lunch,300,137,324
2024-06-23,Sunday,6,Pasta,Dinner,300,132,461
2024-06-23,Sunday,6,Sandwich,Lunch,180,102,221
2024-06-23,Sunday,6,Sandwich,Dinner,180,146,449
2024-06-23,Sunday,6,Salad,Lunch,150,71,352
2024-06-23,Sunday,6,Salad,Dinner,150,87,212
2024-06-23,Sunday,6,Biryani,Lunch,250,202,210
2024-06-23,Sunday,6,Biryani,Dinner,250,220,382
2024-06-23,Sunday,6,Fried Rice,Lunch,220,154,393
2024-06-23,Sunday,6,Fried Rice,Dinner,220,183,297
2024-06-23,Sunday,6,Noodles,Lunch,210,148,218
2024-06-23,Sunday,6,Noodles,Dinner,210,145,318
2024-06-23,Sunday,6,Ice Cream,Lunch,120,78,274
2024-06-23,Sunday,6,Ice Cream,Dinner,120,114,494
2024-06-23,Sunday,6,Coffee,Lunch,100,157,449
2024-06-23,Sunday,6,Coffee,Dinner,100,190,370
2024-06-24,Monday,6,Pizza,Lunch,350,149,206
2024-06-24,Monday,6,Pizza,Dinner,350,170,238
2024-06-24,Monday,6,Burger,Lunch,200,127,332
2024-06-24,Monday,6,Burger,Dinner,200,147,247
2024-06-24,Monday,6,Pasta,Lunch,300,96,206
2024-06-24,Monday,6,Pasta,Dinner,300,100,204
2024-06-24,Monday,6,Sandwich,Lunch,180,79,222
2024-06-24,Monday,6,Sandwich,Dinner,180,104,493
2024-06-24,Monday,6,Salad,Lunch,150,45,336
2024-06-24,Monday,6,Salad,Dinner,150,67,472
2024-06-24,Monday,6,Biryani,Lunch,250,143,308
2024-06-24,Monday,6,Biryani,Dinner,250,151,354
2024-06-24,Monday,6,Fried Rice,Lunch,220,82,235
2024-06-24,Monday,6,Fried Rice,Dinner,220,112,481
2024-06-24,Monday,6,Noodles,Lunch,210,97,244
2024-06-24,Monday,6,Noodles,Dinner,210,132,333
2024-06-24,Monday,6,Ice Cream,Lunch,120,49,500
2024-06-24,Monday,6,Ice Cream,Dinner,120,76,217
2024-06-24,Monday,6,Coffee,Lunch,100,125,294
2024-06-24,Monday,6,Coffee,Dinner,100,126,200
2024-06-25,Tuesday,6,Pizza,Lunch,350,112,420
2024-06-25,Tuesday,6,Pizza,Dinner,350,153,299
2024-06-25,Tuesday,6,Burger,Lunch,200,121,370
2024-06-25,Tuesday,6,Burger,Dinner,200,126,413
2024-06-25,Tuesday,6,Pasta,Lunch,300,102,300
2024-06-25,Tuesday,6,Pasta,Dinner,300,100,282
2024-06-25,Tuesday,6,Sandwich,Lunch,180,68,347
2024-06-25,Tuesday,6,Sandwich,Dinner,180,84,367
2024-06-25,Tuesday,6,Salad,Lunch,150,37,356
2024-06-25,Tuesday,6,Salad,Dinner,150,67,391
2024-06-25,Tuesday,6,Biryani,Lunch,250,141,302
2024-06-25,Tuesday,6,Biryani,Dinner,250,189,292
2024-06-25,Tuesday,6,Fried Rice,Lunch,220,101,253
2024-06-25,Tuesday,6,Fried Rice,Dinner,220,111,258
2024-06-25,Tuesday,6,Noodles,Lunch,210,86,433
2024-06-25,Tuesday,6,Noodles,Dinner,210,116,488
2024-06-25,Tuesday,6,Ice Cream,Lunch,120,48,441
2024-06-25,Tuesday,6,Ice Cream,Dinner,120,88,340
2024-06-25,Tuesday,6,Coffee,Lunch,100,132,459
2024-06-25,Tuesday,6,Coffee,Dinner,100,151,301
2024-06-26,Wednesday,6,Pizza,Lunch,350,145,262
2024-06-26,Wednesday,6,Pizza,Dinner,350,149,489
2024-06-26,Wednesday,6,Burger,Lunch,200,124,279
2024-06-26,Wednesday,6,Burger,Dinner,200,124,218
2024-06-26,Wednesday,6,Pasta,Lunch,300,104,437
2024-06-26,Wednesday,6,Pasta,Dinner,300,90,374
2024-06-26,Wednesday,6,Sandwich,Lunch,180,95,395
2024-06-26,Wednesday,6,Sandwich,Dinner,180,89,224
2024-06-26,Wednesday,6,Salad,Lunch,150,37,440
2024-06-26,Wednesday,6,Salad,Dinner,150,78,216
2024-06-26,Wednesday,6,Biryani,Lunch,250,151,250
2024-06-26,Wednesday,6,Biryani,Dinner,250,163,420
2024-06-26,Wednesday,6,Fried Rice,Lunch,220,105,319
2024-06-26,Wednesday,6,Fried Rice,Dinner,220,115,364
2024-06-26,Wednesday,6,Noodles,Lunch,210,110,204
2024-06-26,Wednesday,6,Noodles,Dinner,210,96,465
2024-06-26,Wednesday,6,Ice Cream,Lunch,120,64,271
2024-06-26,Wednesday,6,Ice Cream,Dinner,120,61,487
2024-06-26,Wednesday,6,Coffee,Lunch,100,139,252
2024-06-26,Wednesday,6,Coffee,Dinner,100,127,251
2024-06-27,Thursday,6,Pizza,Lunch,350,125,361
2024-06-27,Thursday,6,Pizza,Dinner,350,178,262
2024-06-27,Thursday,6,Burger,Lunch,200,125,300
2024-06-27,Thursday,6,Burger,Dinner,200,135,308
2024-06-27,Thursday,6,Pasta,Lunch,300,73,205
2024-06-27,Thursday,6,Pasta,Dinner,300,102,405
2024-06-27,Thursday,6,Sandwich,Lunch,180,97,488
2024-06-27,Thursday,6,Sandwich,Dinner,180,91,428
2024-06-27,Thursday,6,Salad,Lunch,150,42,340
2024-06-27,Thursday,6,Salad,Dinner,150,81,494
2024-06-27,Thursday,6,Biryani,Lunch,250,154,461
2024-06-27,Thursday,6,Biryani,Dinner,250,170,357
2024-06-27,Thursday,6,Fried Rice,Lunch,220,82,475
2024-06-27,Thursday,6,Fried Rice,Dinner,220,120,480
2024-06-27,Thursday,6,Noodles,Lunch,210,104,448
2024-06-27,Thursday,6,Noodles,Dinner,210,112,331
2024-06-27,Thursday,6,Ice Cream,Lunch,120,58,225
2024-06-27,Thursday,6,Ice Cream,Dinner,120,76,384
2024-06-27,Thursday,6,Coffee,Lunch,100,141,279
2024-06-27,Thursday,6,Coffee,Dinner,100,136,377
2024-06-28,Friday,6,Pizza,Lunch,350,116,429
2024-06-28,Friday,6,Pizza,Dinner,350,161,245
2024-06-28,Friday,6,Burger,Lunch,200,101,461
2024-06-28,Friday,6,Burger,Dinner,200,113,238
2024-06-28,Friday,6,Pasta,Lunch,300,72,416
2024-06-28,Friday,6,Pasta,Dinner,300,121,479
2024-06-28,Friday,6,Sandwich,Lunch,180,95,230
2024-06-28,Friday,6,Sandwich,Dinner,180,76,361
2024-06-28,Friday,6,Salad,Lunch,150,74,240
2024-06-28,Friday,6,Salad,Dinner,150,53,366
2024-06-28,Friday,6,Biryani,Lunch,250,132,328
2024-06-28,Friday,6,Biryani,Dinner,250,171,290
2024-06-28,Friday,6,Fried Rice,Lunch,220,106,359
2024-06-28,Friday,6,Fried Rice,Dinner,220,102,388
2024-06-28,Friday,6,Noodles,Lunch,210,98,400
2024-06-28,Friday,6,Noodles,Dinner,210,110,322
2024-06-28,Friday,6,Ice Cream,Lunch,120,57,284
2024-06-28,Friday,6,Ice Cream,Dinner,120,94,281
2024-06-28,Friday,6,Coffee,Lunch,100,126,210
2024-06-28,Friday,6,Coffee,Dinner,100,155,220
2024-06-29,Saturday,6,Pizza,Lunch,350,181,226
2024-06-29,Saturday,6,Pizza,Dinner,350,202,305
2024-06-29,Saturday,6,Burger,Lunch,200,163,420
2024-06-29,Saturday,6,Burger,Dinner,200,194,450
2024-06-29,Saturday,6,Pasta,Lunch,300,132,360
2024-06-29,Saturday,6,Pasta,Dinner,300,164,211
2024-06-29,Saturday,6,Sandwich,Lunch,180,96,210
2024-06-29,Saturday,6,Sandwich,Dinner,180,117,455
2024-06-29,Saturday,6,Salad,Lunch,150,62,483
2024-06-29,Saturday,6,Salad,Dinner,150,85,283
2024-06-29,Saturday,6,Biryani,Lunch,250,185,299
2024-06-29,Saturday,6,Biryani,Dinner,250,230,211
2024-06-29,Saturday,6,Fried Rice,Lunch,220,134,498
2024-06-29,Saturday,6,Fried Rice,Dinner,220,175,267
2024-06-29,Saturday,6,Noodles,Lunch,210,138,241
2024-06-29,Saturday,6,Noodles,Dinner,210,140,250
2024-06-29,Saturday,6,Ice Cream,Lunch,120,90,237
2024-06-29,Saturday,6,Ice Cream,Dinner,120,116,468
2024-06-29,Saturday,6,Coffee,Lunch,100,187,447
2024-06-29,Saturday,6,Coffee,Dinner,100,184,413
2024-06-30,Sunday,6,Pizza,Lunch,350,200,207
2024-06-30,Sunday,6,Pizza,Dinner,350,202,316
2024-06-30,Sunday,6,Burger,Lunch,200,160,395
2024-06-30,Sunday,6,Burger,Dinner,200,196,422
2024-06-30,Sunday,6,Pasta,Lunch,300,143,216
2024-06-30,Sunday,6,Pasta,Dinner,300,128,355
2024-06-30,Sunday,6,Sandwich,Lunch,180,121,232
2024-06-30,Sunday,6,Sandwich,Dinner,180,133,362
2024-06-30,Sunday,6,Salad,Lunch,150,79,316
2024-06-30,Sunday,6,Salad,Dinner,150,111,364
2024-06-30,Sunday,6,Biryani,Lunch,250,206,469
2024-06-30,Sunday,6,Biryani,Dinner,250,248,458
2024-06-30,Sunday,6,Fried Rice,Lunch,220,148,453
2024-06-30,Sunday,6,Fried Rice,Dinner,220,156,481
2024-06-30,Sunday,6,Noodles,Lunch,210,116,252
2024-06-30,Sunday,6,Noodles,Dinner,210,139,494
2024-06-30,Sunday,6,Ice Cream,Lunch,120,101,293
2024-06-30,Sunday,6,Ice Cream,Dinner,120,110,462
2024-06-30,Sunday,6,Coffee,Lunch,100,166,374
2024-06-30,Sunday,6,Coffee,Dinner,100,195,235
2024-07-01,Monday,7,Pizza,Lunch,350,100,398
2024-07-01,Monday,7,Pizza,Dinner,350,139,381
2024-07-01,Monday,7,Burger,Lunch,200,109,413
2024-07-01,Monday,7,Burger,Dinner,200,137,417
2024-07-01,Monday,7,Pasta,Lunch,300,92,366
2024-07-01,Monday,7,Pasta,Dinner,300,85,497
2024-07-01,Monday,7,Sandwich,Lunch,180,66,207
2024-07-01,Monday,7,Sandwich,Dinner,180,88,374
2024-07-01,Monday,7,Salad,Lunch,150,61,298
2024-07-01,Monday,7,Salad,Dinner,150,52,277
2024-07-01,Monday,7,Biryani,Lunch,250,140,303
2024-07-01,Monday,7,Biryani,Dinner,250,155,210
2024-07-01,Monday,7,Fried Rice,Lunch,220,96,413
2024-07-01,Monday,7,Fried Rice,Dinner,220,94,436
2024-07-01,Monday,7,Noodles,Lunch,210,103,381
2024-07-01,Monday,7,Noodles,Dinner,210,104,468
2024-07-01,Monday,7,Ice Cream,Lunch,120,72,321
2024-07-01,Monday,7,Ice Cream,Dinner,120,60,403
2024-07-01,Monday,7,Coffee,Lunch,100,92,343
2024-07-01,Monday,7,Coffee,Dinner,100,115,355
2024-07-02,Tuesday,7,Pizza,Lunch,350,106,393
2024-07-02,Tuesday,7,Pizza,Dinner,350,155,462
2024-07-02,Tuesday,7,Burger,Lunch,200,107,320
2024-07-02,Tuesday,7,Burger,Dinner,200,115,292
2024-07-02,Tuesday,7,Pasta,Lunch,300,82,252
2024-07-02,Tuesday,7,Pasta,Dinner,300,89,471
2024-07-02,Tuesday,7,Sandwich,Lunch,180,88,213
2024-07-02,Tuesday,7,Sandwich,Dinner,180,82,327
2024-07-02,Tuesday,7,Salad,Lunch,150,52,238
2024-07-02,Tuesday,7,Salad,Dinner,150,63,299
2024-07-02,Tuesday,7,Biryani,Lunch,250,131,228
2024-07-02,Tuesday,7,Biryani,Dinner,250,163,209
2024-07-02,Tuesday,7,Fried Rice,Lunch,220,107,347
2024-07-02,Tuesday,7,Fried Rice,Dinner,220,102,291
2024-07-02,Tuesday,7,Noodles,Lunch,210,93,219
2024-07-02,Tuesday,7,Noodles,Dinner,210,88,331
2024-07-02,Tuesday,7,Ice Cream,Lunch,120,78,423
2024-07-02,Tuesday,7,Ice Cream,Dinner,120,55,496
2024-07-02,Tuesday,7,Coffee,Lunch,100,125,245
2024-07-02,Tuesday,7,Coffee,Dinner,100,123,432
2024-07-03,Wednesday,7,Pizza,Lunch,350,133,414
2024-07-03,Wednesday,7,Pizza,Dinner,350,139,364
2024-07-03,Wednesday,7,Burger,Lunch,200,111,311
2024-07-03,Wednesday,7,Burger,Dinner,200,123,407
2024-07-03,Wednesday,7,Pasta,Lunch,300,74,341
2024-07-03,Wednesday,7,Pasta,Dinner,300,84,494
2024-07-03,Wednesday,7,Sandwich,Lunch,180,86,473
2024-07-03,Wednesday,7,Sandwich,Dinner,180,84,288
2024-07-03,Wednesday,7,Salad,Lunch,150,31,357
2024-07-03,Wednesday,7,Salad,Dinner,150,76,402
2024-07-03,Wednesday,7,Biryani,Lunch,250,144,385
2024-07-03,Wednesday,7,Biryani,Dinner,250,157,491
2024-07-03,Wednesday,7,Fried Rice,Lunch,220,102,358
2024-07-03,Wednesday,7,Fried Rice,Dinner,220,119,303
2024-07-03,Wednesday,7,Noodles,Lunch,210,79,458
2024-07-03,Wednesday,7,Noodles,Dinner,210,85,212
2024-07-03,Wednesday,7,Ice Cream,Lunch,120,64,402
2024-07-03,Wednesday,7,Ice Cream,Dinner,120,87,311
2024-07-03,Wednesday,7,Coffee,Lunch,100,91,254
2024-07-03,Wednesday,7,Coffee,Dinner,100,138,224
2024-07-04,Thursday,7,Pizza,Lunch,350,125,346
2024-07-04,Thursday,7,Pizza,Dinner,350,145,369
2024-07-04,Thursday,7,Burger,Lunch,200,96,273
2024-07-04,Thursday,7,Burger,Dinner,200,132,213
2024-07-04,Thursday,7,Pasta,Lunch,300,72,208
2024-07-04,Thursday,7,Pasta,Dinner,300,111,305
2024-07-04,Thursday,7,Sandwich,Lunch,180,82,295
2024-07-04,Thursday,7,Sandwich,Dinner,180,74,344
2024-07-04,Thursday,7,Salad,Lunch,150,46,384
2024-07-04,Thursday,7,Salad,Dinner,150,60,446
2024-07-04,Thursday,7,Biryani,Lunch,250,143,446
2024-07-04,Thursday,7,Biryani,Dinner,250,151,408
2024-07-04,Thursday,7,Fried Rice,Lunch,220,90,232
2024-07-04,Thursday,7,Fried Rice,Dinner,220,118,315
2024-07-04,Thursday,7,Noodles,Lunch,210,85,283
2024-07-04,Thursday,7,Noodles,Dinner,210,101,243
2024-07-04,Thursday,7,Ice Cream,Lunch,120,42,429
2024-07-04,Thursday,7,Ice Cream,Dinner,120,82,454
2024-07-04,Thursday,7,Coffee,Lunch,100,128,356
2024-07-04,Thursday,7,Coffee,Dinner,100,121,484
2024-07-05,Friday,7,Pizza,Lunch,350,111,487
2024-07-05,Friday,7,Pizza,Dinner,350,134,331
2024-07-05,Friday,7,Burger,Lunch,200,88,293
2024-07-05,Friday,7,Burger,Dinner,200,106,220
2024-07-05,Friday,7,Pasta,Lunch,300,96,296
2024-07-05,Friday,7,Pasta,Dinner,300,83,369
2024-07-05,Friday,7,Sandwich,Lunch,180,88,295
2024-07-05,Friday,7,Sandwich,Dinner,180,87,232
2024-07-05,Friday,7,Salad,Lunch,150,70,301
2024-07-05,Friday,7,Salad,Dinner,150,66,308
2024-07-05,Friday,7,Biryani,Lunch,250,144,335
2024-07-05,Friday,7,Biryani,Dinner,250,171,279
2024-07-05,Friday,7,Fried Rice,Lunch,220,81,448
2024-07-05,Friday,7,Fried Rice,Dinner,220,113,480
2024-07-05,Friday,7,Noodles,Lunch,210,96,220
2024-07-05,Friday,7,Noodles,Dinner,210,115,219
2024-07-05,Friday,7,Ice Cream,Lunch,120,52,474
2024-07-05,Friday,7,Ice Cream,Dinner,120,71,474
2024-07-05,Friday,7,Coffee,Lunch,100,124,349
2024-07-05,Friday,7,Coffee,Dinner,100,130,472
2024-07-06,Saturday,7,Pizza,Lunch,350,152,351
2024-07-06,Saturday,7,Pizza,Dinner,350,202,295
2024-07-06,Saturday,7,Burger,Lunch,200,160,372
2024-07-06,Saturday,7,Burger,Dinner,200,164,364
2024-07-06,Saturday,7,Pasta,Lunch,300,112,383
2024-07-06,Saturday,7,Pasta,Dinner,300,120,487
2024-07-06,Saturday,7,Sandwich,Lunch,180,100,452
2024-07-06,Saturday,7,Sandwich,Dinner,180,129,329
2024-07-06,Saturday,7,Salad,Lunch,150,81,227
2024-07-06,Saturday,7,Salad,Dinner,150,94,291
2024-07-06,Saturday,7,Biryani,Lunch,250,175,391
2024-07-06,Saturday,7,Biryani,Dinner,250,214,299
2024-07-06,Saturday,7,Fried Rice,Lunch,220,107,404
2024-07-06,Saturday,7,Fried Rice,Dinner,220,139,210
2024-07-06,Saturday,7,Noodles,Lunch,210,135,462
2024-07-06,Saturday,7,Noodles,Dinner,210,153,208
2024-07-06,Saturday,7,Ice Cream,Lunch,120,82,246
2024-07-06,Saturday,7,Ice Cream,Dinner,120,103,450
2024-07-06,Saturday,7,Coffee,Lunch,100,142,478
2024-07-06,Saturday,7,Coffee,Dinner,100,204,419
2024-07-07,Sunday,7,Pizza,Lunch,350,148,338
2024-07-07,Sunday,7,Pizza,Dinner,350,195,425
2024-07-07,Sunday,7,Burger,Lunch,200,131,359
2024-07-07,Sunday,7,Burger,Dinner,200,168,288
2024-07-07,Sunday,7,Pasta,Lunch,300,117,473
2024-07-07,Sunday,7,Pasta,Dinner,300,126,353
2024-07-07,Sunday,7,Sandwich,Lunch,180,100,426
2024-07-07,Sunday,7,Sandwich,Dinner,180,106,215
2024-07-07,Sunday,7,Salad,Lunch,150,63,233
2024-07-07,Sunday,7,Salad,Dinner,150,102,284
2024-07-07,Sunday,7,Biryani,Lunch,250,202,222
2024-07-07,Sunday,7,Biryani,Dinner,250,211,323
2024-07-07,Sunday,7,Fried Rice,Lunch,220,111,340
2024-07-07,Sunday,7,Fried Rice,Dinner,220,166,247
2024-07-07,Sunday,7,Noodles,Lunch,210,114,487
2024-07-07,Sunday,7,Noodles,Dinner,210,139,302
2024-07-07,Sunday,7,Ice Cream,Lunch,120,78,310
2024-07-07,Sunday,7,Ice Cream,Dinner,120,112,381
2024-07-07,Sunday,7,Coffee,Lunch,100,165,456
2024-07-07,Sunday,7,Coffee,Dinner,100,167,233
2024-07-08,Monday,7,Pizza,Lunch,350,118,475
2024-07-08,Monday,7,Pizza,Dinner,350,155,435
2024-07-08,Monday,7,Burger,Lunch,200,99,343
2024-07-08,Monday,7,Burger,Dinner,200,102,285
2024-07-08,Monday,7,Pasta,Lunch,300,91,364
2024-07-08,Monday,7,Pasta,Dinner,300,112,422
2024-07-08,Monday,7,Sandwich,Lunch,180,82,410
2024-07-08,Monday,7,Sandwich,Dinner,180,101,340
2024-07-08,Monday,7,Salad,Lunch,150,61,368
2024-07-08,Monday,7,Salad,Dinner,150,49,445
2024-07-08,Monday,7,Biryani,Lunch,250,115,374
2024-07-08,Monday,7,Biryani,Dinner,250,142,294
2024-07-08,Monday,7,Fried Rice,Lunch,220,85,216
2024-07-08,Monday,7,Fried Rice,Dinner,220,93,327
2024-07-08,Monday,7,Noodles,Lunch,210,66,230
2024-07-08,Monday,7,Noodles,Dinner,210,103,313
2024-07-08,Monday,7,Ice Cream,Lunch,120,67,423
2024-07-08,Monday,7,Ice Cream,Dinner,120,92,342
2024-07-08,Monday,7,Coffee,Lunch,100,111,429
2024-07-08,Monday,7,Coffee,Dinner,100,145,415
2024-07-09,Tuesday,7,Pizza,Lunch,350,136,281
2024-07-09,Tuesday,7,Pizza,Dinner,350,155,419
2024-07-09,Tuesday,7,Burger,Lunch,200,81,354
2024-07-09,Tuesday,7,Burger,Dinner,200,137,359
2024-07-09,Tuesday,7,Pasta,Lunch,300,97,214
2024-07-09,Tuesday,7,Pasta,Dinner,300,95,457
2024-07-09,Tuesday,7,Sandwich,Lunch,180,76,489
2024-07-09,Tuesday,7,Sandwich,Dinner,180,88,232
2024-07-09,Tuesday,7,Salad,Lunch,150,59,464
2024-07-09,Tuesday,7,Salad,Dinner,150,60,329
2024-07-09,Tuesday,7,Biryani,Lunch,250,134,224
2024-07-09,Tuesday,7,Biryani,Dinner,250,154,238
2024-07-09,Tuesday,7,Fried Rice,Lunch,220,86,209
2024-07-09,Tuesday,7,Fried Rice,Dinner,220,94,455
2024-07-09,Tuesday,7,Noodles,Lunch,210,82,475
2024-07-09,Tuesday,7,Noodles,Dinner,210,111,225
2024-07-09,Tuesday,7,Ice Cream,Lunch,120,64,200
2024-07-09,Tuesday,7,Ice Cream,Dinner,120,74,395
2024-07-09,Tuesday,7,Coffee,Lunch,100,100,282
2024-07-09,Tuesday,7,Coffee,Dinner,100,120,374
2024-07-10,Wednesday,7,Pizza,Lunch,350,107,411
2024-07-10,Wednesday,7,Pizza,Dinner,350,135,285
2024-07-10,Wednesday,7,Burger,Lunch,200,82,338
2024-07-10,Wednesday,7,Burger,Dinner,200,119,347
2024-07-10,Wednesday,7,Pasta,Lunch,300,76,469
2024-07-10,Wednesday,7,Pasta,Dinner,300,76,350
2024-07-10,Wednesday,7,Sandwich,Lunch,180,78,240
2024-07-10,Wednesday,7,Sandwich,Dinner,180,101,485
2024-07-10,Wednesday,7,Salad,Lunch,150,51,369
2024-07-10,Wednesday,7,Salad,Dinner,150,42,467
2024-07-10,Wednesday,7,Biryani,Lunch,250,140,257
2024-07-10,Wednesday,7,Biryani,Dinner,250,175,268
2024-07-10,Wednesday,7,Fried Rice,Lunch,220,100,280
2024-07-10,Wednesday,7,Fried Rice,Dinner,220,123,489
2024-07-10,Wednesday,7,Noodles,Lunch,210,103,432
2024-07-10,Wednesday,7,Noodles,Dinner,210,118,385
2024-07-10,Wednesday,7,Ice Cream,Lunch,120,70,446
2024-07-10,Wednesday,7,Ice Cream,Dinner,120,86,286
2024-07-10,Wednesday,7,Coffee,Lunch,100,121,471
2024-07-10,Wednesday,7,Coffee,Dinner,100,119,206
2024-07-11,Thursday,7,Pizza,Lunch,350,127,224
2024-07-11,Thursday,7,Pizza,Dinner,350,143,310
2024-07-11,Thursday,7,Burger,Lunch,200,102,267
2024-07-11,Thursday,7,Burger,Dinner,200,124,383
2024-07-11,Thursday,7,Pasta,Lunch,300,90,290
2024-07-11,Thursday,7,Pasta,Dinner,300,96,347
2024-07-11,Thursday,7,Sandwich,Lunch,180,58,357
2024-07-11,Thursday,7,Sandwich,Dinner,180,68,373
2024-07-11,Thursday,7,Salad,Lunch,150,69,319
2024-07-11,Thursday,7,Salad,Dinner,150,75,417
2024-07-11,Thursday,7,Biryani,Lunch,250,111,201
2024-07-11,Thursday,7,Biryani,Dinner,250,137,332
2024-07-11,Thursday,7,Fried Rice,Lunch,220,96,288
2024-07-11,Thursday,7,Fried Rice,Dinner,220,88,294
2024-07-11,Thursday,7,Noodles,Lunch,210,82,245
2024-07-11,Thursday,7,Noodles,Dinner,210,92,448
2024-07-11,Thursday,7,Ice Cream,Lunch,120,50,376
2024-07-11,Thursday,7,Ice Cream,Dinner,120,65,446
2024-07-11,Thursday,7,Coffee,Lunch,100,105,227
2024-07-11,Thursday,7,Coffee,Dinner,100,126,470
2024-07-12,Friday,7,Pizza,Lunch,350,138,427
2024-07-12,Friday,7,Pizza,Dinner,350,150,257
2024-07-12,Friday,7,Burger,Lunch,200,91,246
2024-07-12,Friday,7,Burger,Dinner,200,140,432
2024-07-12,Friday,7,Pasta,Lunch,300,68,218
2024-07-12,Friday,7,Pasta,Dinner,300,80,312
2024-07-12,Friday,7,Sandwich,Lunch,180,64,427
2024-07-12,Friday,7,Sandwich,Dinner,180,68,494
2024-07-12,Friday,7,Salad,Lunch,150,37,392
2024-07-12,Friday,7,Salad,Dinner,150,67,483
2024-07-12,Friday,7,Biryani,Lunch,250,135,446
2024-07-12,Friday,7,Biryani,Dinner,250,167,376
2024-07-12,Friday,7,Fried Rice,Lunch,220,85,438
2024-07-12,Friday,7,Fried Rice,Dinner,220,96,306
2024-07-12,Friday,7,Noodles,Lunch,210,72,300
2024-07-12,Friday,7,Noodles,Dinner,210,107,268
2024-07-12,Friday,7,Ice Cream,Lunch,120,45,272
2024-07-12,Friday,7,Ice Cream,Dinner,120,68,360
2024-07-12,Friday,7,Coffee,Lunch,100,125,476
2024-07-12,Friday,7,Coffee,Dinner,100,147,463
2024-07-13,Saturday,7,Pizza,Lunch,350,182,293
2024-07-13,Saturday,7,Pizza,Dinner,350,183,251
2024-07-13,Saturday,7,Burger,Lunch,200,146,451
2024-07-13,Saturday,7,Burger,Dinner,200,182,433
2024-07-13,Saturday,7,Pasta,Lunch,300,104,212
2024-07-13,Saturday,7,Pasta,Dinner,300,132,498
2024-07-13,Saturday,7,Sandwich,Lunch,180,115,354
2024-07-13,Saturday,7,Sandwich,Dinner,180,115,280
2024-07-13,Saturday,7,Salad,Lunch,150,73,237
2024-07-13,Saturday,7,Salad,Dinner,150,76,321
2024-07-13,Saturday,7,Biryani,Lunch,250,185,458
2024-07-13,Saturday,7,Biryani,Dinner,250,215,408
2024-07-13,Saturday,7,Fried Rice,Lunch,220,130,281
2024-07-13,Saturday,7,Fried Rice,Dinner,220,168,264
2024-07-13,Saturday,7,Noodles,Lunch,210,122,445
2024-07-13,Saturday,7,Noodles,Dinner,210,154,499
2024-07-13,Saturday,7,Ice Cream,Lunch,120,103,267
2024-07-13,Saturday,7,Ice Cream,Dinner,120,101,365
2024-07-13,Saturday,7,Coffee,Lunch,100,149,328
2024-07-13,Saturday,7,Coffee,Dinner,100,180,306
2024-07-14,Sunday,7,Pizza,Lunch,350,176,214
2024-07-14,Sunday,7,Pizza,Dinner,350,211,361
2024-07-14,Sunday,7,Burger,Lunch,200,148,220
2024-07-14,Sunday,7,Burger,Dinner,200,187,486
2024-07-14,Sunday,7,Pasta,Lunch,300,102,205
2024-07-14,Sunday,7,Pasta,Dinner,300,119,325
2024-07-14,Sunday,7,Sandwich,Lunch,180,118,451
2024-07-14,Sunday,7,Sandwich,Dinner,180,114,201
2024-07-14,Sunday,7,Salad,Lunch,150,59,330
2024-07-14,Sunday,7,Salad,Dinner,150,75,323
2024-07-14,Sunday,7,Biryani,Lunch,250,169,300
2024-07-14,Sunday,7,Biryani,Dinner,250,220,349
2024-07-14,Sunday,7,Fried Rice,Lunch,220,113,396
2024-07-14,Sunday,7,Fried Rice,Dinner,220,144,391
2024-07-14,Sunday,7,Noodles,Lunch,210,108,357
2024-07-14,Sunday,7,Noodles,Dinner,210,133,383
2024-07-14,Sunday,7,Ice Cream,Lunch,120,76,465
2024-07-14,Sunday,7,Ice Cream,Dinner,120,109,305
2024-07-14,Sunday,7,Coffee,Lunch,100,147,267
2024-07-14,Sunday,7,Coffee,Dinner,100,180,325
2024-07-15,Monday,7,Pizza,Lunch,350,113,201
2024-07-15,Monday,7,Pizza,Dinner,350,137,356
2024-07-15,Monday,7,Burger,Lunch,200,118,284
2024-07-15,Monday,7,Burger,Dinner,200,120,279
2024-07-15,Monday,7,Pasta,Lunch,300,61,440
2024-07-15,Monday,7,Pasta,Dinner,300,81,293
2024-07-15,Monday,7,Sandwich,Lunch,180,71,312
2024-07-15,Monday,7,Sandwich,Dinner,180,95,497
2024-07-15,Monday,7,Salad,Lunch,150,49,278
2024-07-15,Monday,7,Salad,Dinner,150,68,333
2024-07-15,Monday,7,Biryani,Lunch,250,117,463
2024-07-15,Monday,7,Biryani,Dinner,250,151,297
2024-07-15,Monday,7,Fried Rice,Lunch,220,107,491
2024-07-15,Monday,7,Fried Rice,Dinner,220,102,365
2024-07-15,Monday,7,Noodles,Lunch,210,66,449
2024-07-15,Monday,7,Noodles,Dinner,210,95,374
2024-07-15,Monday,7,Ice Cream,Lunch,120,55,356
2024-07-15,Monday,7,Ice Cream,Dinner,120,88,285
2024-07-15,Monday,7,Coffee,Lunch,100,97,357
2024-07-15,Monday,7,Coffee,Dinner,100,140,484
2024-07-16,Tuesday,7,Pizza,Lunch,350,101,236
2024-07-16,Tuesday,7,Pizza,Dinner,350,162,287
2024-07-16,Tuesday,7,Burger,Lunch,200,94,478
2024-07-16,Tuesday,7,Burger,Dinner,200,115,346
2024-07-16,Tuesday,7,Pasta,Lunch,300,92,376
2024-07-16,Tuesday,7,Pasta,Dinner,300,81,498
2024-07-16,Tuesday,7,Sandwich,Lunch,180,75,406
2024-07-16,Tuesday,7,Sandwich,Dinner,180,97,333
2024-07-16,Tuesday,7,Salad,Lunch,150,58,402
2024-07-16,Tuesday,7,Salad,Dinner,150,70,335
2024-07-16,Tuesday,7,Biryani,Lunch,250,148,334
2024-07-16,Tuesday,7,Biryani,Dinner,250,164,419
2024-07-16,Tuesday,7,Fried Rice,Lunch,220,97,375
2024-07-16,Tuesday,7,Fried Rice,Dinner,220,95,339
2024-07-16,Tuesday,7,Noodles,Lunch,210,89,234
2024-07-16,Tuesday,7,Noodles,Dinner,210,108,338
2024-07-16,Tuesday,7,Ice Cream,Lunch,120,41,397
2024-07-16,Tuesday,7,Ice Cream,Dinner,120,77,217
2024-07-16,Tuesday,7,Coffee,Lunch,100,121,473
2024-07-16,Tuesday,7,Coffee,Dinner,100,151,200
2024-07-17,Wednesday,7,Pizza,Lunch,350,115,215
2024-07-17,Wednesday,7,Pizza,Dinner,350,145,493
2024-07-17,Wednesday,7,Burger,Lunch,200,114,231
2024-07-17,Wednesday,7,Burger,Dinner,200,135,299
2024-07-17,Wednesday,7,Pasta,Lunch,300,88,208
2024-07-17,Wednesday,7,Pasta,Dinner,300,100,303
2024-07-17,Wednesday,7,Sandwich,Lunch,180,82,286
2024-07-17,Wednesday,7,Sandwich,Dinner,180,81,340
2024-07-17,Wednesday,7,Salad,Lunch,150,56,483
2024-07-17,Wednesday,7,Salad,Dinner,150,56,387
2024-07-17,Wednesday,7,Biryani,Lunch,250,124,430
2024-07-17,Wednesday,7,Biryani,Dinner,250,175,272
2024-07-17,Wednesday,7,Fried Rice,Lunch,220,102,311
2024-07-17,Wednesday,7,Fried Rice,Dinner,220,99,338
2024-07-17,Wednesday,7,Noodles,Lunch,210,66,430
2024-07-17,Wednesday,7,Noodles,Dinner,210,92,236
2024-07-17,Wednesday,7,Ice Cream,Lunch,120,68,400
2024-07-17,Wednesday,7,Ice Cream,Dinner,120,52,329
2024-07-17,Wednesday,7,Coffee,Lunch,100,120,443
2024-07-17,Wednesday,7,Coffee,Dinner,100,115,388
2024-07-18,Thursday,7,Pizza,Lunch,350,140,444
2024-07-18,Thursday,7,Pizza,Dinner,350,158,215
2024-07-18,Thursday,7,Burger,Lunch,200,104,455
2024-07-18,Thursday,7,Burger,Dinner,200,123,286
2024-07-18,Thursday,7,Pasta,Lunch,300,63,435
2024-07-18,Thursday,7,Pasta,Dinner,300,112,415
2024-07-18,Thursday,7,Sandwich,Lunch,180,51,259
2024-07-18,Thursday,7,Sandwich,Dinner,180,100,201
2024-07-18,Thursday,7,Salad,Lunch,150,49,400
2024-07-18,Thursday,7,Salad,Dinner,150,42,220
2024-07-18,Thursday,7,Biryani,Lunch,250,135,236
2024-07-18,Thursday,7,Biryani,Dinner,250,167,200
2024-07-18,Thursday,7,Fried Rice,Lunch,220,72,336
2024-07-18,Thursday,7,Fried Rice,Dinner,220,112,329
2024-07-18,Thursday,7,Noodles,Lunch,210,67,492
2024-07-18,Thursday,7,Noodles,Dinner,210,108,253
2024-07-18,Thursday,7,Ice Cream,Lunch,120,61,323
2024-07-18,Thursday,7,Ice Cream,Dinner,120,60,412
2024-07-18,Thursday,7,Coffee,Lunch,100,110,403
2024-07-18,Thursday,7,Coffee,Dinner,100,142,444
2024-07-19,Friday,7,Pizza,Lunch,350,123,392
2024-07-19,Friday,7,Pizza,Dinner,350,159,377
2024-07-19,Friday,7,Burger,Lunch,200,95,430
2024-07-19,Friday,7,Burger,Dinner,200,130,393
2024-07-19,Friday,7,Pasta,Lunch,300,66,398
2024-07-19,Friday,7,Pasta,Dinner,300,116,213
2024-07-19,Friday,7,Sandwich,Lunch,180,76,290
2024-07-19,Friday,7,Sandwich,Dinner,180,86,282
2024-07-19,Friday,7,Salad,Lunch,150,51,375
2024-07-19,Friday,7,Salad,Dinner,150,80,474
2024-07-19,Friday,7,Biryani,Lunch,250,136,465
2024-07-19,Friday,7,Biryani,Dinner,250,157,497
2024-07-19,Friday,7,Fried Rice,Lunch,220,103,266
2024-07-19,Friday,7,Fried Rice,Dinner,220,112,286
2024-07-19,Friday,7,Noodles,Lunch,210,101,344
2024-07-19,Friday,7,Noodles,Dinner,210,97,472
2024-07-19,Friday,7,Ice Cream,Lunch,120,60,479
2024-07-19,Friday,7,Ice Cream,Dinner,120,71,353
2024-07-19,Friday,7,Coffee,Lunch,100,103,412
2024-07-19,Friday,7,Coffee,Dinner,100,124,206
2024-07-20,Saturday,7,Pizza,Lunch,350,176,376
2024-07-20,Saturday,7,Pizza,Dinner,350,198,321
2024-07-20,Saturday,7,Burger,Lunch,200,149,499
2024-07-20,Saturday,7,Burger,Dinner,200,181,492
2024-07-20,Saturday,7,Pasta,Lunch,300,113,351
2024-07-20,Saturday,7,Pasta,Dinner,300,146,405
2024-07-20,Saturday,7,Sandwich,Lunch,180,118,347
2024-07-20,Saturday,7,Sandwich,Dinner,180,125,369
2024-07-20,Saturday,7,Salad,Lunch,150,68,358
2024-07-20,Saturday,7,Salad,Dinner,150,65,470
2024-07-20,Saturday,7,Biryani,Lunch,250,184,385
2024-07-20,Saturday,7,Biryani,Dinner,250,222,462
2024-07-20,Saturday,7,Fried Rice,Lunch,220,133,436
2024-07-20,Saturday,7,Fried Rice,Dinner,220,168,376
2024-07-20,Saturday,7,Noodles,Lunch,210,138,349
2024-07-20,Saturday,7,Noodles,Dinner,210,156,428
2024-07-20,Saturday,7,Ice Cream,Lunch,120,94,422
2024-07-20,Saturday,7,Ice Cream,Dinner,120,90,242
2024-07-20,Saturday,7,Coffee,Lunch,100,154,366
2024-07-20,Saturday,7,Coffee,Dinner,100,168,418
2024-07-21,Sunday,7,Pizza,Lunch,350,179,335
2024-07-21,Sunday,7,Pizza,Dinner,350,213,476
2024-07-21,Sunday,7,Burger,Lunch,200,156,377
2024-07-21,Sunday,7,Burger,Dinner,200,178,460
2024-07-21,Sunday,7,Pasta,Lunch,300,130,229
2024-07-21,Sunday,7,Pasta,Dinner,300,138,438
2024-07-21,Sunday,7,Sandwich,Lunch,180,80,216
2024-07-21,Sunday,7,Sandwich,Dinner,180,101,452
2024-07-21,Sunday,7,Salad,Lunch,150,64,480
2024-07-21,Sunday,7,Salad,Dinner,150,80,417
2024-07-21,Sunday,7,Biryani,Lunch,250,201,259
2024-07-21,Sunday,7,Biryani,Dinner,250,223,300
2024-07-21,Sunday,7,Fried Rice,Lunch,220,122,492
2024-07-21,Sunday,7,Fried Rice,Dinner,220,164,374
2024-07-21,Sunday,7,Noodles,Lunch,210,99,488
2024-07-21,Sunday,7,Noodles,Dinner,210,128,462
2024-07-21,Sunday,7,Ice Cream,Lunch,120,67,415
2024-07-21,Sunday,7,Ice Cream,Dinner,120,92,367
2024-07-21,Sunday,7,Coffee,Lunch,100,172,331
2024-07-21,Sunday,7,Coffee,Dinner,100,202,464
2024-07-22,Monday,7,Pizza,Lunch,350,134,368
2024-07-22,Monday,7,Pizza,Dinner,350,148,225
2024-07-22,Monday,7,Burger,Lunch,200,109,353
2024-07-22,Monday,7,Burger,Dinner,200,100,374
2024-07-22,Monday,7,Pasta,Lunch,300,65,298
2024-07-22,Monday,7,Pasta,Dinner,300,115,260
2024-07-22,Monday,7,Sandwich,Lunch,180,57,268
2024-07-22,Monday,7,Sandwich,Dinner,180,98,247
2024-07-22,Monday,7,Salad,Lunch,150,59,299
2024-07-22,Monday,7,Salad,Dinner,150,54,296
2024-07-22,Monday,7,Biryani,Lunch,250,135,388
2024-07-22,Monday,7,Biryani,Dinner,250,165,382
2024-07-22,Monday,7,Fried Rice,Lunch,220,102,330
2024-07-22,Monday,7,Fried Rice,Dinner,220,127,472
2024-07-22,Monday,7,Noodles,Lunch,210,77,447
2024-07-22,Monday,7,Noodles,Dinner,210,119,332
2024-07-22,Monday,7,Ice Cream,Lunch,120,40,264
2024-07-22,Monday,7,Ice Cream,Dinner,120,86,461
2024-07-22,Monday,7,Coffee,Lunch,100,113,284
2024-07-22,Monday,7,Coffee,Dinner,100,117,428
2024-07-23,Tuesday,7,Pizza,Lunch,350,111,493
2024-07-23,Tuesday,7,Pizza,Dinner,350,161,228
2024-07-23,Tuesday,7,Burger,Lunch,200,98,441
2024-07-23,Tuesday,7,Burger,Dinner,200,120,244
2024-07-23,Tuesday,7,Pasta,Lunch,300,81,210
2024-07-23,Tuesday,7,Pasta,Dinner,300,88,445
2024-07-23,Tuesday,7,Sandwich,Lunch,180,74,306
2024-07-23,Tuesday,7,Sandwich,Dinner,180,67,245
2024-07-23,Tuesday,7,Salad,Lunch,150,61,335
2024-07-23,Tuesday,7,Salad,Dinner,150,74,204
2024-07-23,Tuesday,7,Biryani,Lunch,250,134,484
2024-07-23,Tuesday,7,Biryani,Dinner,250,175,266
2024-07-23,Tuesday,7,Fried Rice,Lunch,220,89,358
2024-07-23,Tuesday,7,Fried Rice,Dinner,220,99,414
2024-07-23,Tuesday,7,Noodles,Lunch,210,65,481
2024-07-23,Tuesday,7,Noodles,Dinner,210,90,435
2024-07-23,Tuesday,7,Ice Cream,Lunch,120,76,393
2024-07-23,Tuesday,7,Ice Cream,Dinner,120,74,364
2024-07-23,Tuesday,7,Coffee,Lunch,100,101,217
2024-07-23,Tuesday,7,Coffee,Dinner,100,140,416
2024-07-24,Wednesday,7,Pizza,Lunch,350,122,305
2024-07-24,Wednesday,7,Pizza,Dinner,350,159,464
2024-07-24,Wednesday,7,Burger,Lunch,200,82,497
2024-07-24,Wednesday,7,Burger,Dinner,200,139,440
2024-07-24,Wednesday,7,Pasta,Lunch,300,72,431
2024-07-24,Wednesday,7,Pasta,Dinner,300,101,466
2024-07-24,Wednesday,7,Sandwich,Lunch,180,73,251
2024-07-24,Wednesday,7,Sandwich,Dinner,180,87,299
2024-07-24,Wednesday,7,Salad,Lunch,150,50,406
2024-07-24,Wednesday,7,Salad,Dinner,150,70,470
2024-07-24,Wednesday,7,Biryani,Lunch,250,141,256
2024-07-24,Wednesday,7,Biryani,Dinner,250,171,399
2024-07-24,Wednesday,7,Fried Rice,Lunch,220,86,408
2024-07-24,Wednesday,7,Fried Rice,Dinner,220,106,422
2024-07-24,Wednesday,7,Noodles,Lunch,210,86,347
2024-07-24,Wednesday,7,Noodles,Dinner,210,116,274
2024-07-24,Wednesday,7,Ice Cream,Lunch,120,42,421
2024-07-24,Wednesday,7,Ice Cream,Dinner,120,57,292
2024-07-24,Wednesday,7,Coffee,Lunch,100,121,328
2024-07-24,Wednesday,7,Coffee,Dinner,100,121,281
2024-07-25,Thursday,7,Pizza,Lunch,350,123,347
2024-07-25,Thursday,7,Pizza,Dinner,350,150,363
2024-07-25,Thursday,7,Burger,Lunch,200,120,245
2024-07-25,Thursday,7,Burger,Dinner,200,118,283
2024-07-25,Thursday,7,Pasta,Lunch,300,95,217
2024-07-25,Thursday,7,Pasta,Dinner,300,83,247
2024-07-25,Thursday,7,Sandwich,Lunch,180,79,273
2024-07-25,Thursday,7,Sandwich,Dinner,180,103,477
2024-07-25,Thursday,7,Salad,Lunch,150,63,497
2024-07-25,Thursday,7,Salad,Dinner,150,76,260
2024-07-25,Thursday,7,Biryani,Lunch,250,120,448
2024-07-25,Thursday,7,Biryani,Dinner,250,163,430
2024-07-25,Thursday,7,Fried Rice,Lunch,220,90,416
2024-07-25,Thursday,7,Fried Rice,Dinner,220,115,362
2024-07-25,Thursday,7,Noodles,Lunch,210,78,340
2024-07-25,Thursday,7,Noodles,Dinner,210,111,321
2024-07-25,Thursday,7,Ice Cream,Lunch,120,64,207
2024-07-25,Thursday,7,Ice Cream,Dinner,120,87,275
2024-07-25,Thursday,7,Coffee,Lunch,100,118,355
2024-07-25,Thursday,7,Coffee,Dinner,100,147,486
2024-07-26,Friday,7,Pizza,Lunch,350,129,243
2024-07-26,Friday,7,Pizza,Dinner,350,155,342
2024-07-26,Friday,7,Burger,Lunch,200,88,343
2024-07-26,Friday,7,Burger,Dinner,200,121,408
2024-07-26,Friday,7,Pasta,Lunch,300,75,347
2024-07-26,Friday,7,Pasta,Dinner,300,92,245
2024-07-26,Friday,7,Sandwich,Lunch,180,72,394
2024-07-26,Friday,7,Sandwich,Dinner,180,98,448
2024-07-26,Friday,7,Salad,Lunch,150,32,339
2024-07-26,Friday,7,Salad,Dinner,150,79,338
2024-07-26,Friday,7,Biryani,Lunch,250,117,457
2024-07-26,Friday,7,Biryani,Dinner,250,153,442
2024-07-26,Friday,7,Fried Rice,Lunch,220,80,382
2024-07-26,Friday,7,Fried Rice,Dinner,220,89,442
2024-07-26,Friday,7,Noodles,Lunch,210,75,307
2024-07-26,Friday,7,Noodles,Dinner,210,118,241
2024-07-26,Friday,7,Ice Cream,Lunch,120,62,332
2024-07-26,Friday,7,Ice Cream,Dinner,120,66,243
2024-07-26,Friday,7,Coffee,Lunch,100,110,233
2024-07-26,Friday,7,Coffee,Dinner,100,113,224
2024-07-27,Saturday,7,Pizza,Lunch,350,169,434
2024-07-27,Saturday,7,Pizza,Dinner,350,209,209
2024-07-27,Saturday,7,Burger,Lunch,200,136,200
2024-07-27,Saturday,7,Burger,Dinner,200,166,281
2024-07-27,Saturday,7,Pasta,Lunch,300,123,385
2024-07-27,Saturday,7,Pasta,Dinner,300,133,357
2024-07-27,Saturday,7,Sandwich,Lunch,180,86,208
2024-07-27,Saturday,7,Sandwich,Dinner,180,113,430
2024-07-27,Saturday,7,Salad,Lunch,150,63,418
2024-07-27,Saturday,7,Salad,Dinner,150,64,414
2024-07-27,Saturday,7,Biryani,Lunch,250,200,410
2024-07-27,Saturday,7,Biryani,Dinner,250,218,200
2024-07-27,Saturday,7,Fried Rice,Lunch,220,120,264
2024-07-27,Saturday,7,Fried Rice,Dinner,220,166,366
2024-07-27,Saturday,7,Noodles,Lunch,210,131,289
2024-07-27,Saturday,7,Noodles,Dinner,210,135,358
2024-07-27,Saturday,7,Ice Cream,Lunch,120,68,353
2024-07-27,Saturday,7,Ice Cream,Dinner,120,87,247
2024-07-27,Saturday,7,Coffee,Lunch,100,167,379
2024-07-27,Saturday,7,Coffee,Dinner,100,168,452
2024-07-28,Sunday,7,Pizza,Lunch,350,170,436
2024-07-28,Sunday,7,Pizza,Dinner,350,183,346
2024-07-28,Sunday,7,Burger,Lunch,200,142,381
2024-07-28,Sunday,7,Burger,Dinner,200,151,422
2024-07-28,Sunday,7,Pasta,Lunch,300,97,362
2024-07-28,Sunday,7,Pasta,Dinner,300,115,416
2024-07-28,Sunday,7,Sandwich,Lunch,180,89,438
2024-07-28,Sunday,7,Sandwich,Dinner,180,97,362
2024-07-28,Sunday,7,Salad,Lunch,150,53,323
2024-07-28,Sunday,7,Salad,Dinner,150,99,418
2024-07-28,Sunday,7,Biryani,Lunch,250,199,289
2024-07-28,Sunday,7,Biryani,Dinner,250,234,340
2024-07-28,Sunday,7,Fried Rice,Lunch,220,105,408
2024-07-28,Sunday,7,Fried Rice,Dinner,220,148,477
2024-07-28,Sunday,7,Noodles,Lunch,210,109,458
2024-07-28,Sunday,7,Noodles,Dinner,210,147,467
2024-07-28,Sunday,7,Ice Cream,Lunch,120,64,246
2024-07-28,Sunday,7,Ice Cream,Dinner,120,90,387
2024-07-28,Sunday,7,Coffee,Lunch,100,143,354
2024-07-28,Sunday,7,Coffee,Dinner,100,185,283
2024-07-29,Monday,7,Pizza,Lunch,350,139,414
2024-07-29,Monday,7,Pizza,Dinner,350,141,224
2024-07-29,Monday,7,Burger,Lunch,200,97,264
2024-07-29,Monday,7,Burger,Dinner,200,127,378
2024-07-29,Monday,7,Pasta,Lunch,300,68,391
2024-07-29,Monday,7,Pasta,Dinner,300,112,407
2024-07-29,Monday,7,Sandwich,Lunch,180,61,231
2024-07-29,Monday,7,Sandwich,Dinner,180,98,456
2024-07-29,Monday,7,Salad,Lunch,150,70,408
2024-07-29,Monday,7,Salad,Dinner,150,46,237
2024-07-29,Monday,7,Biryani,Lunch,250,114,346
2024-07-29,Monday,7,Biryani,Dinner,250,169,247
2024-07-29,Monday,7,Fried Rice,Lunch,220,98,425
2024-07-29,Monday,7,Fried Rice,Dinner,220,118,291
2024-07-29,Monday,7,Noodles,Lunch,210,71,497
2024-07-29,Monday,7,Noodles,Dinner,210,97,442
2024-07-29,Monday,7,Ice Cream,Lunch,120,77,457
2024-07-29,Monday,7,Ice Cream,Dinner,120,76,417
2024-07-29,Monday,7,Coffee,Lunch,100,96,279
2024-07-29,Monday,7,Coffee,Dinner,100,113,400
2024-07-30,Tuesday,7,Pizza,Lunch,350,134,460
2024-07-30,Tuesday,7,Pizza,Dinner,350,152,347
2024-07-30,Tuesday,7,Burger,Lunch,200,120,299
2024-07-30,Tuesday,7,Burger,Dinner,200,124,492
2024-07-30,Tuesday,7,Pasta,Lunch,300,94,315
2024-07-30,Tuesday,7,Pasta,Dinner,300,86,279
2024-07-30,Tuesday,7,Sandwich,Lunch,180,70,257
2024-07-30,Tuesday,7,Sandwich,Dinner,180,94,218
2024-07-30,Tuesday,7,Salad,Lunch,150,48,273
2024-07-30,Tuesday,7,Salad,Dinner,150,60,488
2024-07-30,Tuesday,7,Biryani,Lunch,250,134,368
2024-07-30,Tuesday,7,Biryani,Dinner,250,157,372
2024-07-30,Tuesday,7,Fried Rice,Lunch,220,98,374
2024-07-30,Tuesday,7,Fried Rice,Dinner,220,113,500
2024-07-30,Tuesday,7,Noodles,Lunch,210,75,441
2024-07-30,Tuesday,7,Noodles,Dinner,210,110,345
2024-07-30,Tuesday,7,Ice Cream,Lunch,120,79,204
2024-07-30,Tuesday,7,Ice Cream,Dinner,120,73,457
2024-07-30,Tuesday,7,Coffee,Lunch,100,101,369
2024-07-30,Tuesday,7,Coffee,Dinner,100,149,479
2024-07-31,Wednesday,7,Pizza,Lunch,350,128,236
2024-07-31,Wednesday,7,Pizza,Dinner,350,162,491
2024-07-31,Wednesday,7,Burger,Lunch,200,89,345
2024-07-31,Wednesday,7,Burger,Dinner,200,127,421
2024-07-31,Wednesday,7,Pasta,Lunch,300,60,271
2024-07-31,Wednesday,7,Pasta,Dinner,300,80,478
2024-07-31,Wednesday,7,Sandwich,Lunch,180,89,237
2024-07-31,Wednesday,7,Sandwich,Dinner,180,75,314
2024-07-31,Wednesday,7,Salad,Lunch,150,59,259
2024-07-31,Wednesday,7,Salad,Dinner,150,58,379
2024-07-31,Wednesday,7,Biryani,Lunch,250,148,311
2024-07-31,Wednesday,7,Biryani,Dinner,250,141,267
2024-07-31,Wednesday,7,Fried Rice,Lunch,220,107,347
2024-07-31,Wednesday,7,Fried Rice,Dinner,220,88,248
2024-07-31,Wednesday,7,Noodles,Lunch,210,73,264
2024-07-31,Wednesday,7,Noodles,Dinner,210,121,209
2024-07-31,Wednesday,7,Ice Cream,Lunch,120,53,364
2024-07-31,Wednesday,7,Ice Cream,Dinner,120,55,216
2024-07-31,Wednesday,7,Coffee,Lunch,100,100,469
2024-07-31,Wednesday,7,Coffee,Dinner,100,120,322
2024-08-01,Thursday,8,Pizza,Lunch,350,105,339
2024-08-01,Thursday,8,Pizza,Dinner,350,151,267
2024-08-01,Thursday,8,Burger,Lunch,200,81,207
2024-08-01,Thursday,8,Burger,Dinner,200,104,480
2024-08-01,Thursday,8,Pasta,Lunch,300,89,497
2024-08-01,Thursday,8,Pasta,Dinner,300,91,338
2024-08-01,Thursday,8,Sandwich,Lunch,180,76,398
2024-08-01,Thursday,8,Sandwich,Dinner,180,69,309
2024-08-01,Thursday,8,Salad,Lunch,150,47,314
2024-08-01,Thursday,8,Salad,Dinner,150,75,361
2024-08-01,Thursday,8,Biryani,Lunch,250,130,205
2024-08-01,Thursday,8,Biryani,Dinner,250,159,440
2024-08-01,Thursday,8,Fried Rice,Lunch,220,102,298
2024-08-01,Thursday,8,Fried Rice,Dinner,220,94,223
2024-08-01,Thursday,8,Noodles,Lunch,210,85,206
2024-08-01,Thursday,8,Noodles,Dinner,210,115,457
2024-08-01,Thursday,8,Ice Cream,Lunch,120,78,349
2024-08-01,Thursday,8,Ice Cream,Dinner,120,57,241
2024-08-01,Thursday,8,Coffee,Lunch,100,90,405
2024-08-01,Thursday,8,Coffee,Dinner,100,115,438
2024-08-02,Friday,8,Pizza,Lunch,350,112,300
2024-08-02,Friday,8,Pizza,Dinner,350,133,370
2024-08-02,Friday,8,Burger,Lunch,200,94,408
2024-08-02,Friday,8,Burger,Dinner,200,122,490
2024-08-02,Friday,8,Pasta,Lunch,300,60,484
2024-08-02,Friday,8,Pasta,Dinner,300,103,477
2024-08-02,Friday,8,Sandwich,Lunch,180,55,215
2024-08-02,Friday,8,Sandwich,Dinner,180,80,400
2024-08-02,Friday,8,Salad,Lunch,150,35,352
2024-08-02,Friday,8,Salad,Dinner,150,63,349
2024-08-02,Friday,8,Biryani,Lunch,250,129,369
2024-08-02,Friday,8,Biryani,Dinner,250,171,481
2024-08-02,Friday,8,Fried Rice,Lunch,220,94,433
2024-08-02,Friday,8,Fried Rice,Dinner,220,123,227
2024-08-02,Friday,8,Noodles,Lunch,210,97,439
2024-08-02,Friday,8,Noodles,Dinner,210,85,262
2024-08-02,Friday,8,Ice Cream,Lunch,120,76,286
2024-08-02,Friday,8,Ice Cream,Dinner,120,63,390
2024-08-02,Friday,8,Coffee,Lunch,100,130,441
2024-08-02,Friday,8,Coffee,Dinner,100,121,290
2024-08-03,Saturday,8,Pizza,Lunch,350,155,271
2024-08-03,Saturday,8,Pizza,Dinner,350,203,400
2024-08-03,Saturday,8,Burger,Lunch,200,155,442
2024-08-03,Saturday,8,Burger,Dinner,200,183,288
2024-08-03,Saturday,8,Pasta,Lunch,300,117,333
2024-08-03,Saturday,8,Pasta,Dinner,300,135,425
2024-08-03,Saturday,8,Sandwich,Lunch,180,96,202
2024-08-03,Saturday,8,Sandwich,Dinner,180,121,285
2024-08-03,Saturday,8,Salad,Lunch,150,80,476
2024-08-03,Saturday,8,Salad,Dinner,150,72,412
2024-08-03,Saturday,8,Biryani,Lunch,250,173,413
2024-08-03,Saturday,8,Biryani,Dinner,250,227,372
2024-08-03,Saturday,8,Fried Rice,Lunch,220,109,389
2024-08-03,Saturday,8,Fried Rice,Dinner,220,161,386
2024-08-03,Saturday,8,Noodles,Lunch,210,130,330
2024-08-03,Saturday,8,Noodles,Dinner,210,158,248
2024-08-03,Saturday,8,Ice Cream,Lunch,120,85,347
2024-08-03,Saturday,8,Ice Cream,Dinner,120,102,227
2024-08-03,Saturday,8,Coffee,Lunch,100,172,332
2024-08-03,Saturday,8,Coffee,Dinner,100,201,332
2024-08-04,Sunday,8,Pizza,Lunch,350,159,414
2024-08-04,Sunday,8,Pizza,Dinner,350,221,368
2024-08-04,Sunday,8,Burger,Lunch,200,151,274
2024-08-04,Sunday,8,Burger,Dinner,200,173,343
2024-08-04,Sunday,8,Pasta,Lunch,300,94,338
2024-08-04,Sunday,8,Pasta,Dinner,300,116,476
2024-08-04,Sunday,8,Sandwich,Lunch,180,113,487
2024-08-04,Sunday,8,Sandwich,Dinner,180,101,211
2024-08-04,Sunday,8,Salad,Lunch,150,56,443
2024-08-04,Sunday,8,Salad,Dinner,150,72,454
2024-08-04,Sunday,8,Biryani,Lunch,250,188,299
2024-08-04,Sunday,8,Biryani,Dinner,250,199,247
2024-08-04,Sunday,8,Fried Rice,Lunch,220,123,254
2024-08-04,Sunday,8,Fried Rice,Dinner,220,142,244
2024-08-04,Sunday,8,Noodles,Lunch,210,124,205
2024-08-04,Sunday,8,Noodles,Dinner,210,123,348
2024-08-04,Sunday,8,Ice Cream,Lunch,120,77,235
2024-08-04,Sunday,8,Ice Cream,Dinner,120,102,383
2024-08-04,Sunday,8,Coffee,Lunch,100,151,466
2024-08-04,Sunday,8,Coffee,Dinner,100,166,424
2024-08-05,Monday,8,Pizza,Lunch,350,110,217
2024-08-05,Monday,8,Pizza,Dinner,350,151,341
2024-08-05,Monday,8,Burger,Lunch,200,87,367
2024-08-05,Monday,8,Burger,Dinner,200,121,423
2024-08-05,Monday,8,Pasta,Lunch,300,97,344
2024-08-05,Monday,8,Pasta,Dinner,300,84,424
2024-08-05,Monday,8,Sandwich,Lunch,180,59,319
2024-08-05,Monday,8,Sandwich,Dinner,180,80,364
2024-08-05,Monday,8,Salad,Lunch,150,30,308
2024-08-05,Monday,8,Salad,Dinner,150,67,476
2024-08-05,Monday,8,Biryani,Lunch,250,149,299
2024-08-05,Monday,8,Biryani,Dinner,250,141,335
2024-08-05,Monday,8,Fried Rice,Lunch,220,109,338
2024-08-05,Monday,8,Fried Rice,Dinner,220,120,481
2024-08-05,Monday,8,Noodles,Lunch,210,70,271
2024-08-05,Monday,8,Noodles,Dinner,210,98,331
2024-08-05,Monday,8,Ice Cream,Lunch,120,59,483
2024-08-05,Monday,8,Ice Cream,Dinner,120,86,222
2024-08-05,Monday,8,Coffee,Lunch,100,124,412
2024-08-05,Monday,8,Coffee,Dinner,100,146,498
2024-08-06,Tuesday,8,Pizza,Lunch,350,109,409
2024-08-06,Tuesday,8,Pizza,Dinner,350,129,468
2024-08-06,Tuesday,8,Burger,Lunch,200,113,485
2024-08-06,Tuesday,8,Burger,Dinner,200,131,387
2024-08-06,Tuesday,8,Pasta,Lunch,300,78,496
2024-08-06,Tuesday,8,Pasta,Dinner,300,100,467
2024-08-06,Tuesday,8,Sandwich,Lunch,180,64,291
2024-08-06,Tuesday,8,Sandwich,Dinner,180,72,229
2024-08-06,Tuesday,8,Salad,Lunch,150,64,496
2024-08-06,Tuesday,8,Salad,Dinner,150,70,303
2024-08-06,Tuesday,8,Biryani,Lunch,250,146,434
2024-08-06,Tuesday,8,Biryani,Dinner,250,136,310
2024-08-06,Tuesday,8,Fried Rice,Lunch,220,98,266
2024-08-06,Tuesday,8,Fried Rice,Dinner,220,97,494
2024-08-06,Tuesday,8,Noodles,Lunch,210,99,312
2024-08-06,Tuesday,8,Noodles,Dinner,210,120,262
2024-08-06,Tuesday,8,Ice Cream,Lunch,120,43,470
2024-08-06,Tuesday,8,Ice Cream,Dinner,120,73,396
2024-08-06,Tuesday,8,Coffee,Lunch,100,101,427
2024-08-06,Tuesday,8,Coffee,Dinner,100,127,287
2024-08-07,Wednesday,8,Pizza,Lunch,350,104,329
2024-08-07,Wednesday,8,Pizza,Dinner,350,148,478
2024-08-07,Wednesday,8,Burger,Lunch,200,106,409
2024-08-07,Wednesday,8,Burger,Dinner,200,123,413
2024-08-07,Wednesday,8,Pasta,Lunch,300,78,237
2024-08-07,Wednesday,8,Pasta,Dinner,300,106,272
2024-08-07,Wednesday,8,Sandwich,Lunch,180,85,470
2024-08-07,Wednesday,8,Sandwich,Dinner,180,88,204
2024-08-07,Wednesday,8,Salad,Lunch,150,64,277
2024-08-07,Wednesday,8,Salad,Dinner,150,52,439
2024-08-07,Wednesday,8,Biryani,Lunch,250,128,432
2024-08-07,Wednesday,8,Biryani,Dinner,250,169,456
2024-08-07,Wednesday,8,Fried Rice,Lunch,220,97,200
2024-08-07,Wednesday,8,Fried Rice,Dinner,220,99,372
2024-08-07,Wednesday,8,Noodles,Lunch,210,66,428
2024-08-07,Wednesday,8,Noodles,Dinner,210,104,222
2024-08-07,Wednesday,8,Ice Cream,Lunch,120,54,424
2024-08-07,Wednesday,8,Ice Cream,Dinner,120,88,262
2024-08-07,Wednesday,8,Coffee,Lunch,100,106,248
2024-08-07,Wednesday,8,Coffee,Dinner,100,136,285
2024-08-08,Thursday,8,Pizza,Lunch,350,124,216
2024-08-08,Thursday,8,Pizza,Dinner,350,154,468
2024-08-08,Thursday,8,Burger,Lunch,200,96,258
2024-08-08,Thursday,8,Burger,Dinner,200,140,269
2024-08-08,Thursday,8,Pasta,Lunch,300,71,386
2024-08-08,Thursday,8,Pasta,Dinner,300,82,403
2024-08-08,Thursday,8,Sandwich,Lunch,180,56,202
2024-08-08,Thursday,8,Sandwich,Dinner,180,64,364
2024-08-08,Thursday,8,Salad,Lunch,150,67,284
2024-08-08,Thursday,8,Salad,Dinner,150,57,260
2024-08-08,Thursday,8,Biryani,Lunch,250,149,261
2024-08-08,Thursday,8,Biryani,Dinner,250,162,450
2024-08-08,Thursday,8,Fried Rice,Lunch,220,83,228
2024-08-08,Thursday,8,Fried Rice,Dinner,220,113,356
2024-08-08,Thursday,8,Noodles,Lunch,210,84,498
2024-08-08,Thursday,8,Noodles,Dinner,210,95,253
2024-08-08,Thursday,8,Ice Cream,Lunch,120,76,290
2024-08-08,Thursday,8,Ice Cream,Dinner,120,65,420
2024-08-08,Thursday,8,Coffee,Lunch,100,111,218
2024-08-08,Thursday,8,Coffee,Dinner,100,133,295
2024-08-09,Friday,8,Pizza,Lunch,350,119,325
2024-08-09,Friday,8,Pizza,Dinner,350,163,447
2024-08-09,Friday,8,Burger,Lunch,200,116,405
2024-08-09,Friday,8,Burger,Dinner,200,106,209
2024-08-09,Friday,8,Pasta,Lunch,300,93,334
2024-08-09,Friday,8,Pasta,Dinner,300,80,499
2024-08-09,Friday,8,Sandwich,Lunch,180,74,479
2024-08-09,Friday,8,Sandwich,Dinner,180,83,368
2024-08-09,Friday,8,Salad,Lunch,150,64,356
2024-08-09,Friday,8,Salad,Dinner,150,52,332
2024-08-09,Friday,8,Biryani,Lunch,250,132,497
2024-08-09,Friday,8,Biryani,Dinner,250,152,494
2024-08-09,Friday,8,Fried Rice,Lunch,220,89,438
2024-08-09,Friday,8,Fried Rice,Dinner,220,117,203
2024-08-09,Friday,8,Noodles,Lunch,210,73,397
2024-08-09,Friday,8,Noodles,Dinner,210,96,491
2024-08-09,Friday,8,Ice Cream,Lunch,120,65,412
2024-08-09,Friday,8,Ice Cream,Dinner,120,89,492
2024-08-09,Friday,8,Coffee,Lunch,100,124,360
2024-08-09,Friday,8,Coffee,Dinner,100,136,407
2024-08-10,Saturday,8,Pizza,Lunch,350,150,369
2024-08-10,Saturday,8,Pizza,Dinner,350,211,342
2024-08-10,Saturday,8,Burger,Lunch,200,121,433
2024-08-10,Saturday,8,Burger,Dinner,200,185,209
2024-08-10,Saturday,8,Pasta,Lunch,300,104,332
2024-08-10,Saturday,8,Pasta,Dinner,300,115,351
2024-08-10,Saturday,8,Sandwich,Lunch,180,89,469
2024-08-10,Saturday,8,Sandwich,Dinner,180,125,409
2024-08-10,Saturday,8,Salad,Lunch,150,85,241
2024-08-10,Saturday,8,Salad,Dinner,150,90,370
2024-08-10,Saturday,8,Biryani,Lunch,250,170,448
2024-08-10,Saturday,8,Biryani,Dinner,250,201,439
2024-08-10,Saturday,8,Fried Rice,Lunch,220,113,462
2024-08-10,Saturday,8,Fried Rice,Dinner,220,140,448
2024-08-10,Saturday,8,Noodles,Lunch,210,139,387
2024-08-10,Saturday,8,Noodles,Dinner,210,125,251
2024-08-10,Saturday,8,Ice Cream,Lunch,120,72,500
2024-08-10,Saturday,8,Ice Cream,Dinner,120,88,379
2024-08-10,Saturday,8,Coffee,Lunch,100,162,442
2024-08-10,Saturday,8,Coffee,Dinner,100,190,238
2024-08-11,Sunday,8,Pizza,Lunch,350,151,298
2024-08-11,Sunday,8,Pizza,Dinner,350,209,397
2024-08-11,Sunday,8,Burger,Lunch,200,151,412
2024-08-11,Sunday,8,Burger,Dinner,200,150,481
2024-08-11,Sunday,8,Pasta,Lunch,300,114,241
2024-08-11,Sunday,8,Pasta,Dinner,300,139,377
2024-08-11,Sunday,8,Sandwich,Lunch,180,101,401
2024-08-11,Sunday,8,Sandwich,Dinner,180,114,345
2024-08-11,Sunday,8,Salad,Lunch,150,81,338
2024-08-11,Sunday,8,Salad,Dinner,150,75,336
2024-08-11,Sunday,8,Biryani,Lunch,250,199,312
2024-08-11,Sunday,8,Biryani,Dinner,250,230,450
2024-08-11,Sunday,8,Fried Rice,Lunch,220,136,259
2024-08-11,Sunday,8,Fried Rice,Dinner,220,139,384
2024-08-11,Sunday,8,Noodles,Lunch,210,127,475
2024-08-11,Sunday,8,Noodles,Dinner,210,152,467
2024-08-11,Sunday,8,Ice Cream,Lunch,120,84,296
2024-08-11,Sunday,8,Ice Cream,Dinner,120,81,285
2024-08-11,Sunday,8,Coffee,Lunch,100,148,409
2024-08-11,Sunday,8,Coffee,Dinner,100,175,495
2024-08-12,Monday,8,Pizza,Lunch,350,130,291
2024-08-12,Monday,8,Pizza,Dinner,350,146,375
2024-08-12,Monday,8,Burger,Lunch,200,89,206
2024-08-12,Monday,8,Burger,Dinner,200,111,371
2024-08-12,Monday,8,Pasta,Lunch,300,65,400
2024-08-12,Monday,8,Pasta,Dinner,300,109,212
2024-08-12,Monday,8,Sandwich,Lunch,180,56,408
2024-08-12,Monday,8,Sandwich,Dinner,180,84,438
2024-08-12,Monday,8,Salad,Lunch,150,32,452
2024-08-12,Monday,8,Salad,Dinner,150,45,388
2024-08-12,Monday,8,Biryani,Lunch,250,112,486
2024-08-12,Monday,8,Biryani,Dinner,250,151,422
2024-08-12,Monday,8,Fried Rice,Lunch,220,107,441
2024-08-12,Monday,8,Fried Rice,Dinner,220,97,428
2024-08-12,Monday,8,Noodles,Lunch,210,81,321
2024-08-12,Monday,8,Noodles,Dinner,210,115,385
2024-08-12,Monday,8,Ice Cream,Lunch,120,65,360
2024-08-12,Monday,8,Ice Cream,Dinner,120,87,442
2024-08-12,Monday,8,Coffee,Lunch,100,122,454
2024-08-12,Monday,8,Coffee,Dinner,100,151,351
2024-08-13,Tuesday,8,Pizza,Lunch,350,116,452
2024-08-13,Tuesday,8,Pizza,Dinner,350,142,240
2024-08-13,Tuesday,8,Burger,Lunch,200,87,440
2024-08-13,Tuesday,8,Burger,Dinner,200,117,430
2024-08-13,Tuesday,8,Pasta,Lunch,300,90,459
2024-08-13,Tuesday,8,Pasta,Dinner,300,111,212
2024-08-13,Tuesday,8,Sandwich,Lunch,180,71,275
2024-08-13,Tuesday,8,Sandwich,Dinner,180,76,276
2024-08-13,Tuesday,8,Salad,Lunch,150,70,439
2024-08-13,Tuesday,8,Salad,Dinner,150,54,238
2024-08-13,Tuesday,8,Biryani,Lunch,250,124,362
2024-08-13,Tuesday,8,Biryani,Dinner,250,157,228
2024-08-13,Tuesday,8,Fried Rice,Lunch,220,89,465
2024-08-13,Tuesday,8,Fried Rice,Dinner,220,110,376
2024-08-13,Tuesday,8,Noodles,Lunch,210,69,293
2024-08-13,Tuesday,8,Noodles,Dinner,210,88,311
2024-08-13,Tuesday,8,Ice Cream,Lunch,120,66,499
2024-08-13,Tuesday,8,Ice Cream,Dinner,120,63,433
2024-08-13,Tuesday,8,Coffee,Lunch,100,108,496
2024-08-13,Tuesday,8,Coffee,Dinner,100,124,455
2024-08-14,Wednesday,8,Pizza,Lunch,350,131,238
2024-08-14,Wednesday,8,Pizza,Dinner,350,140,355
2024-08-14,Wednesday,8,Burger,Lunch,200,80,279
2024-08-14,Wednesday,8,Burger,Dinner,200,100,464
2024-08-14,Wednesday,8,Pasta,Lunch,300,62,349
2024-08-14,Wednesday,8,Pasta,Dinner,300,102,295
2024-08-14,Wednesday,8,Sandwich,Lunch,180,76,247
2024-08-14,Wednesday,8,Sandwich,Dinner,180,85,494
2024-08-14,Wednesday,8,Salad,Lunch,150,52,446
2024-08-14,Wednesday,8,Salad,Dinner,150,44,379
2024-08-14,Wednesday,8,Biryani,Lunch,250,135,228
2024-08-14,Wednesday,8,Biryani,Dinner,250,153,434
2024-08-14,Wednesday,8,Fried Rice,Lunch,220,94,437
2024-08-14,Wednesday,8,Fried Rice,Dinner,220,100,484
2024-08-14,Wednesday,8,Noodles,Lunch,210,74,374
2024-08-14,Wednesday,8,Noodles,Dinner,210,101,489
2024-08-14,Wednesday,8,Ice Cream,Lunch,120,47,447
2024-08-14,Wednesday,8,Ice Cream,Dinner,120,75,231
2024-08-14,Wednesday,8,Coffee,Lunch,100,129,412
2024-08-14,Wednesday,8,Coffee,Dinner,100,122,357
2024-08-15,Thursday,8,Pizza,Lunch,350,108,349
2024-08-15,Thursday,8,Pizza,Dinner,350,128,352
2024-08-15,Thursday,8,Burger,Lunch,200,80,356
2024-08-15,Thursday,8,Burger,Dinner,200,140,307
2024-08-15,Thursday,8,Pasta,Lunch,300,98,281
2024-08-15,Thursday,8,Pasta,Dinner,300,103,380
2024-08-15,Thursday,8,Sandwich,Lunch,180,90,324
2024-08-15,Thursday,8,Sandwich,Dinner,180,85,447
2024-08-15,Thursday,8,Salad,Lunch,150,30,285
2024-08-15,Thursday,8,Salad,Dinner,150,40,356
2024-08-15,Thursday,8,Biryani,Lunch,250,141,335
2024-08-15,Thursday,8,Biryani,Dinner,250,141,319
2024-08-15,Thursday,8,Fried Rice,Lunch,220,79,442
2024-08-15,Thursday,8,Fried Rice,Dinner,220,93,395
2024-08-15,Thursday,8,Noodles,Lunch,210,104,393
2024-08-15,Thursday,8,Noodles,Dinner,210,105,233
2024-08-15,Thursday,8,Ice Cream,Lunch,120,75,206
2024-08-15,Thursday,8,Ice Cream,Dinner,120,69,357
2024-08-15,Thursday,8,Coffee,Lunch,100,121,381
2024-08-15,Thursday,8,Coffee,Dinner,100,134,480
2024-08-16,Friday,8,Pizza,Lunch,350,120,429
2024-08-16,Friday,8,Pizza,Dinner,350,155,491
2024-08-16,Friday,8,Burger,Lunch,200,91,325
2024-08-16,Friday,8,Burger,Dinner,200,133,465
2024-08-16,Friday,8,Pasta,Lunch,300,76,226
2024-08-16,Friday,8,Pasta,Dinner,300,88,256
2024-08-16,Friday,8,Sandwich,Lunch,180,64,291
2024-08-16,Friday,8,Sandwich,Dinner,180,66,382
2024-08-16,Friday,8,Salad,Lunch,150,40,326
2024-08-16,Friday,8,Salad,Dinner,150,80,254
2024-08-16,Friday,8,Biryani,Lunch,250,127,268
2024-08-16,Friday,8,Biryani,Dinner,250,167,225
2024-08-16,Friday,8,Fried Rice,Lunch,220,101,303
2024-08-16,Friday,8,Fried Rice,Dinner,220,117,324
2024-08-16,Friday,8,Noodles,Lunch,210,81,487
2024-08-16,Friday,8,Noodles,Dinner,210,111,445
2024-08-16,Friday,8,Ice Cream,Lunch,120,74,228
2024-08-16,Friday,8,Ice Cream,Dinner,120,59,370
2024-08-16,Friday,8,Coffee,Lunch,100,106,245
2024-08-16,Friday,8,Coffee,Dinner,100,118,262
2024-08-17,Saturday,8,Pizza,Lunch,350,158,369
2024-08-17,Saturday,8,Pizza,Dinner,350,195,429
2024-08-17,Saturday,8,Burger,Lunch,200,135,427
2024-08-17,Saturday,8,Burger,Dinner,200,164,240
2024-08-17,Saturday,8,Pasta,Lunch,300,107,313
2024-08-17,Saturday,8,Pasta,Dinner,300,144,310
2024-08-17,Saturday,8,Sandwich,Lunch,180,85,208
2024-08-17,Saturday,8,Sandwich,Dinner,180,128,362
2024-08-17,Saturday,8,Salad,Lunch,150,73,256
2024-08-17,Saturday,8,Salad,Dinner,150,72,317
2024-08-17,Saturday,8,Biryani,Lunch,250,168,213
2024-08-17,Saturday,8,Biryani,Dinner,250,221,293
2024-08-17,Saturday,8,Fried Rice,Lunch,220,143,451
2024-08-17,Saturday,8,Fried Rice,Dinner,220,139,396
2024-08-17,Saturday,8,Noodles,Lunch,210,132,420
2024-08-17,Saturday,8,Noodles,Dinner,210,143,471
2024-08-17,Saturday,8,Ice Cream,Lunch,120,74,378
2024-08-17,Saturday,8,Ice Cream,Dinner,120,94,246
2024-08-17,Saturday,8,Coffee,Lunch,100,145,286
2024-08-17,Saturday,8,Coffee,Dinner,100,185,471
2024-08-18,Sunday,8,Pizza,Lunch,350,171,409
2024-08-18,Sunday,8,Pizza,Dinner,350,185,394
2024-08-18,Sunday,8,Burger,Lunch,200,135,288
2024-08-18,Sunday,8,Burger,Dinner,200,172,387
2024-08-18,Sunday,8,Pasta,Lunch,300,129,243
2024-08-18,Sunday,8,Pasta,Dinner,300,119,364
2024-08-18,Sunday,8,Sandwich,Lunch,180,102,294
2024-08-18,Sunday,8,Sandwich,Dinner,180,104,242
2024-08-18,Sunday,8,Salad,Lunch,150,72,472
2024-08-18,Sunday,8,Salad,Dinner,150,69,497
2024-08-18,Sunday,8,Biryani,Lunch,250,181,372
2024-08-18,Sunday,8,Biryani,Dinner,250,236,255
2024-08-18,Sunday,8,Fried Rice,Lunch,220,131,323
2024-08-18,Sunday,8,Fried Rice,Dinner,220,158,297
2024-08-18,Sunday,8,Noodles,Lunch,210,110,426
2024-08-18,Sunday,8,Noodles,Dinner,210,140,216
2024-08-18,Sunday,8,Ice Cream,Lunch,120,73,432
2024-08-18,Sunday,8,Ice Cream,Dinner,120,85,439
2024-08-18,Sunday,8,Coffee,Lunch,100,164,333
2024-08-18,Sunday,8,Coffee,Dinner,100,169,389
2024-08-19,Monday,8,Pizza,Lunch,350,105,329
2024-08-19,Monday,8,Pizza,Dinner,350,141,410
2024-08-19,Monday,8,Burger,Lunch,200,87,343
2024-08-19,Monday,8,Burger,Dinner,200,103,287
2024-08-19,Monday,8,Pasta,Lunch,300,86,327
2024-08-19,Monday,8,Pasta,Dinner,300,81,249
2024-08-19,Monday,8,Sandwich,Lunch,180,57,424
2024-08-19,Monday,8,Sandwich,Dinner,180,94,207
2024-08-19,Monday,8,Salad,Lunch,150,41,498
2024-08-19,Monday,8,Salad,Dinner,150,67,214
2024-08-19,Monday,8,Biryani,Lunch,250,126,244
2024-08-19,Monday,8,Biryani,Dinner,250,160,478
2024-08-19,Monday,8,Fried Rice,Lunch,220,98,461
2024-08-19,Monday,8,Fried Rice,Dinner,220,92,244
2024-08-19,Monday,8,Noodles,Lunch,210,98,489
2024-08-19,Monday,8,Noodles,Dinner,210,107,282
2024-08-19,Monday,8,Ice Cream,Lunch,120,79,302
2024-08-19,Monday,8,Ice Cream,Dinner,120,65,210
2024-08-19,Monday,8,Coffee,Lunch,100,105,300
2024-08-19,Monday,8,Coffee,Dinner,100,140,244
2024-08-20,Tuesday,8,Pizza,Lunch,350,123,353
2024-08-20,Tuesday,8,Pizza,Dinner,350,141,293
2024-08-20,Tuesday,8,Burger,Lunch,200,103,253
2024-08-20,Tuesday,8,Burger,Dinner,200,112,473
2024-08-20,Tuesday,8,Pasta,Lunch,300,81,432
2024-08-20,Tuesday,8,Pasta,Dinner,300,92,328
2024-08-20,Tuesday,8,Sandwich,Lunch,180,65,404
2024-08-20,Tuesday,8,Sandwich,Dinner,180,101,268
2024-08-20,Tuesday,8,Salad,Lunch,150,49,423
2024-08-20,Tuesday,8,Salad,Dinner,150,45,244
2024-08-20,Tuesday,8,Biryani,Lunch,250,115,464
2024-08-20,Tuesday,8,Biryani,Dinner,250,156,249
2024-08-20,Tuesday,8,Fried Rice,Lunch,220,94,434
2024-08-20,Tuesday,8,Fried Rice,Dinner,220,95,231
2024-08-20,Tuesday,8,Noodles,Lunch,210,86,322
2024-08-20,Tuesday,8,Noodles,Dinner,210,120,358
2024-08-20,Tuesday,8,Ice Cream,Lunch,120,65,313
2024-08-20,Tuesday,8,Ice Cream,Dinner,120,79,287
2024-08-20,Tuesday,8,Coffee,Lunch,100,129,346
2024-08-20,Tuesday,8,Coffee,Dinner,100,125,257
2024-08-21,Wednesday,8,Pizza,Lunch,350,140,273
2024-08-21,Wednesday,8,Pizza,Dinner,350,159,318
2024-08-21,Wednesday,8,Burger,Lunch,200,82,402
2024-08-21,Wednesday,8,Burger,Dinner,200,107,301
2024-08-21,Wednesday,8,Pasta,Lunch,300,77,339
2024-08-21,Wednesday,8,Pasta,Dinner,300,89,431
2024-08-21,Wednesday,8,Sandwich,Lunch,180,62,214
2024-08-21,Wednesday,8,Sandwich,Dinner,180,97,365
2024-08-21,Wednesday,8,Salad,Lunch,150,67,276
2024-08-21,Wednesday,8,Salad,Dinner,150,65,216
2024-08-21,Wednesday,8,Biryani,Lunch,250,148,445
2024-08-21,Wednesday,8,Biryani,Dinner,250,149,475
2024-08-21,Wednesday,8,Fried Rice,Lunch,220,109,395
2024-08-21,Wednesday,8,Fried Rice,Dinner,220,93,463
2024-08-21,Wednesday,8,Noodles,Lunch,210,75,271
2024-08-21,Wednesday,8,Noodles,Dinner,210,115,273
2024-08-21,Wednesday,8,Ice Cream,Lunch,120,70,469
2024-08-21,Wednesday,8,Ice Cream,Dinner,120,52,310
2024-08-21,Wednesday,8,Coffee,Lunch,100,98,370
2024-08-21,Wednesday,8,Coffee,Dinner,100,139,216
2024-08-22,Thursday,8,Pizza,Lunch,350,114,389
2024-08-22,Thursday,8,Pizza,Dinner,350,129,295
2024-08-22,Thursday,8,Burger,Lunch,200,86,201
2024-08-22,Thursday,8,Burger,Dinner,200,108,307
2024-08-22,Thursday,8,Pasta,Lunch,300,75,369
2024-08-22,Thursday,8,Pasta,Dinner,300,81,439
2024-08-22,Thursday,8,Sandwich,Lunch,180,90,401
2024-08-22,Thursday,8,Sandwich,Dinner,180,87,366
2024-08-22,Thursday,8,Salad,Lunch,150,59,366
2024-08-22,Thursday,8,Salad,Dinner,150,42,201
2024-08-22,Thursday,8,Biryani,Lunch,250,111,254
2024-08-22,Thursday,8,Biryani,Dinner,250,141,497
2024-08-22,Thursday,8,Fried Rice,Lunch,220,106,312
2024-08-22,Thursday,8,Fried Rice,Dinner,220,100,342
2024-08-22,Thursday,8,Noodles,Lunch,210,91,467
2024-08-22,Thursday,8,Noodles,Dinner,210,95,355
2024-08-22,Thursday,8,Ice Cream,Lunch,120,79,366
2024-08-22,Thursday,8,Ice Cream,Dinner,120,73,460
2024-08-22,Thursday,8,Coffee,Lunch,100,108,372
2024-08-22,Thursday,8,Coffee,Dinner,100,113,461
2024-08-23,Friday,8,Pizza,Lunch,350,124,387
2024-08-23,Friday,8,Pizza,Dinner,350,140,415
2024-08-23,Friday,8,Burger,Lunch,200,116,365
2024-08-23,Friday,8,Burger,Dinner,200,129,330
2024-08-23,Friday,8,Pasta,Lunch,300,66,404
2024-08-23,Friday,8,Pasta,Dinner,300,109,341
2024-08-23,Friday,8,Sandwich,Lunch,180,79,320
2024-08-23,Friday,8,Sandwich,Dinner,180,71,459
2024-08-23,Friday,8,Salad,Lunch,150,47,232
2024-08-23,Friday,8,Salad,Dinner,150,58,368
2024-08-23,Friday,8,Biryani,Lunch,250,146,299
2024-08-23,Friday,8,Biryani,Dinner,250,164,287
2024-08-23,Friday,8,Fried Rice,Lunch,220,84,263
2024-08-23,Friday,8,Fried Rice,Dinner,220,89,449
2024-08-23,Friday,8,Noodles,Lunch,210,75,303
2024-08-23,Friday,8,Noodles,Dinner,210,86,271
2024-08-23,Friday,8,Ice Cream,Lunch,120,67,428
2024-08-23,Friday,8,Ice Cream,Dinner,120,68,499
2024-08-23,Friday,8,Coffee,Lunch,100,90,487
2024-08-23,Friday,8,Coffee,Dinner,100,149,387
2024-08-24,Saturday,8,Pizza,Lunch,350,150,343
2024-08-24,Saturday,8,Pizza,Dinner,350,215,436
2024-08-24,Saturday,8,Burger,Lunch,200,121,469
2024-08-24,Saturday,8,Burger,Dinner,200,154,378
2024-08-24,Saturday,8,Pasta,Lunch,300,124,230
2024-08-24,Saturday,8,Pasta,Dinner,300,123,282
2024-08-24,Saturday,8,Sandwich,Lunch,180,108,347
2024-08-24,Saturday,8,Sandwich,Dinner,180,119,459
2024-08-24,Saturday,8,Salad,Lunch,150,84,372
2024-08-24,Saturday,8,Salad,Dinner,150,103,229
2024-08-24,Saturday,8,Biryani,Lunch,250,180,432
2024-08-24,Saturday,8,Biryani,Dinner,250,225,344
2024-08-24,Saturday,8,Fried Rice,Lunch,220,106,347
2024-08-24,Saturday,8,Fried Rice,Dinner,220,133,358
2024-08-24,Saturday,8,Noodles,Lunch,210,132,338
2024-08-24,Saturday,8,Noodles,Dinner,210,147,360
2024-08-24,Saturday,8,Ice Cream,Lunch,120,87,207
2024-08-24,Saturday,8,Ice Cream,Dinner,120,107,328
2024-08-24,Saturday,8,Coffee,Lunch,100,135,386
2024-08-24,Saturday,8,Coffee,Dinner,100,170,481
2024-08-25,Sunday,8,Pizza,Lunch,350,167,381
2024-08-25,Sunday,8,Pizza,Dinner,350,184,324
2024-08-25,Sunday,8,Burger,Lunch,200,157,353
2024-08-25,Sunday,8,Burger,Dinner,200,156,289
2024-08-25,Sunday,8,Pasta,Lunch,300,117,212
2024-08-25,Sunday,8,Pasta,Dinner,300,151,385
2024-08-25,Sunday,8,Sandwich,Lunch,180,78,392
2024-08-25,Sunday,8,Sandwich,Dinner,180,100,270
2024-08-25,Sunday,8,Salad,Lunch,150,85,413
2024-08-25,Sunday,8,Salad,Dinner,150,87,353
2024-08-25,Sunday,8,Biryani,Lunch,250,172,322
2024-08-25,Sunday,8,Biryani,Dinner,250,218,424
2024-08-25,Sunday,8,Fried Rice,Lunch,220,129,474
2024-08-25,Sunday,8,Fried Rice,Dinner,220,137,376
2024-08-25,Sunday,8,Noodles,Lunch,210,134,493
2024-08-25,Sunday,8,Noodles,Dinner,210,124,434
2024-08-25,Sunday,8,Ice Cream,Lunch,120,83,223
2024-08-25,Sunday,8,Ice Cream,Dinner,120,99,454
2024-08-25,Sunday,8,Coffee,Lunch,100,146,214
2024-08-25,Sunday,8,Coffee,Dinner,100,203,366
2024-08-26,Monday,8,Pizza,Lunch,350,116,407
2024-08-26,Monday,8,Pizza,Dinner,350,138,255
2024-08-26,Monday,8,Burger,Lunch,200,81,435
2024-08-26,Monday,8,Burger,Dinner,200,102,413
2024-08-26,Monday,8,Pasta,Lunch,300,64,399
2024-08-26,Monday,8,Pasta,Dinner,300,113,478
2024-08-26,Monday,8,Sandwich,Lunch,180,70,304
2024-08-26,Monday,8,Sandwich,Dinner,180,91,424
2024-08-26,Monday,8,Salad,Lunch,150,40,498
2024-08-26,Monday,8,Salad,Dinner,150,64,484
2024-08-26,Monday,8,Biryani,Lunch,250,137,419
2024-08-26,Monday,8,Biryani,Dinner,250,153,444
2024-08-26,Monday,8,Fried Rice,Lunch,220,104,392
2024-08-26,Monday,8,Fried Rice,Dinner,220,93,234
2024-08-26,Monday,8,Noodles,Lunch,210,95,424
2024-08-26,Monday,8,Noodles,Dinner,210,113,222
2024-08-26,Monday,8,Ice Cream,Lunch,120,65,450
2024-08-26,Monday,8,Ice Cream,Dinner,120,72,348
2024-08-26,Monday,8,Coffee,Lunch,100,119,347
2024-08-26,Monday,8,Coffee,Dinner,100,122,424
2024-08-27,Tuesday,8,Pizza,Lunch,350,100,223
2024-08-27,Tuesday,8,Pizza,Dinner,350,152,476
2024-08-27,Tuesday,8,Burger,Lunch,200,103,495
2024-08-27,Tuesday,8,Burger,Dinner,200,136,467
2024-08-27,Tuesday,8,Pasta,Lunch,300,82,402
2024-08-27,Tuesday,8,Pasta,Dinner,300,100,411
2024-08-27,Tuesday,8,Sandwich,Lunch,180,54,486
2024-08-27,Tuesday,8,Sandwich,Dinner,180,98,280
2024-08-27,Tuesday,8,Salad,Lunch,150,38,399
2024-08-27,Tuesday,8,Salad,Dinner,150,50,267
2024-08-27,Tuesday,8,Biryani,Lunch,250,133,305
2024-08-27,Tuesday,8,Biryani,Dinner,250,139,275
2024-08-27,Tuesday,8,Fried Rice,Lunch,220,89,357
2024-08-27,Tuesday,8,Fried Rice,Dinner,220,95,339
2024-08-27,Tuesday,8,Noodles,Lunch,210,92,245
2024-08-27,Tuesday,8,Noodles,Dinner,210,119,402
2024-08-27,Tuesday,8,Ice Cream,Lunch,120,68,322
2024-08-27,Tuesday,8,Ice Cream,Dinner,120,77,399
2024-08-27,Tuesday,8,Coffee,Lunch,100,116,408
2024-08-27,Tuesday,8,Coffee,Dinner,100,140,363
2024-08-28,Wednesday,8,Pizza,Lunch,350,122,487
2024-08-28,Wednesday,8,Pizza,Dinner,350,156,278
2024-08-28,Wednesday,8,Burger,Lunch,200,120,450
2024-08-28,Wednesday,8,Burger,Dinner,200,132,429
2024-08-28,Wednesday,8,Pasta,Lunch,300,80,324
2024-08-28,Wednesday,8,Pasta,Dinner,300,77,470
2024-08-28,Wednesday,8,Sandwich,Lunch,180,85,293
2024-08-28,Wednesday,8,Sandwich,Dinner,180,85,433
2024-08-28,Wednesday,8,Salad,Lunch,150,33,259
2024-08-28,Wednesday,8,Salad,Dinner,150,73,353
2024-08-28,Wednesday,8,Biryani,Lunch,250,137,297
2024-08-28,Wednesday,8,Biryani,Dinner,250,162,460
2024-08-28,Wednesday,8,Fried Rice,Lunch,220,96,247
2024-08-28,Wednesday,8,Fried Rice,Dinner,220,109,227
2024-08-28,Wednesday,8,Noodles,Lunch,210,70,493
2024-08-28,Wednesday,8,Noodles,Dinner,210,102,236
2024-08-28,Wednesday,8,Ice Cream,Lunch,120,53,311
2024-08-28,Wednesday,8,Ice Cream,Dinner,120,71,334
2024-08-28,Wednesday,8,Coffee,Lunch,100,99,474
2024-08-28,Wednesday,8,Coffee,Dinner,100,147,208
2024-08-29,Thursday,8,Pizza,Lunch,350,116,390
2024-08-29,Thursday,8,Pizza,Dinner,350,125,338
2024-08-29,Thursday,8,Burger,Lunch,200,91,289
2024-08-29,Thursday,8,Burger,Dinner,200,113,415
2024-08-29,Thursday,8,Pasta,Lunch,300,62,305
2024-08-29,Thursday,8,Pasta,Dinner,300,76,331
2024-08-29,Thursday,8,Sandwich,Lunch,180,52,342
2024-08-29,Thursday,8,Sandwich,Dinner,180,92,303
2024-08-29,Thursday,8,Salad,Lunch,150,41,492
2024-08-29,Thursday,8,Salad,Dinner,150,46,280
2024-08-29,Thursday,8,Biryani,Lunch,250,150,338
2024-08-29,Thursday,8,Biryani,Dinner,250,171,426
2024-08-29,Thursday,8,Fried Rice,Lunch,220,93,419
2024-08-29,Thursday,8,Fried Rice,Dinner,220,105,376
2024-08-29,Thursday,8,Noodles,Lunch,210,95,286
2024-08-29,Thursday,8,Noodles,Dinner,210,95,480
2024-08-29,Thursday,8,Ice Cream,Lunch,120,61,344
2024-08-29,Thursday,8,Ice Cream,Dinner,120,91,269
2024-08-29,Thursday,8,Coffee,Lunch,100,122,450
2024-08-29,Thursday,8,Coffee,Dinner,100,133,209
2024-08-30,Friday,8,Pizza,Lunch,350,105,269
2024-08-30,Friday,8,Pizza,Dinner,350,163,490
2024-08-30,Friday,8,Burger,Lunch,200,116,232
2024-08-30,Friday,8,Burger,Dinner,200,140,355
2024-08-30,Friday,8,Pasta,Lunch,300,92,388
2024-08-30,Friday,8,Pasta,Dinner,300,82,213
2024-08-30,Friday,8,Sandwich,Lunch,180,66,440
2024-08-30,Friday,8,Sandwich,Dinner,180,78,381
2024-08-30,Friday,8,Salad,Lunch,150,55,412
2024-08-30,Friday,8,Salad,Dinner,150,58,334
2024-08-30,Friday,8,Biryani,Lunch,250,149,269
2024-08-30,Friday,8,Biryani,Dinner,250,152,347
2024-08-30,Friday,8,Fried Rice,Lunch,220,88,445
2024-08-30,Friday,8,Fried Rice,Dinner,220,104,393
2024-08-30,Friday,8,Noodles,Lunch,210,92,444
2024-08-30,Friday,8,Noodles,Dinner,210,90,300
2024-08-30,Friday,8,Ice Cream,Lunch,120,40,471
2024-08-30,Friday,8,Ice Cream,Dinner,120,61,342
2024-08-30,Friday,8,Coffee,Lunch,100,103,206
2024-08-30,Friday,8,Coffee,Dinner,100,131,439
2024-08-31,Saturday,8,Pizza,Lunch,350,150,268
2024-08-31,Saturday,8,Pizza,Dinner,350,214,208
2024-08-31,Saturday,8,Burger,Lunch,200,135,204
2024-08-31,Saturday,8,Burger,Dinner,200,188,480
2024-08-31,Saturday,8,Pasta,Lunch,300,121,304
2024-08-31,Saturday,8,Pasta,Dinner,300,145,454
2024-08-31,Saturday,8,Sandwich,Lunch,180,91,423
2024-08-31,Saturday,8,Sandwich,Dinner,180,122,200
2024-08-31,Saturday,8,Salad,Lunch,150,73,258
2024-08-31,Saturday,8,Salad,Dinner,150,71,233
2024-08-31,Saturday,8,Biryani,Lunch,250,167,392
2024-08-31,Saturday,8,Biryani,Dinner,250,204,222
2024-08-31,Saturday,8,Fried Rice,Lunch,220,138,240
2024-08-31,Saturday,8,Fried Rice,Dinner,220,139,296
2024-08-31,Saturday,8,Noodles,Lunch,210,112,351
2024-08-31,Saturday,8,Noodles,Dinner,210,128,274
2024-08-31,Saturday,8,Ice Cream,Lunch,120,99,245
2024-08-31,Saturday,8,Ice Cream,Dinner,120,114,427
2024-08-31,Saturday,8,Coffee,Lunch,100,148,351
2024-08-31,Saturday,8,Coffee,Dinner,100,195,334
2024-09-01,Sunday,9,Pizza,Lunch,350,183,338
2024-09-01,Sunday,9,Pizza,Dinner,350,185,373
2024-09-01,Sunday,9,Burger,Lunch,200,139,212
2024-09-01,Sunday,9,Burger,Dinner,200,175,256
2024-09-01,Sunday,9,Pasta,Lunch,300,130,446
2024-09-01,Sunday,9,Pasta,Dinner,300,152,251
2024-09-01,Sunday,9,Sandwich,Lunch,180,109,406
2024-09-01,Sunday,9,Sandwich,Dinner,180,124,295
2024-09-01,Sunday,9,Salad,Lunch,150,62,337
2024-09-01,Sunday,9,Salad,Dinner,150,69,313
2024-09-01,Sunday,9,Biryani,Lunch,250,197,280
2024-09-01,Sunday,9,Biryani,Dinner,250,218,302
2024-09-01,Sunday,9,Fried Rice,Lunch,220,123,262
2024-09-01,Sunday,9,Fried Rice,Dinner,220,154,230
2024-09-01,Sunday,9,Noodles,Lunch,210,121,482
2024-09-01,Sunday,9,Noodles,Dinner,210,127,354
2024-09-01,Sunday,9,Ice Cream,Lunch,120,100,425
2024-09-01,Sunday,9,Ice Cream,Dinner,120,120,364
2024-09-01,Sunday,9,Coffee,Lunch,100,139,250
2024-09-01,Sunday,9,Coffee,Dinner,100,192,267
2024-09-02,Monday,9,Pizza,Lunch,350,139,412
2024-09-02,Monday,9,Pizza,Dinner,350,131,477
2024-09-02,Monday,9,Burger,Lunch,200,104,254
2024-09-02,Monday,9,Burger,Dinner,200,106,411
2024-09-02,Monday,9,Pasta,Lunch,300,87,448
2024-09-02,Monday,9,Pasta,Dinner,300,82,317
2024-09-02,Monday,9,Sandwich,Lunch,180,85,211
2024-09-02,Monday,9,Sandwich,Dinner,180,79,209
2024-09-02,Monday,9,Salad,Lunch,150,58,404
2024-09-02,Monday,9,Salad,Dinner,150,49,255
2024-09-02,Monday,9,Biryani,Lunch,250,143,346
2024-09-02,Monday,9,Biryani,Dinner,250,170,375
2024-09-02,Monday,9,Fried Rice,Lunch,220,99,450
2024-09-02,Monday,9,Fried Rice,Dinner,220,92,426
2024-09-02,Monday,9,Noodles,Lunch,210,78,314
2024-09-02,Monday,9,Noodles,Dinner,210,92,471
2024-09-02,Monday,9,Ice Cream,Lunch,120,77,355
2024-09-02,Monday,9,Ice Cream,Dinner,120,58,248
2024-09-02,Monday,9,Coffee,Lunch,100,95,276
2024-09-02,Monday,9,Coffee,Dinner,100,125,261
2024-09-03,Tuesday,9,Pizza,Lunch,350,114,222
2024-09-03,Tuesday,9,Pizza,Dinner,350,148,425
2024-09-03,Tuesday,9,Burger,Lunch,200,91,227
2024-09-03,Tuesday,9,Burger,Dinner,200,112,456
2024-09-03,Tuesday,9,Pasta,Lunch,300,71,323
2024-09-03,Tuesday,9,Pasta,Dinner,300,107,279
2024-09-03,Tuesday,9,Sandwich,Lunch,180,56,439
2024-09-03,Tuesday,9,Sandwich,Dinner,180,70,433
2024-09-03,Tuesday,9,Salad,Lunch,150,40,230
2024-09-03,Tuesday,9,Salad,Dinner,150,69,372
2024-09-03,Tuesday,9,Biryani,Lunch,250,137,205
2024-09-03,Tuesday,9,Biryani,Dinner,250,176,273
2024-09-03,Tuesday,9,Fried Rice,Lunch,220,107,220
2024-09-03,Tuesday,9,Fried Rice,Dinner,220,118,281
2024-09-03,Tuesday,9,Noodles,Lunch,210,92,451
2024-09-03,Tuesday,9,Noodles,Dinner,210,102,448
2024-09-03,Tuesday,9,Ice Cream,Lunch,120,48,294
2024-09-03,Tuesday,9,Ice Cream,Dinner,120,77,245
2024-09-03,Tuesday,9,Coffee,Lunch,100,101,480
2024-09-03,Tuesday,9,Coffee,Dinner,100,128,279
2024-09-04,Wednesday,9,Pizza,Lunch,350,105,293
2024-09-04,Wednesday,9,Pizza,Dinner,350,152,232
2024-09-04,Wednesday,9,Burger,Lunch,200,100,327
2024-09-04,Wednesday,9,Burger,Dinner,200,110,242
2024-09-04,Wednesday,9,Pasta,Lunch,300,61,353
2024-09-04,Wednesday,9,Pasta,Dinner,300,108,498
2024-09-04,Wednesday,9,Sandwich,Lunch,180,53,211
2024-09-04,Wednesday,9,Sandwich,Dinner,180,87,259
2024-09-04,Wednesday,9,Salad,Lunch,150,51,375
2024-09-04,Wednesday,9,Salad,Dinner,150,42,204
2024-09-04,Wednesday,9,Biryani,Lunch,250,150,211
2024-09-04,Wednesday,9,Biryani,Dinner,250,170,499
2024-09-04,Wednesday,9,Fried Rice,Lunch,220,84,404
2024-09-04,Wednesday,9,Fried Rice,Dinner,220,126,383
2024-09-04,Wednesday,9,Noodles,Lunch,210,68,404
2024-09-04,Wednesday,9,Noodles,Dinner,210,108,268
2024-09-04,Wednesday,9,Ice Cream,Lunch,120,79,237
2024-09-04,Wednesday,9,Ice Cream,Dinner,120,63,319
2024-09-04,Wednesday,9,Coffee,Lunch,100,124,328
2024-09-04,Wednesday,9,Coffee,Dinner,100,137,382
2024-09-05,Thursday,9,Pizza,Lunch,350,111,291
2024-09-05,Thursday,9,Pizza,Dinner,350,151,257
2024-09-05,Thursday,9,Burger,Lunch,200,94,305
2024-09-05,Thursday,9,Burger,Dinner,200,114,304
2024-09-05,Thursday,9,Pasta,Lunch,300,78,451
2024-09-05,Thursday,9,Pasta,Dinner,300,78,370
2024-09-05,Thursday,9,Sandwich,Lunch,180,76,342
2024-09-05,Thursday,9,Sandwich,Dinner,180,65,295
2024-09-05,Thursday,9,Salad,Lunch,150,52,407
2024-09-05,Thursday,9,Salad,Dinner,150,69,349
2024-09-05,Thursday,9,Biryani,Lunch,250,136,474
2024-09-05,Thursday,9,Biryani,Dinner,250,159,435
2024-09-05,Thursday,9,Fried Rice,Lunch,220,81,470
2024-09-05,Thursday,9,Fried Rice,Dinner,220,122,485
2024-09-05,Thursday,9,Noodles,Lunch,210,102,400
2024-09-05,Thursday,9,Noodles,Dinner,210,106,217
2024-09-05,Thursday,9,Ice Cream,Lunch,120,77,431
2024-09-05,Thursday,9,Ice Cream,Dinner,120,73,499
2024-09-05,Thursday,9,Coffee,Lunch,100,91,482
2024-09-05,Thursday,9,Coffee,Dinner,100,122,388
2024-09-06,Friday,9,Pizza,Lunch,350,107,349
2024-09-06,Friday,9,Pizza,Dinner,350,133,257
2024-09-06,Friday,9,Burger,Lunch,200,102,439
2024-09-06,Friday,9,Burger,Dinner,200,106,209
2024-09-06,Friday,9,Pasta,Lunch,300,99,216
2024-09-06,Friday,9,Pasta,Dinner,300,115,464
2024-09-06,Friday,9,Sandwich,Lunch,180,57,237
2024-09-06,Friday,9,Sandwich,Dinner,180,65,220
2024-09-06,Friday,9,Salad,Lunch,150,46,492
2024-09-06,Friday,9,Salad,Dinner,150,76,353
2024-09-06,Friday,9,Biryani,Lunch,250,120,500
2024-09-06,Friday,9,Biryani,Dinner,250,165,322
2024-09-06,Friday,9,Fried Rice,Lunch,220,92,449
2024-09-06,Friday,9,Fried Rice,Dinner,220,111,472
2024-09-06,Friday,9,Noodles,Lunch,210,91,305
2024-09-06,Friday,9,Noodles,Dinner,210,122,478
2024-09-06,Friday,9,Ice Cream,Lunch,120,72,210
2024-09-06,Friday,9,Ice Cream,Dinner,120,85,249
2024-09-06,Friday,9,Coffee,Lunch,100,103,328
2024-09-06,Friday,9,Coffee,Dinner,100,147,357
2024-09-07,Saturday,9,Pizza,Lunch,350,185,471
2024-09-07,Saturday,9,Pizza,Dinner,350,195,500
2024-09-07,Saturday,9,Burger,Lunch,200,159,358
2024-09-07,Saturday,9,Burger,Dinner,200,170,419
2024-09-07,Saturday,9,Pasta,Lunch,300,93,310
2024-09-07,Saturday,9,Pasta,Dinner,300,140,485
2024-09-07,Saturday,9,Sandwich,Lunch,180,104,236
2024-09-07,Saturday,9,Sandwich,Dinner,180,112,490
2024-09-07,Saturday,9,Salad,Lunch,150,68,420
2024-09-07,Saturday,9,Salad,Dinner,150,74,365
2024-09-07,Saturday,9,Biryani,Lunch,250,183,432
2024-09-07,Saturday,9,Biryani,Dinner,250,202,235
2024-09-07,Saturday,9,Fried Rice,Lunch,220,139,252
2024-09-07,Saturday,9,Fried Rice,Dinner,220,168,304
2024-09-07,Saturday,9,Noodles,Lunch,210,100,285
2024-09-07,Saturday,9,Noodles,Dinner,210,124,231
2024-09-07,Saturday,9,Ice Cream,Lunch,120,90,211
2024-09-07,Saturday,9,Ice Cream,Dinner,120,82,373
2024-09-07,Saturday,9,Coffee,Lunch,100,154,397
2024-09-07,Saturday,9,Coffee,Dinner,100,190,295
2024-09-08,Sunday,9,Pizza,Lunch,350,185,474
2024-09-08,Sunday,9,Pizza,Dinner,350,211,335
2024-09-08,Sunday,9,Burger,Lunch,200,143,265
2024-09-08,Sunday,9,Burger,Dinner,200,175,449
2024-09-08,Sunday,9,Pasta,Lunch,300,131,423
2024-09-08,Sunday,9,Pasta,Dinner,300,128,482
2024-09-08,Sunday,9,Sandwich,Lunch,180,110,434
2024-09-08,Sunday,9,Sandwich,Dinner,180,113,417
2024-09-08,Sunday,9,Salad,Lunch,150,78,475
2024-09-08,Sunday,9,Salad,Dinner,150,80,492
2024-09-08,Sunday,9,Biryani,Lunch,250,176,375
2024-09-08,Sunday,9,Biryani,Dinner,250,201,240
2024-09-08,Sunday,9,Fried Rice,Lunch,220,125,258
2024-09-08,Sunday,9,Fried Rice,Dinner,220,158,217
2024-09-08,Sunday,9,Noodles,Lunch,210,106,374
2024-09-08,Sunday,9,Noodles,Dinner,210,144,206
2024-09-08,Sunday,9,Ice Cream,Lunch,120,87,490
2024-09-08,Sunday,9,Ice Cream,Dinner,120,97,260
2024-09-08,Sunday,9,Coffee,Lunch,100,136,339
2024-09-08,Sunday,9,Coffee,Dinner,100,177,239
2024-09-09,Monday,9,Pizza,Lunch,350,103,382
2024-09-09,Monday,9,Pizza,Dinner,350,142,377
2024-09-09,Monday,9,Burger,Lunch,200,119,210
2024-09-09,Monday,9,Burger,Dinner,200,128,329
2024-09-09,Monday,9,Pasta,Lunch,300,69,340
2024-09-09,Monday,9,Pasta,Dinner,300,101,304
2024-09-09,Monday,9,Sandwich,Lunch,180,76,240
2024-09-09,Monday,9,Sandwich,Dinner,180,104,435
2024-09-09,Monday,9,Salad,Lunch,150,47,218
2024-09-09,Monday,9,Salad,Dinner,150,42,282
2024-09-09,Monday,9,Biryani,Lunch,250,114,288
2024-09-09,Monday,9,Biryani,Dinner,250,143,364
2024-09-09,Monday,9,Fried Rice,Lunch,220,105,493
2024-09-09,Monday,9,Fried Rice,Dinner,220,120,443
2024-09-09,Monday,9,Noodles,Lunch,210,96,231
2024-09-09,Monday,9,Noodles,Dinner,210,90,352
2024-09-09,Monday,9,Ice Cream,Lunch,120,56,256
2024-09-09,Monday,9,Ice Cream,Dinner,120,64,445
2024-09-09,Monday,9,Coffee,Lunch,100,124,348
2024-09-09,Monday,9,Coffee,Dinner,100,143,330
2024-09-10,Tuesday,9,Pizza,Lunch,350,120,361
2024-09-10,Tuesday,9,Pizza,Dinner,350,146,337
2024-09-10,Tuesday,9,Burger,Lunch,200,108,438
2024-09-10,Tuesday,9,Burger,Dinner,200,136,370
2024-09-10,Tuesday,9,Pasta,Lunch,300,72,475
2024-09-10,Tuesday,9,Pasta,Dinner,300,85,289
2024-09-10,Tuesday,9,Sandwich,Lunch,180,62,211
2024-09-10,Tuesday,9,Sandwich,Dinner,180,68,393
2024-09-10,Tuesday,9,Salad,Lunch,150,58,283
2024-09-10,Tuesday,9,Salad,Dinner,150,45,414
2024-09-10,Tuesday,9,Biryani,Lunch,250,117,436
2024-09-10,Tuesday,9,Biryani,Dinner,250,173,255
2024-09-10,Tuesday,9,Fried Rice,Lunch,220,86,476
2024-09-10,Tuesday,9,Fried Rice,Dinner,220,123,369
2024-09-10,Tuesday,9,Noodles,Lunch,210,93,367
2024-09-10,Tuesday,9,Noodles,Dinner,210,106,302
2024-09-10,Tuesday,9,Ice Cream,Lunch,120,69,372
2024-09-10,Tuesday,9,Ice Cream,Dinner,120,73,294
2024-09-10,Tuesday,9,Coffee,Lunch,100,114,339
2024-09-10,Tuesday,9,Coffee,Dinner,100,136,203
2024-09-11,Wednesday,9,Pizza,Lunch,350,133,212
2024-09-11,Wednesday,9,Pizza,Dinner,350,148,360
2024-09-11,Wednesday,9,Burger,Lunch,200,92,403
2024-09-11,Wednesday,9,Burger,Dinner,200,115,421
2024-09-11,Wednesday,9,Pasta,Lunch,300,90,481
2024-09-11,Wednesday,9,Pasta,Dinner,300,111,437
2024-09-11,Wednesday,9,Sandwich,Lunch,180,90,342
2024-09-11,Wednesday,9,Sandwich,Dinner,180,99,203
2024-09-11,Wednesday,9,Salad,Lunch,150,57,305
2024-09-11,Wednesday,9,Salad,Dinner,150,77,404
2024-09-11,Wednesday,9,Biryani,Lunch,250,131,230
2024-09-11,Wednesday,9,Biryani,Dinner,250,173,415
2024-09-11,Wednesday,9,Fried Rice,Lunch,220,85,289
2024-09-11,Wednesday,9,Fried Rice,Dinner,220,104,221
2024-09-11,Wednesday,9,Noodles,Lunch,210,71,228
2024-09-11,Wednesday,9,Noodles,Dinner,210,99,394
2024-09-11,Wednesday,9,Ice Cream,Lunch,120,73,428
2024-09-11,Wednesday,9,Ice Cream,Dinner,120,62,317
2024-09-11,Wednesday,9,Coffee,Lunch,100,95,411
2024-09-11,Wednesday,9,Coffee,Dinner,100,121,219
2024-09-12,Thursday,9,Pizza,Lunch,350,108,485
2024-09-12,Thursday,9,Pizza,Dinner,350,130,355
2024-09-12,Thursday,9,Burger,Lunch,200,88,463
2024-09-12,Thursday,9,Burger,Dinner,200,120,231
2024-09-12,Thursday,9,Pasta,Lunch,300,69,444
2024-09-12,Thursday,9,Pasta,Dinner,300,87,361
2024-09-12,Thursday,9,Sandwich,Lunch,180,61,419
2024-09-12,Thursday,9,Sandwich,Dinner,180,64,475
2024-09-12,Thursday,9,Salad,Lunch,150,61,353
2024-09-12,Thursday,9,Salad,Dinner,150,73,216
2024-09-12,Thursday,9,Biryani,Lunch,250,119,349
2024-09-12,Thursday,9,Biryani,Dinner,250,157,223
2024-09-12,Thursday,9,Fried Rice,Lunch,220,84,420
2024-09-12,Thursday,9,Fried Rice,Dinner,220,111,428
2024-09-12,Thursday,9,Noodles,Lunch,210,89,445
2024-09-12,Thursday,9,Noodles,Dinner,210,100,252
2024-09-12,Thursday,9,Ice Cream,Lunch,120,40,498
2024-09-12,Thursday,9,Ice Cream,Dinner,120,60,305
2024-09-12,Thursday,9,Coffee,Lunch,100,125,227
2024-09-12,Thursday,9,Coffee,Dinner,100,136,462
2024-09-13,Friday,9,Pizza,Lunch,350,127,428
2024-09-13,Friday,9,Pizza,Dinner,350,132,334
2024-09-13,Friday,9,Burger,Lunch,200,83,244
2024-09-13,Friday,9,Burger,Dinner,200,110,452
2024-09-13,Friday,9,Pasta,Lunch,300,92,465
2024-09-13,Friday,9,Pasta,Dinner,300,81,377
2024-09-13,Friday,9,Sandwich,Lunch,180,51,285
2024-09-13,Friday,9,Sandwich,Dinner,180,68,402
2024-09-13,Friday,9,Salad,Lunch,150,67,287
2024-09-13,Friday,9,Salad,Dinner,150,57,479
2024-09-13,Friday,9,Biryani,Lunch,250,113,352
2024-09-13,Friday,9,Biryani,Dinner,250,150,353
2024-09-13,Friday,9,Fried Rice,Lunch,220,104,442
2024-09-13,Friday,9,Fried Rice,Dinner,220,115,401
2024-09-13,Friday,9,Noodles,Lunch,210,69,409
2024-09-13,Friday,9,Noodles,Dinner,210,104,436
2024-09-13,Friday,9,Ice Cream,Lunch,120,68,303
2024-09-13,Friday,9,Ice Cream,Dinner,120,90,250
2024-09-13,Friday,9,Coffee,Lunch,100,120,476
2024-09-13,Friday,9,Coffee,Dinner,100,118,230
2024-09-14,Saturday,9,Pizza,Lunch,350,157,387
2024-09-14,Saturday,9,Pizza,Dinner,350,199,277
2024-09-14,Saturday,9,Burger,Lunch,200,138,440
2024-09-14,Saturday,9,Burger,Dinner,200,183,368
2024-09-14,Saturday,9,Pasta,Lunch,300,122,315
2024-09-14,Saturday,9,Pasta,Dinner,300,123,244
2024-09-14,Saturday,9,Sandwich,Lunch,180,82,497
2024-09-14,Saturday,9,Sandwich,Dinner,180,103,237
2024-09-14,Saturday,9,Salad,Lunch,150,75,327
2024-09-14,Saturday,9,Salad,Dinner,150,102,244
2024-09-14,Saturday,9,Biryani,Lunch,250,165,314
2024-09-14,Saturday,9,Biryani,Dinner,250,204,402
2024-09-14,Saturday,9,Fried Rice,Lunch,220,108,298
2024-09-14,Saturday,9,Fried Rice,Dinner,220,153,303
2024-09-14,Saturday,9,Noodles,Lunch,210,98,457
2024-09-14,Saturday,9,Noodles,Dinner,210,154,227
2024-09-14,Saturday,9,Ice Cream,Lunch,120,69,205
2024-09-14,Saturday,9,Ice Cream,Dinner,120,90,433
2024-09-14,Saturday,9,Coffee,Lunch,100,148,327
2024-09-14,Saturday,9,Coffee,Dinner,100,165,411
2024-09-15,Sunday,9,Pizza,Lunch,350,180,367
2024-09-15,Sunday,9,Pizza,Dinner,350,209,218
2024-09-15,Sunday,9,Burger,Lunch,200,131,236
2024-09-15,Sunday,9,Burger,Dinner,200,174,402
2024-09-15,Sunday,9,Pasta,Lunch,300,96,224
2024-09-15,Sunday,9,Pasta,Dinner,300,144,353
2024-09-15,Sunday,9,Sandwich,Lunch,180,92,239
2024-09-15,Sunday,9,Sandwich,Dinner,180,101,295
2024-09-15,Sunday,9,Salad,Lunch,150,66,264
2024-09-15,Sunday,9,Salad,Dinner,150,66,498
2024-09-15,Sunday,9,Biryani,Lunch,250,198,415
2024-09-15,Sunday,9,Biryani,Dinner,250,228,342
2024-09-15,Sunday,9,Fried Rice,Lunch,220,114,362
2024-09-15,Sunday,9,Fried Rice,Dinner,220,156,270
2024-09-15,Sunday,9,Noodles,Lunch,210,105,264
2024-09-15,Sunday,9,Noodles,Dinner,210,146,217
2024-09-15,Sunday,9,Ice Cream,Lunch,120,104,239
2024-09-15,Sunday,9,Ice Cream,Dinner,120,97,454
2024-09-15,Sunday,9,Coffee,Lunch,100,151,207
2024-09-15,Sunday,9,Coffee,Dinner,100,182,300
2024-09-16,Monday,9,Pizza,Lunch,350,140,279
2024-09-16,Monday,9,Pizza,Dinner,350,146,326
2024-09-16,Monday,9,Burger,Lunch,200,107,434
2024-09-16,Monday,9,Burger,Dinner,200,111,222
2024-09-16,Monday,9,Pasta,Lunch,300,85,305
2024-09-16,Monday,9,Pasta,Dinner,300,82,353
2024-09-16,Monday,9,Sandwich,Lunch,180,64,400
2024-09-16,Monday,9,Sandwich,Dinner,180,95,470
2024-09-16,Monday,9,Salad,Lunch,150,60,444
2024-09-16,Monday,9,Salad,Dinner,150,66,281
2024-09-16,Monday,9,Biryani,Lunch,250,139,472
2024-09-16,Monday,9,Biryani,Dinner,250,173,253
2024-09-16,Monday,9,Fried Rice,Lunch,220,108,491
2024-09-16,Monday,9,Fried Rice,Dinner,220,106,459
2024-09-16,Monday,9,Noodles,Lunch,210,66,410
2024-09-16,Monday,9,Noodles,Dinner,210,119,287
2024-09-16,Monday,9,Ice Cream,Lunch,120,76,385
2024-09-16,Monday,9,Ice Cream,Dinner,120,72,334
2024-09-16,Monday,9,Coffee,Lunch,100,113,475
2024-09-16,Monday,9,Coffee,Dinner,100,114,277
2024-09-17,Tuesday,9,Pizza,Lunch,350,112,281
2024-09-17,Tuesday,9,Pizza,Dinner,350,138,386
2024-09-17,Tuesday,9,Burger,Lunch,200,92,418
2024-09-17,Tuesday,9,Burger,Dinner,200,136,332
2024-09-17,Tuesday,9,Pasta,Lunch,300,85,360
2024-09-17,Tuesday,9,Pasta,Dinner,300,100,305
2024-09-17,Tuesday,9,Sandwich,Lunch,180,87,425
2024-09-17,Tuesday,9,Sandwich,Dinner,180,83,338
2024-09-17,Tuesday,9,Salad,Lunch,150,58,241
2024-09-17,Tuesday,9,Salad,Dinner,150,41,379
2024-09-17,Tuesday,9,Biryani,Lunch,250,120,201
2024-09-17,Tuesday,9,Biryani,Dinner,250,156,291
2024-09-17,Tuesday,9,Fried Rice,Lunch,220,101,319
2024-09-17,Tuesday,9,Fried Rice,Dinner,220,94,209
2024-09-17,Tuesday,9,Noodles,Lunch,210,75,371
2024-09-17,Tuesday,9,Noodles,Dinner,210,120,356
2024-09-17,Tuesday,9,Ice Cream,Lunch,120,72,256
2024-09-17,Tuesday,9,Ice Cream,Dinner,120,73,301
2024-09-17,Tuesday,9,Coffee,Lunch,100,105,360
2024-09-17,Tuesday,9,Coffee,Dinner,100,128,401
2024-09-18,Wednesday,9,Pizza,Lunch,350,122,249
2024-09-18,Wednesday,9,Pizza,Dinner,350,154,351
2024-09-18,Wednesday,9,Burger,Lunch,200,107,412
2024-09-18,Wednesday,9,Burger,Dinner,200,128,417
2024-09-18,Wednesday,9,Pasta,Lunch,300,79,405
2024-09-18,Wednesday,9,Pasta,Dinner,300,114,351
2024-09-18,Wednesday,9,Sandwich,Lunch,180,78,329
2024-09-18,Wednesday,9,Sandwich,Dinner,180,82,394
2024-09-18,Wednesday,9,Salad,Lunch,150,68,270
2024-09-18,Wednesday,9,Salad,Dinner,150,75,270
2024-09-18,Wednesday,9,Biryani,Lunch,250,134,441
2024-09-18,Wednesday,9,Biryani,Dinner,250,137,345
2024-09-18,Wednesday,9,Fried Rice,Lunch,220,101,310
2024-09-18,Wednesday,9,Fried Rice,Dinner,220,97,460
2024-09-18,Wednesday,9,Noodles,Lunch,210,84,334
2024-09-18,Wednesday,9,Noodles,Dinner,210,102,425
2024-09-18,Wednesday,9,Ice Cream,Lunch,120,72,407
2024-09-18,Wednesday,9,Ice Cream,Dinner,120,54,303
2024-09-18,Wednesday,9,Coffee,Lunch,100,108,486
2024-09-18,Wednesday,9,Coffee,Dinner,100,138,270
2024-09-19,Thursday,9,Pizza,Lunch,350,137,275
2024-09-19,Thursday,9,Pizza,Dinner,350,161,357
2024-09-19,Thursday,9,Burger,Lunch,200,91,375
2024-09-19,Thursday,9,Burger,Dinner,200,118,500
2024-09-19,Thursday,9,Pasta,Lunch,300,74,328
2024-09-19,Thursday,9,Pasta,Dinner,300,100,390
2024-09-19,Thursday,9,Sandwich,Lunch,180,69,406
2024-09-19,Thursday,9,Sandwich,Dinner,180,91,331
2024-09-19,Thursday,9,Salad,Lunch,150,59,461
2024-09-19,Thursday,9,Salad,Dinner,150,43,214
2024-09-19,Thursday,9,Biryani,Lunch,250,116,459
2024-09-19,Thursday,9,Biryani,Dinner,250,156,247
2024-09-19,Thursday,9,Fried Rice,Lunch,220,110,280
2024-09-19,Thursday,9,Fried Rice,Dinner,220,117,490
2024-09-19,Thursday,9,Noodles,Lunch,210,80,245
2024-09-19,Thursday,9,Noodles,Dinner,210,100,255
2024-09-19,Thursday,9,Ice Cream,Lunch,120,66,317
2024-09-19,Thursday,9,Ice Cream,Dinner,120,54,427
2024-09-19,Thursday,9,Coffee,Lunch,100,93,258
2024-09-19,Thursday,9,Coffee,Dinner,100,129,227
2024-09-20,Friday,9,Pizza,Lunch,350,137,355
2024-09-20,Friday,9,Pizza,Dinner,350,126,485
2024-09-20,Friday,9,Burger,Lunch,200,86,424
2024-09-20,Friday,9,Burger,Dinner,200,102,437
2024-09-20,Friday,9,Pasta,Lunch,300,86,343
2024-09-20,Friday,9,Pasta,Dinner,300,111,390
2024-09-20,Friday,9,Sandwich,Lunch,180,64,226
2024-09-20,Friday,9,Sandwich,Dinner,180,95,396
2024-09-20,Friday,9,Salad,Lunch,150,37,386
2024-09-20,Friday,9,Salad,Dinner,150,41,382
2024-09-20,Friday,9,Biryani,Lunch,250,112,476
2024-09-20,Friday,9,Biryani,Dinner,250,163,304
2024-09-20,Friday,9,Fried Rice,Lunch,220,73,307
2024-09-20,Friday,9,Fried Rice,Dinner,220,114,298
2024-09-20,Friday,9,Noodles,Lunch,210,83,386
2024-09-20,Friday,9,Noodles,Dinner,210,107,321
2024-09-20,Friday,9,Ice Cream,Lunch,120,58,394
2024-09-20,Friday,9,Ice Cream,Dinner,120,69,263
2024-09-20,Friday,9,Coffee,Lunch,100,97,204
2024-09-20,Friday,9,Coffee,Dinner,100,116,388
2024-09-21,Saturday,9,Pizza,Lunch,350,181,296
2024-09-21,Saturday,9,Pizza,Dinner,350,217,457
2024-09-21,Saturday,9,Burger,Lunch,200,149,495
2024-09-21,Saturday,9,Burger,Dinner,200,176,244
2024-09-21,Saturday,9,Pasta,Lunch,300,95,364
2024-09-21,Saturday,9,Pasta,Dinner,300,116,460
2024-09-21,Saturday,9,Sandwich,Lunch,180,111,343
2024-09-21,Saturday,9,Sandwich,Dinner,180,100,284
2024-09-21,Saturday,9,Salad,Lunch,150,56,297
2024-09-21,Saturday,9,Salad,Dinner,150,86,210
2024-09-21,Saturday,9,Biryani,Lunch,250,200,246
2024-09-21,Saturday,9,Biryani,Dinner,250,222,314
2024-09-21,Saturday,9,Fried Rice,Lunch,220,132,211
2024-09-21,Saturday,9,Fried Rice,Dinner,220,168,495
2024-09-21,Saturday,9,Noodles,Lunch,210,125,428
2024-09-21,Saturday,9,Noodles,Dinner,210,131,333
2024-09-21,Saturday,9,Ice Cream,Lunch,120,82,415
2024-09-21,Saturday,9,Ice Cream,Dinner,120,120,488
2024-09-21,Saturday,9,Coffee,Lunch,100,161,288
2024-09-21,Saturday,9,Coffee,Dinner,100,188,378
2024-09-22,Sunday,9,Pizza,Lunch,350,151,320
2024-09-22,Sunday,9,Pizza,Dinner,350,190,314
2024-09-22,Sunday,9,Burger,Lunch,200,142,385
2024-09-22,Sunday,9,Burger,Dinner,200,182,431
2024-09-22,Sunday,9,Pasta,Lunch,300,94,400
2024-09-22,Sunday,9,Pasta,Dinner,300,127,498
2024-09-22,Sunday,9,Sandwich,Lunch,180,88,284
2024-09-22,Sunday,9,Sandwich,Dinner,180,130,312
2024-09-22,Sunday,9,Salad,Lunch,150,71,255
2024-09-22,Sunday,9,Salad,Dinner,150,71,408
2024-09-22,Sunday,9,Biryani,Lunch,250,185,386
2024-09-22,Sunday,9,Biryani,Dinner,250,227,372
2024-09-22,Sunday,9,Fried Rice,Lunch,220,110,283
2024-09-22,Sunday,9,Fried Rice,Dinner,220,161,252
2024-09-22,Sunday,9,Noodles,Lunch,210,106,211
2024-09-22,Sunday,9,Noodles,Dinner,210,132,218
2024-09-22,Sunday,9,Ice Cream,Lunch,120,68,372
2024-09-22,Sunday,9,Ice Cream,Dinner,120,108,374
2024-09-22,Sunday,9,Coffee,Lunch,100,154,227
2024-09-22,Sunday,9,Coffee,Dinner,100,182,278
2024-09-23,Monday,9,Pizza,Lunch,350,120,208
2024-09-23,Monday,9,Pizza,Dinner,350,140,218
2024-09-23,Monday,9,Burger,Lunch,200,103,492
2024-09-23,Monday,9,Burger,Dinner,200,138,477
2024-09-23,Monday,9,Pasta,Lunch,300,72,361
2024-09-23,Monday,9,Pasta,Dinner,300,113,339
2024-09-23,Monday,9,Sandwich,Lunch,180,71,397
2024-09-23,Monday,9,Sandwich,Dinner,180,85,326
2024-09-23,Monday,9,Salad,Lunch,150,61,293
2024-09-23,Monday,9,Salad,Dinner,150,48,333
2024-09-23,Monday,9,Biryani,Lunch,250,124,221
2024-09-23,Monday,9,Biryani,Dinner,250,136,226
2024-09-23,Monday,9,Fried Rice,Lunch,220,82,207
2024-09-23,Monday,9,Fried Rice,Dinner,220,104,326
2024-09-23,Monday,9,Noodles,Lunch,210,65,246
2024-09-23,Monday,9,Noodles,Dinner,210,119,432
2024-09-23,Monday,9,Ice Cream,Lunch,120,41,480
2024-09-23,Monday,9,Ice Cream,Dinner,120,69,248
2024-09-23,Monday,9,Coffee,Lunch,100,106,441
2024-09-23,Monday,9,Coffee,Dinner,100,150,443
2024-09-24,Tuesday,9,Pizza,Lunch,350,132,214
2024-09-24,Tuesday,9,Pizza,Dinner,350,128,290
2024-09-24,Tuesday,9,Burger,Lunch,200,100,299
2024-09-24,Tuesday,9,Burger,Dinner,200,117,417
2024-09-24,Tuesday,9,Pasta,Lunch,300,84,324
2024-09-24,Tuesday,9,Pasta,Dinner,300,92,373
2024-09-24,Tuesday,9,Sandwich,Lunch,180,90,427
2024-09-24,Tuesday,9,Sandwich,Dinner,180,104,459
2024-09-24,Tuesday,9,Salad,Lunch,150,52,210
2024-09-24,Tuesday,9,Salad,Dinner,150,60,439
2024-09-24,Tuesday,9,Biryani,Lunch,250,144,303
2024-09-24,Tuesday,9,Biryani,Dinner,250,137,435
2024-09-24,Tuesday,9,Fried Rice,Lunch,220,71,479
2024-09-24,Tuesday,9,Fried Rice,Dinner,220,101,331
2024-09-24,Tuesday,9,Noodles,Lunch,210,78,234
2024-09-24,Tuesday,9,Noodles,Dinner,210,106,470
2024-09-24,Tuesday,9,Ice Cream,Lunch,120,50,218
2024-09-24,Tuesday,9,Ice Cream,Dinner,120,72,207
2024-09-24,Tuesday,9,Coffee,Lunch,100,109,289
2024-09-24,Tuesday,9,Coffee,Dinner,100,118,335
2024-09-25,Wednesday,9,Pizza,Lunch,350,122,362
2024-09-25,Wednesday,9,Pizza,Dinner,350,164,452
2024-09-25,Wednesday,9,Burger,Lunch,200,98,422
2024-09-25,Wednesday,9,Burger,Dinner,200,121,372
2024-09-25,Wednesday,9,Pasta,Lunch,300,89,478
2024-09-25,Wednesday,9,Pasta,Dinner,300,94,363
2024-09-25,Wednesday,9,Sandwich,Lunch,180,82,308
2024-09-25,Wednesday,9,Sandwich,Dinner,180,78,443
2024-09-25,Wednesday,9,Salad,Lunch,150,64,367
2024-09-25,Wednesday,9,Salad,Dinner,150,46,216
2024-09-25,Wednesday,9,Biryani,Lunch,250,150,301
2024-09-25,Wednesday,9,Biryani,Dinner,250,149,323
2024-09-25,Wednesday,9,Fried Rice,Lunch,220,92,425
2024-09-25,Wednesday,9,Fried Rice,Dinner,220,122,240
2024-09-25,Wednesday,9,Noodles,Lunch,210,74,405
2024-09-25,Wednesday,9,Noodles,Dinner,210,102,273
2024-09-25,Wednesday,9,Ice Cream,Lunch,120,68,398
2024-09-25,Wednesday,9,Ice Cream,Dinner,120,60,388
2024-09-25,Wednesday,9,Coffee,Lunch,100,120,321
2024-09-25,Wednesday,9,Coffee,Dinner,100,133,216
2024-09-26,Thursday,9,Pizza,Lunch,350,128,233
2024-09-26,Thursday,9,Pizza,Dinner,350,140,374
2024-09-26,Thursday,9,Burger,Lunch,200,102,429
2024-09-26,Thursday,9,Burger,Dinner,200,119,369
2024-09-26,Thursday,9,Pasta,Lunch,300,86,380
2024-09-26,Thursday,9,Pasta,Dinner,300,79,210
2024-09-26,Thursday,9,Sandwich,Lunch,180,72,433
2024-09-26,Thursday,9,Sandwich,Dinner,180,66,217
2024-09-26,Thursday,9,Salad,Lunch,150,37,371
2024-09-26,Thursday,9,Salad,Dinner,150,62,359
2024-09-26,Thursday,9,Biryani,Lunch,250,118,480
2024-09-26,Thursday,9,Biryani,Dinner,250,175,210
2024-09-26,Thursday,9,Fried Rice,Lunch,220,92,486
2024-09-26,Thursday,9,Fried Rice,Dinner,220,122,297
2024-09-26,Thursday,9,Noodles,Lunch,210,98,230
2024-09-26,Thursday,9,Noodles,Dinner,210,115,209
2024-09-26,Thursday,9,Ice Cream,Lunch,120,60,487
2024-09-26,Thursday,9,Ice Cream,Dinner,120,76,379
2024-09-26,Thursday,9,Coffee,Lunch,100,129,202
2024-09-26,Thursday,9,Coffee,Dinner,100,135,309
2024-09-27,Friday,9,Pizza,Lunch,350,105,414
2024-09-27,Friday,9,Pizza,Dinner,350,151,280
2024-09-27,Friday,9,Burger,Lunch,200,112,392
2024-09-27,Friday,9,Burger,Dinner,200,108,333
2024-09-27,Friday,9,Pasta,Lunch,300,64,326
2024-09-27,Friday,9,Pasta,Dinner,300,77,357
2024-09-27,Friday,9,Sandwich,Lunch,180,56,295
2024-09-27,Friday,9,Sandwich,Dinner,180,100,436
2024-09-27,Friday,9,Salad,Lunch,150,55,242
2024-09-27,Friday,9,Salad,Dinner,150,80,305
2024-09-27,Friday,9,Biryani,Lunch,250,130,442
2024-09-27,Friday,9,Biryani,Dinner,250,176,204
2024-09-27,Friday,9,Fried Rice,Lunch,220,107,309
2024-09-27,Friday,9,Fried Rice,Dinner,220,89,418
2024-09-27,Friday,9,Noodles,Lunch,210,104,368
2024-09-27,Friday,9,Noodles,Dinner,210,90,451
2024-09-27,Friday,9,Ice Cream,Lunch,120,64,439
2024-09-27,Friday,9,Ice Cream,Dinner,120,52,344
2024-09-27,Friday,9,Coffee,Lunch,100,119,282
2024-09-27,Friday,9,Coffee,Dinner,100,147,233
2024-09-28,Saturday,9,Pizza,Lunch,350,153,220
2024-09-28,Saturday,9,Pizza,Dinner,350,184,458
2024-09-28,Saturday,9,Burger,Lunch,200,146,460
2024-09-28,Saturday,9,Burger,Dinner,200,157,254
2024-09-28,Saturday,9,Pasta,Lunch,300,121,457
2024-09-28,Saturday,9,Pasta,Dinner,300,120,271
2024-09-28,Saturday,9,Sandwich,Lunch,180,88,370
2024-09-28,Saturday,9,Sandwich,Dinner,180,130,310
2024-09-28,Saturday,9,Salad,Lunch,150,72,227
2024-09-28,Saturday,9,Salad,Dinner,150,90,203
2024-09-28,Saturday,9,Biryani,Lunch,250,173,334
2024-09-28,Saturday,9,Biryani,Dinner,250,210,327
2024-09-28,Saturday,9,Fried Rice,Lunch,220,129,273
2024-09-28,Saturday,9,Fried Rice,Dinner,220,138,251
2024-09-28,Saturday,9,Noodles,Lunch,210,104,383
2024-09-28,Saturday,9,Noodles,Dinner,210,139,260
2024-09-28,Saturday,9,Ice Cream,Lunch,120,77,402
2024-09-28,Saturday,9,Ice Cream,Dinner,120,115,269
2024-09-28,Saturday,9,Coffee,Lunch,100,141,248
2024-09-28,Saturday,9,Coffee,Dinner,100,186,413
2024-09-29,Sunday,9,Pizza,Lunch,350,167,303
2024-09-29,Sunday,9,Pizza,Dinner,350,215,229
2024-09-29,Sunday,9,Burger,Lunch,200,140,474
2024-09-29,Sunday,9,Burger,Dinner,200,159,320
2024-09-29,Sunday,9,Pasta,Lunch,300,124,337
2024-09-29,Sunday,9,Pasta,Dinner,300,133,283
2024-09-29,Sunday,9,Sandwich,Lunch,180,103,471
2024-09-29,Sunday,9,Sandwich,Dinner,180,132,242
2024-09-29,Sunday,9,Salad,Lunch,150,62,336
2024-09-29,Sunday,9,Salad,Dinner,150,64,466
2024-09-29,Sunday,9,Biryani,Lunch,250,189,435
2024-09-29,Sunday,9,Biryani,Dinner,250,216,241
2024-09-29,Sunday,9,Fried Rice,Lunch,220,112,377
2024-09-29,Sunday,9,Fried Rice,Dinner,220,155,486
2024-09-29,Sunday,9,Noodles,Lunch,210,120,344
2024-09-29,Sunday,9,Noodles,Dinner,210,125,273
2024-09-29,Sunday,9,Ice Cream,Lunch,120,81,420
2024-09-29,Sunday,9,Ice Cream,Dinner,120,82,447
2024-09-29,Sunday,9,Coffee,Lunch,100,166,355
2024-09-29,Sunday,9,Coffee,Dinner,100,177,200
2024-09-30,Monday,9,Pizza,Lunch,350,140,338
2024-09-30,Monday,9,Pizza,Dinner,350,154,342
2024-09-30,Monday,9,Burger,Lunch,200,89,412
2024-09-30,Monday,9,Burger,Dinner,200,104,275
2024-09-30,Monday,9,Pasta,Lunch,300,91,314
2024-09-30,Monday,9,Pasta,Dinner,300,103,392
2024-09-30,Monday,9,Sandwich,Lunch,180,54,440
2024-09-30,Monday,9,Sandwich,Dinner,180,71,284
2024-09-30,Monday,9,Salad,Lunch,150,63,292
2024-09-30,Monday,9,Salad,Dinner,150,79,491
2024-09-30,Monday,9,Biryani,Lunch,250,115,356
2024-09-30,Monday,9,Biryani,Dinner,250,148,500
2024-09-30,Monday,9,Fried Rice,Lunch,220,90,450
2024-09-30,Monday,9,Fried Rice,Dinner,220,110,373
2024-09-30,Monday,9,Noodles,Lunch,210,70,215
2024-09-30,Monday,9,Noodles,Dinner,210,111,304
2024-09-30,Monday,9,Ice Cream,Lunch,120,80,218
2024-09-30,Monday,9,Ice Cream,Dinner,120,80,456
2024-09-30,Monday,9,Coffee,Lunch,100,118,471
2024-09-30,Monday,9,Coffee,Dinner,100,143,332
2024-10-01,Tuesday,10,Pizza,Lunch,350,107,254
2024-10-01,Tuesday,10,Pizza,Dinner,350,148,475
2024-10-01,Tuesday,10,Burger,Lunch,200,112,320
2024-10-01,Tuesday,10,Burger,Dinner,200,140,300
2024-10-01,Tuesday,10,Pasta,Lunch,300,100,352
2024-10-01,Tuesday,10,Pasta,Dinner,300,102,352
2024-10-01,Tuesday,10,Sandwich,Lunch,180,57,411
2024-10-01,Tuesday,10,Sandwich,Dinner,180,71,379
2024-10-01,Tuesday,10,Salad,Lunch,150,56,420
2024-10-01,Tuesday,10,Salad,Dinner,150,73,488
2024-10-01,Tuesday,10,Biryani,Lunch,250,150,330
2024-10-01,Tuesday,10,Biryani,Dinner,250,164,358
2024-10-01,Tuesday,10,Fried Rice,Lunch,220,107,467
2024-10-01,Tuesday,10,Fried Rice,Dinner,220,93,238
2024-10-01,Tuesday,10,Noodles,Lunch,210,89,281
2024-10-01,Tuesday,10,Noodles,Dinner,210,94,331
2024-10-01,Tuesday,10,Ice Cream,Lunch,120,55,385
2024-10-01,Tuesday,10,Ice Cream,Dinner,120,76,271
2024-10-01,Tuesday,10,Coffee,Lunch,100,96,475
2024-10-01,Tuesday,10,Coffee,Dinner,100,133,206
2024-10-02,Wednesday,10,Pizza,Lunch,350,140,246
2024-10-02,Wednesday,10,Pizza,Dinner,350,127,401
2024-10-02,Wednesday,10,Burger,Lunch,200,97,400
2024-10-02,Wednesday,10,Burger,Dinner,200,132,377
2024-10-02,Wednesday,10,Pasta,Lunch,300,99,371
2024-10-02,Wednesday,10,Pasta,Dinner,300,109,303
2024-10-02,Wednesday,10,Sandwich,Lunch,180,51,296
2024-10-02,Wednesday,10,Sandwich,Dinner,180,104,416
2024-10-02,Wednesday,10,Salad,Lunch,150,55,206
2024-10-02,Wednesday,10,Salad,Dinner,150,47,256
2024-10-02,Wednesday,10,Biryani,Lunch,250,118,330
2024-10-02,Wednesday,10,Biryani,Dinner,250,172,203
2024-10-02,Wednesday,10,Fried Rice,Lunch,220,81,383
2024-10-02,Wednesday,10,Fried Rice,Dinner,220,94,463
2024-10-02,Wednesday,10,Noodles,Lunch,210,103,231
2024-10-02,Wednesday,10,Noodles,Dinner,210,92,302
2024-10-02,Wednesday,10,Ice Cream,Lunch,120,47,473
2024-10-02,Wednesday,10,Ice Cream,Dinner,120,90,211
2024-10-02,Wednesday,10,Coffee,Lunch,100,91,345
2024-10-02,Wednesday,10,Coffee,Dinner,100,144,415
2024-10-03,Thursday,10,Pizza,Lunch,350,102,377
2024-10-03,Thursday,10,Pizza,Dinner,350,147,445
2024-10-03,Thursday,10,Burger,Lunch,200,84,388
2024-10-03,Thursday,10,Burger,Dinner,200,115,397
2024-10-03,Thursday,10,Pasta,Lunch,300,82,339
2024-10-03,Thursday,10,Pasta,Dinner,300,90,465
2024-10-03,Thursday,10,Sandwich,Lunch,180,73,200
2024-10-03,Thursday,10,Sandwich,Dinner,180,68,408
2024-10-03,Thursday,10,Salad,Lunch,150,68,244
2024-10-03,Thursday,10,Salad,Dinner,150,42,491
2024-10-03,Thursday,10,Biryani,Lunch,250,111,465
2024-10-03,Thursday,10,Biryani,Dinner,250,157,220
2024-10-03,Thursday,10,Fried Rice,Lunch,220,93,227
2024-10-03,Thursday,10,Fried Rice,Dinner,220,93,409
2024-10-03,Thursday,10,Noodles,Lunch,210,97,229
2024-10-03,Thursday,10,Noodles,Dinner,210,101,474
2024-10-03,Thursday,10,Ice Cream,Lunch,120,56,346
2024-10-03,Thursday,10,Ice Cream,Dinner,120,92,256
2024-10-03,Thursday,10,Coffee,Lunch,100,103,441
2024-10-03,Thursday,10,Coffee,Dinner,100,145,316
2024-10-04,Friday,10,Pizza,Lunch,350,117,276
2024-10-04,Friday,10,Pizza,Dinner,350,135,439
2024-10-04,Friday,10,Burger,Lunch,200,97,372
2024-10-04,Friday,10,Burger,Dinner,200,113,471
2024-10-04,Friday,10,Pasta,Lunch,300,95,299
2024-10-04,Friday,10,Pasta,Dinner,300,89,258
2024-10-04,Friday,10,Sandwich,Lunch,180,69,431
2024-10-04,Friday,10,Sandwich,Dinner,180,95,306
2024-10-04,Friday,10,Salad,Lunch,150,46,216
2024-10-04,Friday,10,Salad,Dinner,150,76,220
2024-10-04,Friday,10,Biryani,Lunch,250,142,329
2024-10-04,Friday,10,Biryani,Dinner,250,142,379
2024-10-04,Friday,10,Fried Rice,Lunch,220,86,365
2024-10-04,Friday,10,Fried Rice,Dinner,220,95,440
2024-10-04,Friday,10,Noodles,Lunch,210,74,329
2024-10-04,Friday,10,Noodles,Dinner,210,114,324
2024-10-04,Friday,10,Ice Cream,Lunch,120,61,358
2024-10-04,Friday,10,Ice Cream,Dinner,120,59,332
2024-10-04,Friday,10,Coffee,Lunch,100,118,355
2024-10-04,Friday,10,Coffee,Dinner,100,136,216
2024-10-05,Saturday,10,Pizza,Lunch,350,183,247
2024-10-05,Saturday,10,Pizza,Dinner,350,188,226
2024-10-05,Saturday,10,Burger,Lunch,200,145,478
2024-10-05,Saturday,10,Burger,Dinner,200,163,326
2024-10-05,Saturday,10,Pasta,Lunch,300,96,494
2024-10-05,Saturday,10,Pasta,Dinner,300,149,280
2024-10-05,Saturday,10,Sandwich,Lunch,180,92,334
2024-10-05,Saturday,10,Sandwich,Dinner,180,107,389
2024-10-05,Saturday,10,Salad,Lunch,150,87,284
2024-10-05,Saturday,10,Salad,Dinner,150,104,411
2024-10-05,Saturday,10,Biryani,Lunch,250,193,365
2024-10-05,Saturday,10,Biryani,Dinner,250,228,365
2024-10-05,Saturday,10,Fried Rice,Lunch,220,106,222
2024-10-05,Saturday,10,Fried Rice,Dinner,220,165,416
2024-10-05,Saturday,10,Noodles,Lunch,210,131,332
2024-10-05,Saturday,10,Noodles,Dinner,210,156,474
2024-10-05,Saturday,10,Ice Cream,Lunch,120,66,398
2024-10-05,Saturday,10,Ice Cream,Dinner,120,111,464
2024-10-05,Saturday,10,Coffee,Lunch,100,146,387
2024-10-05,Saturday,10,Coffee,Dinner,100,187,303
2024-10-06,Sunday,10,Pizza,Lunch,350,184,395
2024-10-06,Sunday,10,Pizza,Dinner,350,187,390
2024-10-06,Sunday,10,Burger,Lunch,200,157,320
2024-10-06,Sunday,10,Burger,Dinner,200,153,434
2024-10-06,Sunday,10,Pasta,Lunch,300,128,399
2024-10-06,Sunday,10,Pasta,Dinner,300,117,322
2024-10-06,Sunday,10,Sandwich,Lunch,180,90,383
2024-10-06,Sunday,10,Sandwich,Dinner,180,110,268
2024-10-06,Sunday,10,Salad,Lunch,150,84,265
2024-10-06,Sunday,10,Salad,Dinner,150,84,280
2024-10-06,Sunday,10,Biryani,Lunch,250,194,329
2024-10-06,Sunday,10,Biryani,Dinner,250,237,281
2024-10-06,Sunday,10,Fried Rice,Lunch,220,131,406
2024-10-06,Sunday,10,Fried Rice,Dinner,220,140,410
2024-10-06,Sunday,10,Noodles,Lunch,210,112,313
2024-10-06,Sunday,10,Noodles,Dinner,210,152,204
2024-10-06,Sunday,10,Ice Cream,Lunch,120,68,362
2024-10-06,Sunday,10,Ice Cream,Dinner,120,111,442
2024-10-06,Sunday,10,Coffee,Lunch,100,171,482
2024-10-06,Sunday,10,Coffee,Dinner,100,167,233
2024-10-07,Monday,10,Pizza,Lunch,350,136,300
2024-10-07,Monday,10,Pizza,Dinner,350,136,207
2024-10-07,Monday,10,Burger,Lunch,200,81,321
2024-10-07,Monday,10,Burger,Dinner,200,131,462
2024-10-07,Monday,10,Pasta,Lunch,300,83,422
2024-10-07,Monday,10,Pasta,Dinner,300,114,244
2024-10-07,Monday,10,Sandwich,Lunch,180,69,355
2024-10-07,Monday,10,Sandwich,Dinner,180,94,351
2024-10-07,Monday,10,Salad,Lunch,150,50,396
2024-10-07,Monday,10,Salad,Dinner,150,65,291
2024-10-07,Monday,10,Biryani,Lunch,250,145,339
2024-10-07,Monday,10,Biryani,Dinner,250,161,475
2024-10-07,Monday,10,Fried Rice,Lunch,220,105,439
2024-10-07,Monday,10,Fried Rice,Dinner,220,102,238
2024-10-07,Monday,10,Noodles,Lunch,210,84,346
2024-10-07,Monday,10,Noodles,Dinner,210,95,233
2024-10-07,Monday,10,Ice Cream,Lunch,120,50,307
2024-10-07,Monday,10,Ice Cream,Dinner,120,64,480
2024-10-07,Monday,10,Coffee,Lunch,100,107,360
2024-10-07,Monday,10,Coffee,Dinner,100,142,448
2024-10-08,Tuesday,10,Pizza,Lunch,350,128,402
2024-10-08,Tuesday,10,Pizza,Dinner,350,146,292
2024-10-08,Tuesday,10,Burger,Lunch,200,118,338
2024-10-08,Tuesday,10,Burger,Dinner,200,123,239
2024-10-08,Tuesday,10,Pasta,Lunch,300,79,323
2024-10-08,Tuesday,10,Pasta,Dinner,300,98,291
2024-10-08,Tuesday,10,Sandwich,Lunch,180,66,384
2024-10-08,Tuesday,10,Sandwich,Dinner,180,100,433
2024-10-08,Tuesday,10,Salad,Lunch,150,70,347
2024-10-08,Tuesday,10,Salad,Dinner,150,51,294
2024-10-08,Tuesday,10,Biryani,Lunch,250,135,270
2024-10-08,Tuesday,10,Biryani,Dinner,250,162,494
2024-10-08,Tuesday,10,Fried Rice,Lunch,220,102,451
2024-10-08,Tuesday,10,Fried Rice,Dinner,220,96,209
2024-10-08,Tuesday,10,Noodles,Lunch,210,90,244
2024-10-08,Tuesday,10,Noodles,Dinner,210,119,477
2024-10-08,Tuesday,10,Ice Cream,Lunch,120,68,385
2024-10-08,Tuesday,10,Ice Cream,Dinner,120,69,318
2024-10-08,Tuesday,10,Coffee,Lunch,100,115,409
2024-10-08,Tuesday,10,Coffee,Dinner,100,126,437
2024-10-09,Wednesday,10,Pizza,Lunch,350,127,290
2024-10-09,Wednesday,10,Pizza,Dinner,350,132,394
2024-10-09,Wednesday,10,Burger,Lunch,200,110,250
2024-10-09,Wednesday,10,Burger,Dinner,200,108,469
2024-10-09,Wednesday,10,Pasta,Lunch,300,66,380
2024-10-09,Wednesday,10,Pasta,Dinner,300,101,439
2024-10-09,Wednesday,10,Sandwich,Lunch,180,85,480
2024-10-09,Wednesday,10,Sandwich,Dinner,180,76,477
2024-10-09,Wednesday,10,Salad,Lunch,150,36,328
2024-10-09,Wednesday,10,Salad,Dinner,150,63,214
2024-10-09,Wednesday,10,Biryani,Lunch,250,122,242
2024-10-09,Wednesday,10,Biryani,Dinner,250,171,451
2024-10-09,Wednesday,10,Fried Rice,Lunch,220,79,292
2024-10-09,Wednesday,10,Fried Rice,Dinner,220,109,451
2024-10-09,Wednesday,10,Noodles,Lunch,210,79,219
2024-10-09,Wednesday,10,Noodles,Dinner,210,113,404
2024-10-09,Wednesday,10,Ice Cream,Lunch,120,67,265
2024-10-09,Wednesday,10,Ice Cream,Dinner,120,75,454
2024-10-09,Wednesday,10,Coffee,Lunch,100,93,236
2024-10-09,Wednesday,10,Coffee,Dinner,100,141,297
2024-10-10,Thursday,10,Pizza,Lunch,350,129,251
2024-10-10,Thursday,10,Pizza,Dinner,350,145,248
2024-10-10,Thursday,10,Burger,Lunch,200,107,205
2024-10-10,Thursday,10,Burger,Dinner,200,103,473
2024-10-10,Thursday,10,Pasta,Lunch,300,80,414
2024-10-10,Thursday,10,Pasta,Dinner,300,105,326
2024-10-10,Thursday,10,Sandwich,Lunch,180,82,440
2024-10-10,Thursday,10,Sandwich,Dinner,180,91,253
2024-10-10,Thursday,10,Salad,Lunch,150,39,417
2024-10-10,Thursday,10,Salad,Dinner,150,65,458
2024-10-10,Thursday,10,Biryani,Lunch,250,135,473
2024-10-10,Thursday,10,Biryani,Dinner,250,162,431
2024-10-10,Thursday,10,Fried Rice,Lunch,220,71,300
2024-10-10,Thursday,10,Fried Rice,Dinner,220,104,436
2024-10-10,Thursday,10,Noodles,Lunch,210,99,274
2024-10-10,Thursday,10,Noodles,Dinner,210,83,460
2024-10-10,Thursday,10,Ice Cream,Lunch,120,40,238
2024-10-10,Thursday,10,Ice Cream,Dinner,120,70,200
2024-10-10,Thursday,10,Coffee,Lunch,100,92,467
2024-10-10,Thursday,10,Coffee,Dinner,100,147,278
2024-10-11,Friday,10,Pizza,Lunch,350,107,257
2024-10-11,Friday,10,Pizza,Dinner,350,135,492
2024-10-11,Friday,10,Burger,Lunch,200,92,423
2024-10-11,Friday,10,Burger,Dinner,200,125,430
2024-10-11,Friday,10,Pasta,Lunch,300,82,357
2024-10-11,Friday,10,Pasta,Dinner,300,87,447
2024-10-11,Friday,10,Sandwich,Lunch,180,67,336
2024-10-11,Friday,10,Sandwich,Dinner,180,88,411
2024-10-11,Friday,10,Salad,Lunch,150,59,341
2024-10-11,Friday,10,Salad,Dinner,150,68,379
2024-10-11,Friday,10,Biryani,Lunch,250,127,475
2024-10-11,Friday,10,Biryani,Dinner,250,165,452
2024-10-11,Friday,10,Fried Rice,Lunch,220,104,274
2024-10-11,Friday,10,Fried Rice,Dinner,220,99,406
2024-10-11,Friday,10,Noodles,Lunch,210,85,459
2024-10-11,Friday,10,Noodles,Dinner,210,90,367
2024-10-11,Friday,10,Ice Cream,Lunch,120,42,273
2024-10-11,Friday,10,Ice Cream,Dinner,120,69,299
2024-10-11,Friday,10,Coffee,Lunch,100,94,349
2024-10-11,Friday,10,Coffee,Dinner,100,127,217
2024-10-12,Saturday,10,Pizza,Lunch,350,172,255
2024-10-12,Saturday,10,Pizza,Dinner,350,186,259
2024-10-12,Saturday,10,Burger,Lunch,200,157,429
2024-10-12,Saturday,10,Burger,Dinner,200,188,212
2024-10-12,Saturday,10,Pasta,Lunch,300,104,336
2024-10-12,Saturday,10,Pasta,Dinner,300,127,373
2024-10-12,Saturday,10,Sandwich,Lunch,180,98,319
2024-10-12,Saturday,10,Sandwich,Dinner,180,114,226
2024-10-12,Saturday,10,Salad,Lunch,150,66,226
2024-10-12,Saturday,10,Salad,Dinner,150,102,350
2024-10-12,Saturday,10,Biryani,Lunch,250,176,302
2024-10-12,Saturday,10,Biryani,Dinner,250,238,391
2024-10-12,Saturday,10,Fried Rice,Lunch,220,145,379
2024-10-12,Saturday,10,Fried Rice,Dinner,220,137,479
2024-10-12,Saturday,10,Noodles,Lunch,210,113,224
2024-10-12,Saturday,10,Noodles,Dinner,210,147,431
2024-10-12,Saturday,10,Ice Cream,Lunch,120,77,343
2024-10-12,Saturday,10,Ice Cream,Dinner,120,120,351
2024-10-12,Saturday,10,Coffee,Lunch,100,141,500
2024-10-12,Saturday,10,Coffee,Dinner,100,186,230
2024-10-13,Sunday,10,Pizza,Lunch,350,170,240
2024-10-13,Sunday,10,Pizza,Dinner,350,211,471
2024-10-13,Sunday,10,Burger,Lunch,200,133,273
2024-10-13,Sunday,10,Burger,Dinner,200,178,383
2024-10-13,Sunday,10,Pasta,Lunch,300,129,402
2024-10-13,Sunday,10,Pasta,Dinner,300,118,338
2024-10-13,Sunday,10,Sandwich,Lunch,180,118,466
2024-10-13,Sunday,10,Sandwich,Dinner,180,111,490
2024-10-13,Sunday,10,Salad,Lunch,150,88,217
2024-10-13,Sunday,10,Salad,Dinner,150,102,268
2024-10-13,Sunday,10,Biryani,Lunch,250,200,362
2024-10-13,Sunday,10,Biryani,Dinner,250,208,410
2024-10-13,Sunday,10,Fried Rice,Lunch,220,113,374
2024-10-13,Sunday,10,Fried Rice,Dinner,220,160,231
2024-10-13,Sunday,10,Noodles,Lunch,210,111,369
2024-10-13,Sunday,10,Noodles,Dinner,210,147,389
2024-10-13,Sunday,10,Ice Cream,Lunch,120,84,264
2024-10-13,Sunday,10,Ice Cream,Dinner,120,93,413
2024-10-13,Sunday,10,Coffee,Lunch,100,144,352
2024-10-13,Sunday,10,Coffee,Dinner,100,179,299
2024-10-14,Monday,10,Pizza,Lunch,350,124,314
2024-10-14,Monday,10,Pizza,Dinner,350,133,270
2024-10-14,Monday,10,Burger,Lunch,200,91,266
2024-10-14,Monday,10,Burger,Dinner,200,113,492
2024-10-14,Monday,10,Pasta,Lunch,300,85,410
2024-10-14,Monday,10,Pasta,Dinner,300,82,380
2024-10-14,Monday,10,Sandwich,Lunch,180,64,485
2024-10-14,Monday,10,Sandwich,Dinner,180,65,497
2024-10-14,Monday,10,Salad,Lunch,150,51,432
2024-10-14,Monday,10,Salad,Dinner,150,59,308
2024-10-14,Monday,10,Biryani,Lunch,250,128,323
2024-10-14,Monday,10,Biryani,Dinner,250,172,384
2024-10-14,Monday,10,Fried Rice,Lunch,220,105,388
2024-10-14,Monday,10,Fried Rice,Dinner,220,124,427
2024-10-14,Monday,10,Noodles,Lunch,210,65,321
2024-10-14,Monday,10,Noodles,Dinner,210,113,466
2024-10-14,Monday,10,Ice Cream,Lunch,120,53,264
2024-10-14,Monday,10,Ice Cream,Dinner,120,73,280
2024-10-14,Monday,10,Coffee,Lunch,100,92,260
2024-10-14,Monday,10,Coffee,Dinner,100,124,454
2024-10-15,Tuesday,10,Pizza,Lunch,350,113,409
2024-10-15,Tuesday,10,Pizza,Dinner,350,152,267
2024-10-15,Tuesday,10,Burger,Lunch,200,103,213
2024-10-15,Tuesday,10,Burger,Dinner,200,133,473
2024-10-15,Tuesday,10,Pasta,Lunch,300,76,376
2024-10-15,Tuesday,10,Pasta,Dinner,300,86,452
2024-10-15,Tuesday,10,Sandwich,Lunch,180,90,220
2024-10-15,Tuesday,10,Sandwich,Dinner,180,91,362
2024-10-15,Tuesday,10,Salad,Lunch,150,53,469
2024-10-15,Tuesday,10,Salad,Dinner,150,55,272
2024-10-15,Tuesday,10,Biryani,Lunch,250,124,492
2024-10-15,Tuesday,10,Biryani,Dinner,250,161,465
2024-10-15,Tuesday,10,Fried Rice,Lunch,220,99,296
2024-10-15,Tuesday,10,Fried Rice,Dinner,220,117,419
2024-10-15,Tuesday,10,Noodles,Lunch,210,73,210
2024-10-15,Tuesday,10,Noodles,Dinner,210,82,409
2024-10-15,Tuesday,10,Ice Cream,Lunch,120,77,258
2024-10-15,Tuesday,10,Ice Cream,Dinner,120,77,365
2024-10-15,Tuesday,10,Coffee,Lunch,100,120,425
2024-10-15,Tuesday,10,Coffee,Dinner,100,148,310
2024-10-16,Wednesday,10,Pizza,Lunch,350,112,390
2024-10-16,Wednesday,10,Pizza,Dinner,350,130,218
2024-10-16,Wednesday,10,Burger,Lunch,200,81,262
2024-10-16,Wednesday,10,Burger,Dinner,200,132,456
2024-10-16,Wednesday,10,Pasta,Lunch,300,64,489
2024-10-16,Wednesday,10,Pasta,Dinner,300,86,300
2024-10-16,Wednesday,10,Sandwich,Lunch,180,53,289
2024-10-16,Wednesday,10,Sandwich,Dinner,180,91,324
2024-10-16,Wednesday,10,Salad,Lunch,150,32,432
2024-10-16,Wednesday,10,Salad,Dinner,150,61,233
2024-10-16,Wednesday,10,Biryani,Lunch,250,134,447
2024-10-16,Wednesday,10,Biryani,Dinner,250,165,325
2024-10-16,Wednesday,10,Fried Rice,Lunch,220,72,368
2024-10-16,Wednesday,10,Fried Rice,Dinner,220,114,311
2024-10-16,Wednesday,10,Noodles,Lunch,210,78,216
2024-10-16,Wednesday,10,Noodles,Dinner,210,90,445
2024-10-16,Wednesday,10,Ice Cream,Lunch,120,70,388
2024-10-16,Wednesday,10,Ice Cream,Dinner,120,76,337
2024-10-16,Wednesday,10,Coffee,Lunch,100,90,340
2024-10-16,Wednesday,10,Coffee,Dinner,100,126,466
2024-10-17,Thursday,10,Pizza,Lunch,350,114,316
2024-10-17,Thursday,10,Pizza,Dinner,350,163,361
2024-10-17,Thursday,10,Burger,Lunch,200,111,223
2024-10-17,Thursday,10,Burger,Dinner,200,106,326
2024-10-17,Thursday,10,Pasta,Lunch,300,90,306
2024-10-17,Thursday,10,Pasta,Dinner,300,113,415
2024-10-17,Thursday,10,Sandwich,Lunch,180,64,405
2024-10-17,Thursday,10,Sandwich,Dinner,180,79,325
2024-10-17,Thursday,10,Salad,Lunch,150,35,329
2024-10-17,Thursday,10,Salad,Dinner,150,68,490
2024-10-17,Thursday,10,Biryani,Lunch,250,137,491
2024-10-17,Thursday,10,Biryani,Dinner,250,171,280
2024-10-17,Thursday,10,Fried Rice,Lunch,220,102,285
2024-10-17,Thursday,10,Fried Rice,Dinner,220,111,402
2024-10-17,Thursday,10,Noodles,Lunch,210,93,498
2024-10-17,Thursday,10,Noodles,Dinner,210,113,468
2024-10-17,Thursday,10,Ice Cream,Lunch,120,50,278
2024-10-17,Thursday,10,Ice Cream,Dinner,120,57,343
2024-10-17,Thursday,10,Coffee,Lunch,100,125,215
2024-10-17,Thursday,10,Coffee,Dinner,100,148,491
2024-10-18,Friday,10,Pizza,Lunch,350,116,417
2024-10-18,Friday,10,Pizza,Dinner,350,141,473
2024-10-18,Friday,10,Burger,Lunch,200,83,379
2024-10-18,Friday,10,Burger,Dinner,200,122,310
2024-10-18,Friday,10,Pasta,Lunch,300,69,385
2024-10-18,Friday,10,Pasta,Dinner,300,91,450
2024-10-18,Friday,10,Sandwich,Lunch,180,51,313
2024-10-18,Friday,10,Sandwich,Dinner,180,90,265
2024-10-18,Friday,10,Salad,Lunch,150,70,277
2024-10-18,Friday,10,Salad,Dinner,150,47,352
2024-10-18,Friday,10,Biryani,Lunch,250,134,387
2024-10-18,Friday,10,Biryani,Dinner,250,166,341
2024-10-18,Friday,10,Fried Rice,Lunch,220,108,342
2024-10-18,Friday,10,Fried Rice,Dinner,220,112,215
2024-10-18,Friday,10,Noodles,Lunch,210,75,315
2024-10-18,Friday,10,Noodles,Dinner,210,91,456
2024-10-18,Friday,10,Ice Cream,Lunch,120,42,370
2024-10-18,Friday,10,Ice Cream,Dinner,120,58,491
2024-10-18,Friday,10,Coffee,Lunch,100,102,332
2024-10-18,Friday,10,Coffee,Dinner,100,117,317
2024-10-19,Saturday,10,Pizza,Lunch,350,156,293
2024-10-19,Saturday,10,Pizza,Dinner,350,182,327
2024-10-19,Saturday,10,Burger,Lunch,200,139,491
2024-10-19,Saturday,10,Burger,Dinner,200,186,318
2024-10-19,Saturday,10,Pasta,Lunch,300,114,291
2024-10-19,Saturday,10,Pasta,Dinner,300,139,353
2024-10-19,Saturday,10,Sandwich,Lunch,180,78,429
2024-10-19,Saturday,10,Sandwich,Dinner,180,97,203
2024-10-19,Saturday,10,Salad,Lunch,150,77,473
2024-10-19,Saturday,10,Salad,Dinner,150,67,269
2024-10-19,Saturday,10,Biryani,Lunch,250,200,324
2024-10-19,Saturday,10,Biryani,Dinner,250,234,436
2024-10-19,Saturday,10,Fried Rice,Lunch,220,133,451
2024-10-19,Saturday,10,Fried Rice,Dinner,220,131,464
2024-10-19,Saturday,10,Noodles,Lunch,210,103,233
2024-10-19,Saturday,10,Noodles,Dinner,210,148,489
2024-10-19,Saturday,10,Ice Cream,Lunch,120,66,382
2024-10-19,Saturday,10,Ice Cream,Dinner,120,98,267
2024-10-19,Saturday,10,Coffee,Lunch,100,146,265
2024-10-19,Saturday,10,Coffee,Dinner,100,182,325
2024-10-20,Sunday,10,Pizza,Lunch,350,153,366
2024-10-20,Sunday,10,Pizza,Dinner,350,216,216
2024-10-20,Sunday,10,Burger,Lunch,200,129,224
2024-10-20,Sunday,10,Burger,Dinner,200,167,343
2024-10-20,Sunday,10,Pasta,Lunch,300,131,233
2024-10-20,Sunday,10,Pasta,Dinner,300,142,261
2024-10-20,Sunday,10,Sandwich,Lunch,180,114,206
2024-10-20,Sunday,10,Sandwich,Dinner,180,104,404
2024-10-20,Sunday,10,Salad,Lunch,150,85,298
2024-10-20,Sunday,10,Salad,Dinner,150,77,298
2024-10-20,Sunday,10,Biryani,Lunch,250,164,228
2024-10-20,Sunday,10,Biryani,Dinner,250,229,316
2024-10-20,Sunday,10,Fried Rice,Lunch,220,113,422
2024-10-20,Sunday,10,Fried Rice,Dinner,220,163,424
2024-10-20,Sunday,10,Noodles,Lunch,210,106,365
2024-10-20,Sunday,10,Noodles,Dinner,210,122,447
2024-10-20,Sunday,10,Ice Cream,Lunch,120,84,464
2024-10-20,Sunday,10,Ice Cream,Dinner,120,112,268
2024-10-20,Sunday,10,Coffee,Lunch,100,163,310
2024-10-20,Sunday,10,Coffee,Dinner,100,200,323
2024-10-21,Monday,10,Pizza,Lunch,350,129,369
2024-10-21,Monday,10,Pizza,Dinner,350,162,466
2024-10-21,Monday,10,Burger,Lunch,200,87,472
2024-10-21,Monday,10,Burger,Dinner,200,124,324
2024-10-21,Monday,10,Pasta,Lunch,300,73,470
2024-10-21,Monday,10,Pasta,Dinner,300,104,466
2024-10-21,Monday,10,Sandwich,Lunch,180,80,228
2024-10-21,Monday,10,Sandwich,Dinner,180,65,232
2024-10-21,Monday,10,Salad,Lunch,150,41,258
2024-10-21,Monday,10,Salad,Dinner,150,54,200
2024-10-21,Monday,10,Biryani,Lunch,250,148,343
2024-10-21,Monday,10,Biryani,Dinner,250,169,419
2024-10-21,Monday,10,Fried Rice,Lunch,220,96,281
2024-10-21,Monday,10,Fried Rice,Dinner,220,120,294
2024-10-21,Monday,10,Noodles,Lunch,210,94,394
2024-10-21,Monday,10,Noodles,Dinner,210,86,431
2024-10-21,Monday,10,Ice Cream,Lunch,120,77,445
2024-10-21,Monday,10,Ice Cream,Dinner,120,56,325
2024-10-21,Monday,10,Coffee,Lunch,100,110,327
2024-10-21,Monday,10,Coffee,Dinner,100,151,447
2024-10-22,Tuesday,10,Pizza,Lunch,350,108,229
2024-10-22,Tuesday,10,Pizza,Dinner,350,152,276
2024-10-22,Tuesday,10,Burger,Lunch,200,95,324
2024-10-22,Tuesday,10,Burger,Dinner,200,130,445
2024-10-22,Tuesday,10,Pasta,Lunch,300,92,442
2024-10-22,Tuesday,10,Pasta,Dinner,300,107,218
2024-10-22,Tuesday,10,Sandwich,Lunch,180,69,204
2024-10-22,Tuesday,10,Sandwich,Dinner,180,89,440
2024-10-22,Tuesday,10,Salad,Lunch,150,52,390
2024-10-22,Tuesday,10,Salad,Dinner,150,60,413
2024-10-22,Tuesday,10,Biryani,Lunch,250,137,320
2024-10-22,Tuesday,10,Biryani,Dinner,250,176,250
2024-10-22,Tuesday,10,Fried Rice,Lunch,220,110,478
2024-10-22,Tuesday,10,Fried Rice,Dinner,220,88,284
2024-10-22,Tuesday,10,Noodles,Lunch,210,80,305
2024-10-22,Tuesday,10,Noodles,Dinner,210,108,203
2024-10-22,Tuesday,10,Ice Cream,Lunch,120,56,496
2024-10-22,Tuesday,10,Ice Cream,Dinner,120,83,431
2024-10-22,Tuesday,10,Coffee,Lunch,100,116,268
2024-10-22,Tuesday,10,Coffee,Dinner,100,116,382
2024-10-23,Wednesday,10,Pizza,Lunch,350,105,240
2024-10-23,Wednesday,10,Pizza,Dinner,350,148,282
2024-10-23,Wednesday,10,Burger,Lunch,200,99,500
2024-10-23,Wednesday,10,Burger,Dinner,200,106,351
2024-10-23,Wednesday,10,Pasta,Lunch,300,67,352
2024-10-23,Wednesday,10,Pasta,Dinner,300,80,280
2024-10-23,Wednesday,10,Sandwich,Lunch,180,85,434
2024-10-23,Wednesday,10,Sandwich,Dinner,180,83,311
2024-10-23,Wednesday,10,Salad,Lunch,150,70,454
2024-10-23,Wednesday,10,Salad,Dinner,150,71,491
2024-10-23,Wednesday,10,Biryani,Lunch,250,140,291
2024-10-23,Wednesday,10,Biryani,Dinner,250,136,416
2024-10-23,Wednesday,10,Fried Rice,Lunch,220,99,421
2024-10-23,Wednesday,10,Fried Rice,Dinner,220,112,295
2024-10-23,Wednesday,10,Noodles,Lunch,210,86,486
2024-10-23,Wednesday,10,Noodles,Dinner,210,95,474
2024-10-23,Wednesday,10,Ice Cream,Lunch,120,55,376
2024-10-23,Wednesday,10,Ice Cream,Dinner,120,91,338
2024-10-23,Wednesday,10,Coffee,Lunch,100,110,446
2024-10-23,Wednesday,10,Coffee,Dinner,100,137,230
2024-10-24,Thursday,10,Pizza,Lunch,350,127,487
2024-10-24,Thursday,10,Pizza,Dinner,350,127,401
2024-10-24,Thursday,10,Burger,Lunch,200,114,336
2024-10-24,Thursday,10,Burger,Dinner,200,108,284
2024-10-24,Thursday,10,Pasta,Lunch,300,72,304
2024-10-24,Thursday,10,Pasta,Dinner,300,100,370
2024-10-24,Thursday,10,Sandwich,Lunch,180,69,253
2024-10-24,Thursday,10,Sandwich,Dinner,180,104,315
2024-10-24,Thursday,10,Salad,Lunch,150,44,361
2024-10-24,Thursday,10,Salad,Dinner,150,46,216
2024-10-24,Thursday,10,Biryani,Lunch,250,146,301
2024-10-24,Thursday,10,Biryani,Dinner,250,151,362
2024-10-24,Thursday,10,Fried Rice,Lunch,220,71,450
2024-10-24,Thursday,10,Fried Rice,Dinner,220,112,336
2024-10-24,Thursday,10,Noodles,Lunch,210,86,343
2024-10-24,Thursday,10,Noodles,Dinner,210,94,382
2024-10-24,Thursday,10,Ice Cream,Lunch,120,42,279
2024-10-24,Thursday,10,Ice Cream,Dinner,120,57,215
2024-10-24,Thursday,10,Coffee,Lunch,100,108,418
2024-10-24,Thursday,10,Coffee,Dinner,100,125,407
2024-10-25,Friday,10,Pizza,Lunch,350,120,342
2024-10-25,Friday,10,Pizza,Dinner,350,145,480
2024-10-25,Friday,10,Burger,Lunch,200,105,441
2024-10-25,Friday,10,Burger,Dinner,200,108,306
2024-10-25,Friday,10,Pasta,Lunch,300,70,346
2024-10-25,Friday,10,Pasta,Dinner,300,103,279
2024-10-25,Friday,10,Sandwich,Lunch,180,73,223
2024-10-25,Friday,10,Sandwich,Dinner,180,81,204
2024-10-25,Friday,10,Salad,Lunch,150,64,409
2024-10-25,Friday,10,Salad,Dinner,150,69,397
2024-10-25,Friday,10,Biryani,Lunch,250,129,295
2024-10-25,Friday,10,Biryani,Dinner,250,145,355
2024-10-25,Friday,10,Fried Rice,Lunch,220,96,410
2024-10-25,Friday,10,Fried Rice,Dinner,220,120,395
2024-10-25,Friday,10,Noodles,Lunch,210,97,206
2024-10-25,Friday,10,Noodles,Dinner,210,118,309
2024-10-25,Friday,10,Ice Cream,Lunch,120,60,464
2024-10-25,Friday,10,Ice Cream,Dinner,120,53,260
2024-10-25,Friday,10,Coffee,Lunch,100,121,430
2024-10-25,Friday,10,Coffee,Dinner,100,132,289
2024-10-26,Saturday,10,Pizza,Lunch,350,155,395
2024-10-26,Saturday,10,Pizza,Dinner,350,213,390
2024-10-26,Saturday,10,Burger,Lunch,200,142,261
2024-10-26,Saturday,10,Burger,Dinner,200,175,252
2024-10-26,Saturday,10,Pasta,Lunch,300,116,248
2024-10-26,Saturday,10,Pasta,Dinner,300,134,436
2024-10-26,Saturday,10,Sandwich,Lunch,180,116,381
2024-10-26,Saturday,10,Sandwich,Dinner,180,106,262
2024-10-26,Saturday,10,Salad,Lunch,150,57,350
2024-10-26,Saturday,10,Salad,Dinner,150,65,290
2024-10-26,Saturday,10,Biryani,Lunch,250,174,237
2024-10-26,Saturday,10,Biryani,Dinner,250,232,469
2024-10-26,Saturday,10,Fried Rice,Lunch,220,135,238
2024-10-26,Saturday,10,Fried Rice,Dinner,220,162,331
2024-10-26,Saturday,10,Noodles,Lunch,210,135,336
2024-10-26,Saturday,10,Noodles,Dinner,210,152,416
2024-10-26,Saturday,10,Ice Cream,Lunch,120,65,213
2024-10-26,Saturday,10,Ice Cream,Dinner,120,81,428
2024-10-26,Saturday,10,Coffee,Lunch,100,172,410
2024-10-26,Saturday,10,Coffee,Dinner,100,185,413
2024-10-27,Sunday,10,Pizza,Lunch,350,157,368
2024-10-27,Sunday,10,Pizza,Dinner,350,201,438
2024-10-27,Sunday,10,Burger,Lunch,200,159,496
2024-10-27,Sunday,10,Burger,Dinner,200,160,302
2024-10-27,Sunday,10,Pasta,Lunch,300,126,277
2024-10-27,Sunday,10,Pasta,Dinner,300,134,479
2024-10-27,Sunday,10,Sandwich,Lunch,180,100,251
2024-10-27,Sunday,10,Sandwich,Dinner,180,107,322
2024-10-27,Sunday,10,Salad,Lunch,150,81,207
2024-10-27,Sunday,10,Salad,Dinner,150,73,477
2024-10-27,Sunday,10,Biryani,Lunch,250,181,406
2024-10-27,Sunday,10,Biryani,Dinner,250,220,458
2024-10-27,Sunday,10,Fried Rice,Lunch,220,125,341
2024-10-27,Sunday,10,Fried Rice,Dinner,220,159,466
2024-10-27,Sunday,10,Noodles,Lunch,210,122,399
2024-10-27,Sunday,10,Noodles,Dinner,210,128,434
2024-10-27,Sunday,10,Ice Cream,Lunch,120,69,230
2024-10-27,Sunday,10,Ice Cream,Dinner,120,84,234
2024-10-27,Sunday,10,Coffee,Lunch,100,167,420
2024-10-27,Sunday,10,Coffee,Dinner,100,173,382
2024-10-28,Monday,10,Pizza,Lunch,350,114,370
2024-10-28,Monday,10,Pizza,Dinner,350,134,500
2024-10-28,Monday,10,Burger,Lunch,200,81,212
2024-10-28,Monday,10,Burger,Dinner,200,112,326
2024-10-28,Monday,10,Pasta,Lunch,300,77,325
2024-10-28,Monday,10,Pasta,Dinner,300,76,458
2024-10-28,Monday,10,Sandwich,Lunch,180,73,402
2024-10-28,Monday,10,Sandwich,Dinner,180,72,288
2024-10-28,Monday,10,Salad,Lunch,150,46,232
2024-10-28,Monday,10,Salad,Dinner,150,62,239
2024-10-28,Monday,10,Biryani,Lunch,250,149,469
2024-10-28,Monday,10,Biryani,Dinner,250,136,386
2024-10-28,Monday,10,Fried Rice,Lunch,220,99,245
2024-10-28,Monday,10,Fried Rice,Dinner,220,90,486
2024-10-28,Monday,10,Noodles,Lunch,210,98,420
2024-10-28,Monday,10,Noodles,Dinner,210,82,348
2024-10-28,Monday,10,Ice Cream,Lunch,120,45,355
2024-10-28,Monday,10,Ice Cream,Dinner,120,52,485
2024-10-28,Monday,10,Coffee,Lunch,100,122,390
2024-10-28,Monday,10,Coffee,Dinner,100,135,475
2024-10-29,Tuesday,10,Pizza,Lunch,350,128,240
2024-10-29,Tuesday,10,Pizza,Dinner,350,143,417
2024-10-29,Tuesday,10,Burger,Lunch,200,110,487
2024-10-29,Tuesday,10,Burger,Dinner,200,117,347
2024-10-29,Tuesday,10,Pasta,Lunch,300,86,443
2024-10-29,Tuesday,10,Pasta,Dinner,300,84,227
2024-10-29,Tuesday,10,Sandwich,Lunch,180,51,375
2024-10-29,Tuesday,10,Sandwich,Dinner,180,68,459
2024-10-29,Tuesday,10,Salad,Lunch,150,53,423
2024-10-29,Tuesday,10,Salad,Dinner,150,42,218
2024-10-29,Tuesday,10,Biryani,Lunch,250,144,444
2024-10-29,Tuesday,10,Biryani,Dinner,250,156,325
2024-10-29,Tuesday,10,Fried Rice,Lunch,220,74,387
2024-10-29,Tuesday,10,Fried Rice,Dinner,220,91,433
2024-10-29,Tuesday,10,Noodles,Lunch,210,105,230
2024-10-29,Tuesday,10,Noodles,Dinner,210,90,225
2024-10-29,Tuesday,10,Ice Cream,Lunch,120,53,304
2024-10-29,Tuesday,10,Ice Cream,Dinner,120,91,263
2024-10-29,Tuesday,10,Coffee,Lunch,100,100,420
2024-10-29,Tuesday,10,Coffee,Dinner,100,129,242
2024-10-30,Wednesday,10,Pizza,Lunch,350,110,325
2024-10-30,Wednesday,10,Pizza,Dinner,350,164,249
2024-10-30,Wednesday,10,Burger,Lunch,200,97,383
2024-10-30,Wednesday,10,Burger,Dinner,200,121,249
2024-10-30,Wednesday,10,Pasta,Lunch,300,97,286
2024-10-30,Wednesday,10,Pasta,Dinner,300,76,404
2024-10-30,Wednesday,10,Sandwich,Lunch,180,86,210
2024-10-30,Wednesday,10,Sandwich,Dinner,180,79,242
2024-10-30,Wednesday,10,Salad,Lunch,150,68,271
2024-10-30,Wednesday,10,Salad,Dinner,150,78,432
2024-10-30,Wednesday,10,Biryani,Lunch,250,112,255
2024-10-30,Wednesday,10,Biryani,Dinner,250,175,465
2024-10-30,Wednesday,10,Fried Rice,Lunch,220,93,236
2024-10-30,Wednesday,10,Fried Rice,Dinner,220,111,356
2024-10-30,Wednesday,10,Noodles,Lunch,210,99,211
2024-10-30,Wednesday,10,Noodles,Dinner,210,105,266
2024-10-30,Wednesday,10,Ice Cream,Lunch,120,71,272
2024-10-30,Wednesday,10,Ice Cream,Dinner,120,85,242
2024-10-30,Wednesday,10,Coffee,Lunch,100,127,205
2024-10-30,Wednesday,10,Coffee,Dinner,100,145,500
2024-10-31,Thursday,10,Pizza,Lunch,350,140,358
2024-10-31,Thursday,10,Pizza,Dinner,350,128,253
2024-10-31,Thursday,10,Burger,Lunch,200,117,416
2024-10-31,Thursday,10,Burger,Dinner,200,127,455
2024-10-31,Thursday,10,Pasta,Lunch,300,71,441
2024-10-31,Thursday,10,Pasta,Dinner,300,100,265
2024-10-31,Thursday,10,Sandwich,Lunch,180,70,336
2024-10-31,Thursday,10,Sandwich,Dinner,180,88,339
2024-10-31,Thursday,10,Salad,Lunch,150,32,327
2024-10-31,Thursday,10,Salad,Dinner,150,52,468
2024-10-31,Thursday,10,Biryani,Lunch,250,139,468
2024-10-31,Thursday,10,Biryani,Dinner,250,159,373
2024-10-31,Thursday,10,Fried Rice,Lunch,220,77,226
2024-10-31,Thursday,10,Fried Rice,Dinner,220,126,298
2024-10-31,Thursday,10,Noodles,Lunch,210,94,286
2024-10-31,Thursday,10,Noodles,Dinner,210,109,209
2024-10-31,Thursday,10,Ice Cream,Lunch,120,56,500
2024-10-31,Thursday,10,Ice Cream,Dinner,120,72,243
2024-10-31,Thursday,10,Coffee,Lunch,100,107,416
2024-10-31,Thursday,10,Coffee,Dinner,100,132,209
2024-11-01,Friday,11,Pizza,Lunch,350,152,321
2024-11-01,Friday,11,Pizza,Dinner,350,194,300
2024-11-01,Friday,11,Burger,Lunch,200,132,208
2024-11-01,Friday,11,Burger,Dinner,200,155,253
2024-11-01,Friday,11,Pasta,Lunch,300,121,452
2024-11-01,Friday,11,Pasta,Dinner,300,138,226
2024-11-01,Friday,11,Sandwich,Lunch,180,77,345
2024-11-01,Friday,11,Sandwich,Dinner,180,112,407
2024-11-01,Friday,11,Salad,Lunch,150,54,244
2024-11-01,Friday,11,Salad,Dinner,150,78,473
2024-11-01,Friday,11,Biryani,Lunch,250,166,267
2024-11-01,Friday,11,Biryani,Dinner,250,198,481
2024-11-01,Friday,11,Fried Rice,Lunch,220,105,267
2024-11-01,Friday,11,Fried Rice,Dinner,220,136,261
2024-11-01,Friday,11,Noodles,Lunch,210,120,431
2024-11-01,Friday,11,Noodles,Dinner,210,115,410
2024-11-01,Friday,11,Ice Cream,Lunch,120,72,412
2024-11-01,Friday,11,Ice Cream,Dinner,120,80,205
2024-11-01,Friday,11,Coffee,Lunch,100,158,320
2024-11-01,Friday,11,Coffee,Dinner,100,163,280
2024-11-02,Saturday,11,Pizza,Lunch,350,226,294
2024-11-02,Saturday,11,Pizza,Dinner,350,268,436
2024-11-02,Saturday,11,Burger,Lunch,200,191,366
2024-11-02,Saturday,11,Burger,Dinner,200,225,426
2024-11-02,Saturday,11,Pasta,Lunch,300,131,369
2024-11-02,Saturday,11,Pasta,Dinner,300,187,223
2024-11-02,Saturday,11,Sandwich,Lunch,180,135,479
2024-11-02,Saturday,11,Sandwich,Dinner,180,147,382
2024-11-02,Saturday,11,Salad,Lunch,150,91,240
2024-11-02,Saturday,11,Salad,Dinner,150,101,253
2024-11-02,Saturday,11,Biryani,Lunch,250,243,264
2024-11-02,Saturday,11,Biryani,Dinner,250,301,489
2024-11-02,Saturday,11,Fried Rice,Lunch,220,147,370
2024-11-02,Saturday,11,Fried Rice,Dinner,220,195,466
2024-11-02,Saturday,11,Noodles,Lunch,210,153,271
2024-11-02,Saturday,11,Noodles,Dinner,210,199,369
2024-11-02,Saturday,11,Ice Cream,Lunch,120,99,344
2024-11-02,Saturday,11,Ice Cream,Dinner,120,135,378
2024-11-02,Saturday,11,Coffee,Lunch,100,180,288
2024-11-02,Saturday,11,Coffee,Dinner,100,227,384
2024-11-03,Sunday,11,Pizza,Lunch,350,199,266
2024-11-03,Sunday,11,Pizza,Dinner,350,282,227
2024-11-03,Sunday,11,Burger,Lunch,200,178,214
2024-11-03,Sunday,11,Burger,Dinner,200,238,364
2024-11-03,Sunday,11,Pasta,Lunch,300,157,247
2024-11-03,Sunday,11,Pasta,Dinner,300,168,470
2024-11-03,Sunday,11,Sandwich,Lunch,180,137,328
2024-11-03,Sunday,11,Sandwich,Dinner,180,139,326
2024-11-03,Sunday,11,Salad,Lunch,150,98,336
2024-11-03,Sunday,11,Salad,Dinner,150,99,390
2024-11-03,Sunday,11,Biryani,Lunch,250,239,234
2024-11-03,Sunday,11,Biryani,Dinner,250,294,454
2024-11-03,Sunday,11,Fried Rice,Lunch,220,145,471
2024-11-03,Sunday,11,Fried Rice,Dinner,220,181,255
2024-11-03,Sunday,11,Noodles,Lunch,210,145,289
2024-11-03,Sunday,11,Noodles,Dinner,210,204,255
2024-11-03,Sunday,11,Ice Cream,Lunch,120,122,248
2024-11-03,Sunday,11,Ice Cream,Dinner,120,146,355
2024-11-03,Sunday,11,Coffee,Lunch,100,191,361
2024-11-03,Sunday,11,Coffee,Dinner,100,259,242
2024-11-04,Monday,11,Pizza,Lunch,350,136,375
2024-11-04,Monday,11,Pizza,Dinner,350,182,406
2024-11-04,Monday,11,Burger,Lunch,200,126,437
2024-11-04,Monday,11,Burger,Dinner,200,166,426
2024-11-04,Monday,11,Pasta,Lunch,300,87,356
2024-11-04,Monday,11,Pasta,Dinner,300,114,227
2024-11-04,Monday,11,Sandwich,Lunch,180,111,318
2024-11-04,Monday,11,Sandwich,Dinner,180,127,440
2024-11-04,Monday,11,Salad,Lunch,150,47,289
2024-11-04,Monday,11,Salad,Dinner,150,74,226
2024-11-04,Monday,11,Biryani,Lunch,250,157,351
2024-11-04,Monday,11,Biryani,Dinner,250,198,444
2024-11-04,Monday,11,Fried Rice,Lunch,220,113,345
2024-11-04,Monday,11,Fried Rice,Dinner,220,145,216
2024-11-04,Monday,11,Noodles,Lunch,210,90,457
2024-11-04,Monday,11,Noodles,Dinner,210,121,217
2024-11-04,Monday,11,Ice Cream,Lunch,120,67,391
2024-11-04,Monday,11,Ice Cream,Dinner,120,87,448
2024-11-04,Monday,11,Coffee,Lunch,100,131,452
2024-11-04,Monday,11,Coffee,Dinner,100,172,273
2024-11-05,Tuesday,11,Pizza,Lunch,350,159,220
2024-11-05,Tuesday,11,Pizza,Dinner,350,174,467
2024-11-05,Tuesday,11,Burger,Lunch,200,126,286
2024-11-05,Tuesday,11,Burger,Dinner,200,141,402
2024-11-05,Tuesday,11,Pasta,Lunch,300,124,332
2024-11-05,Tuesday,11,Pasta,Dinner,300,116,394
2024-11-05,Tuesday,11,Sandwich,Lunch,180,107,203
2024-11-05,Tuesday,11,Sandwich,Dinner,180,91,210
2024-11-05,Tuesday,11,Salad,Lunch,150,66,367
2024-11-05,Tuesday,11,Salad,Dinner,150,78,375
2024-11-05,Tuesday,11,Biryani,Lunch,250,178,470
2024-11-05,Tuesday,11,Biryani,Dinner,250,210,372
2024-11-05,Tuesday,11,Fried Rice,Lunch,220,105,489
2024-11-05,Tuesday,11,Fried Rice,Dinner,220,132,360
2024-11-05,Tuesday,11,Noodles,Lunch,210,103,398
2024-11-05,Tuesday,11,Noodles,Dinner,210,134,454
2024-11-05,Tuesday,11,Ice Cream,Lunch,120,97,211
2024-11-05,Tuesday,11,Ice Cream,Dinner,120,94,349
2024-11-05,Tuesday,11,Coffee,Lunch,100,144,246
2024-11-05,Tuesday,11,Coffee,Dinner,100,168,471
2024-11-06,Wednesday,11,Pizza,Lunch,350,161,366
2024-11-06,Wednesday,11,Pizza,Dinner,350,177,287
2024-11-06,Wednesday,11,Burger,Lunch,200,136,263
2024-11-06,Wednesday,11,Burger,Dinner,200,149,278
2024-11-06,Wednesday,11,Pasta,Lunch,300,96,301
2024-11-06,Wednesday,11,Pasta,Dinner,300,135,471
2024-11-06,Wednesday,11,Sandwich,Lunch,180,92,360
2024-11-06,Wednesday,11,Sandwich,Dinner,180,92,289
2024-11-06,Wednesday,11,Salad,Lunch,150,46,310
2024-11-06,Wednesday,11,Salad,Dinner,150,66,393
2024-11-06,Wednesday,11,Biryani,Lunch,250,188,227
2024-11-06,Wednesday,11,Biryani,Dinner,250,201,284
2024-11-06,Wednesday,11,Fried Rice,Lunch,220,136,358
2024-11-06,Wednesday,11,Fried Rice,Dinner,220,137,390
2024-11-06,Wednesday,11,Noodles,Lunch,210,126,411
2024-11-06,Wednesday,11,Noodles,Dinner,210,150,316
2024-11-06,Wednesday,11,Ice Cream,Lunch,120,62,423
2024-11-06,Wednesday,11,Ice Cream,Dinner,120,93,324
2024-11-06,Wednesday,11,Coffee,Lunch,100,124,207
2024-11-06,Wednesday,11,Coffee,Dinner,100,162,281
2024-11-07,Thursday,11,Pizza,Lunch,350,174,247
2024-11-07,Thursday,11,Pizza,Dinner,350,203,413
2024-11-07,Thursday,11,Burger,Lunch,200,112,443
2024-11-07,Thursday,11,Burger,Dinner,200,174,379
2024-11-07,Thursday,11,Pasta,Lunch,300,87,218
2024-11-07,Thursday,11,Pasta,Dinner,300,113,372
2024-11-07,Thursday,11,Sandwich,Lunch,180,105,262
2024-11-07,Thursday,11,Sandwich,Dinner,180,121,223
2024-11-07,Thursday,11,Salad,Lunch,150,74,395
2024-11-07,Thursday,11,Salad,Dinner,150,63,470
2024-11-07,Thursday,11,Biryani,Lunch,250,163,399
2024-11-07,Thursday,11,Biryani,Dinner,250,182,364
2024-11-07,Thursday,11,Fried Rice,Lunch,220,122,201
2024-11-07,Thursday,11,Fried Rice,Dinner,220,122,232
2024-11-07,Thursday,11,Noodles,Lunch,210,105,307
2024-11-07,Thursday,11,Noodles,Dinner,210,152,316
2024-11-07,Thursday,11,Ice Cream,Lunch,120,60,275
2024-11-07,Thursday,11,Ice Cream,Dinner,120,103,304
2024-11-07,Thursday,11,Coffee,Lunch,100,123,343
2024-11-07,Thursday,11,Coffee,Dinner,100,156,208
2024-11-08,Friday,11,Pizza,Lunch,350,169,213
2024-11-08,Friday,11,Pizza,Dinner,350,174,339
2024-11-08,Friday,11,Burger,Lunch,200,128,276
2024-11-08,Friday,11,Burger,Dinner,200,174,414
2024-11-08,Friday,11,Pasta,Lunch,300,104,295
2024-11-08,Friday,11,Pasta,Dinner,300,117,416
2024-11-08,Friday,11,Sandwich,Lunch,180,84,473
2024-11-08,Friday,11,Sandwich,Dinner,180,129,379
2024-11-08,Friday,11,Salad,Lunch,150,53,384
2024-11-08,Friday,11,Salad,Dinner,150,71,361
2024-11-08,Friday,11,Biryani,Lunch,250,171,416
2024-11-08,Friday,11,Biryani,Dinner,250,217,368
2024-11-08,Friday,11,Fried Rice,Lunch,220,100,277
2024-11-08,Friday,11,Fried Rice,Dinner,220,125,381
2024-11-08,Friday,11,Noodles,Lunch,210,123,295
2024-11-08,Friday,11,Noodles,Dinner,210,115,465
2024-11-08,Friday,11,Ice Cream,Lunch,120,75,251
2024-11-08,Friday,11,Ice Cream,Dinner,120,81,403
2024-11-08,Friday,11,Coffee,Lunch,100,133,496
2024-11-08,Friday,11,Coffee,Dinner,100,162,281
2024-11-09,Saturday,11,Pizza,Lunch,350,214,237
2024-11-09,Saturday,11,Pizza,Dinner,350,264,261
2024-11-09,Saturday,11,Burger,Lunch,200,180,412
2024-11-09,Saturday,11,Burger,Dinner,200,218,444
2024-11-09,Saturday,11,Pasta,Lunch,300,139,297
2024-11-09,Saturday,11,Pasta,Dinner,300,165,308
2024-11-09,Saturday,11,Sandwich,Lunch,180,110,284
2024-11-09,Saturday,11,Sandwich,Dinner,180,166,241
2024-11-09,Saturday,11,Salad,Lunch,150,77,311
2024-11-09,Saturday,11,Salad,Dinner,150,119,228
2024-11-09,Saturday,11,Biryani,Lunch,250,244,384
2024-11-09,Saturday,11,Biryani,Dinner,250,302,333
2024-11-09,Saturday,11,Fried Rice,Lunch,220,144,417
2024-11-09,Saturday,11,Fried Rice,Dinner,220,196,350
2024-11-09,Saturday,11,Noodles,Lunch,210,134,494
2024-11-09,Saturday,11,Noodles,Dinner,210,179,466
2024-11-09,Saturday,11,Ice Cream,Lunch,120,104,451
2024-11-09,Saturday,11,Ice Cream,Dinner,120,134,389
2024-11-09,Saturday,11,Coffee,Lunch,100,215,305
2024-11-09,Saturday,11,Coffee,Dinner,100,254,375
2024-11-10,Sunday,11,Pizza,Lunch,350,214,385
2024-11-10,Sunday,11,Pizza,Dinner,350,262,435
2024-11-10,Sunday,11,Burger,Lunch,200,167,250
2024-11-10,Sunday,11,Burger,Dinner,200,219,302
2024-11-10,Sunday,11,Pasta,Lunch,300,153,404
2024-11-10,Sunday,11,Pasta,Dinner,300,189,417
2024-11-10,Sunday,11,Sandwich,Lunch,180,145,448
2024-11-10,Sunday,11,Sandwich,Dinner,180,133,467
2024-11-10,Sunday,11,Salad,Lunch,150,91,346
2024-11-10,Sunday,11,Salad,Dinner,150,91,476
2024-11-10,Sunday,11,Biryani,Lunch,250,218,368
2024-11-10,Sunday,11,Biryani,Dinner,250,276,208
2024-11-10,Sunday,11,Fried Rice,Lunch,220,166,363
2024-11-10,Sunday,11,Fried Rice,Dinner,220,196,489
2024-11-10,Sunday,11,Noodles,Lunch,210,173,372
2024-11-10,Sunday,11,Noodles,Dinner,210,174,279
2024-11-10,Sunday,11,Ice Cream,Lunch,120,95,203
2024-11-10,Sunday,11,Ice Cream,Dinner,120,118,232
2024-11-10,Sunday,11,Coffee,Lunch,100,195,413
2024-11-10,Sunday,11,Coffee,Dinner,100,260,313
2024-11-11,Monday,11,Pizza,Lunch,350,158,235
2024-11-11,Monday,11,Pizza,Dinner,350,170,339
2024-11-11,Monday,11,Burger,Lunch,200,128,205
2024-11-11,Monday,11,Burger,Dinner,200,167,364
2024-11-11,Monday,11,Pasta,Lunch,300,114,303
2024-11-11,Monday,11,Pasta,Dinner,300,130,447
2024-11-11,Monday,11,Sandwich,Lunch,180,73,440
2024-11-11,Monday,11,Sandwich,Dinner,180,91,203
2024-11-11,Monday,11,Salad,Lunch,150,78,473
2024-11-11,Monday,11,Salad,Dinner,150,87,316
2024-11-11,Monday,11,Biryani,Lunch,250,187,412
2024-11-11,Monday,11,Biryani,Dinner,250,186,296
2024-11-11,Monday,11,Fried Rice,Lunch,220,117,491
2024-11-11,Monday,11,Fried Rice,Dinner,220,148,432
2024-11-11,Monday,11,Noodles,Lunch,210,112,311
2024-11-11,Monday,11,Noodles,Dinner,210,124,421
2024-11-11,Monday,11,Ice Cream,Lunch,120,63,236
2024-11-11,Monday,11,Ice Cream,Dinner,120,102,250
2024-11-11,Monday,11,Coffee,Lunch,100,152,392
2024-11-11,Monday,11,Coffee,Dinner,100,166,459
2024-11-12,Tuesday,11,Pizza,Lunch,350,136,325
2024-11-12,Tuesday,11,Pizza,Dinner,350,192,398
2024-11-12,Tuesday,11,Burger,Lunch,200,149,268
2024-11-12,Tuesday,11,Burger,Dinner,200,156,344
2024-11-12,Tuesday,11,Pasta,Lunch,300,91,328
2024-11-12,Tuesday,11,Pasta,Dinner,300,122,311
2024-11-12,Tuesday,11,Sandwich,Lunch,180,84,483
2024-11-12,Tuesday,11,Sandwich,Dinner,180,116,363
2024-11-12,Tuesday,11,Salad,Lunch,150,47,465
2024-11-12,Tuesday,11,Salad,Dinner,150,98,368
2024-11-12,Tuesday,11,Biryani,Lunch,250,170,209
2024-11-12,Tuesday,11,Biryani,Dinner,250,208,251
2024-11-12,Tuesday,11,Fried Rice,Lunch,220,98,414
2024-11-12,Tuesday,11,Fried Rice,Dinner,220,126,469
2024-11-12,Tuesday,11,Noodles,Lunch,210,123,349
2024-11-12,Tuesday,11,Noodles,Dinner,210,136,227
2024-11-12,Tuesday,11,Ice Cream,Lunch,120,76,484
2024-11-12,Tuesday,11,Ice Cream,Dinner,120,110,205
2024-11-12,Tuesday,11,Coffee,Lunch,100,137,215
2024-11-12,Tuesday,11,Coffee,Dinner,100,152,365
2024-11-13,Wednesday,11,Pizza,Lunch,350,146,265
2024-11-13,Wednesday,11,Pizza,Dinner,350,206,206
2024-11-13,Wednesday,11,Burger,Lunch,200,143,392
2024-11-13,Wednesday,11,Burger,Dinner,200,164,350
2024-11-13,Wednesday,11,Pasta,Lunch,300,98,498
2024-11-13,Wednesday,11,Pasta,Dinner,300,110,488
2024-11-13,Wednesday,11,Sandwich,Lunch,180,80,357
2024-11-13,Wednesday,11,Sandwich,Dinner,180,105,237
2024-11-13,Wednesday,11,Salad,Lunch,150,47,368
2024-11-13,Wednesday,11,Salad,Dinner,150,58,278
2024-11-13,Wednesday,11,Biryani,Lunch,250,171,302
2024-11-13,Wednesday,11,Biryani,Dinner,250,191,492
2024-11-13,Wednesday,11,Fried Rice,Lunch,220,128,410
2024-11-13,Wednesday,11,Fried Rice,Dinner,220,130,263
2024-11-13,Wednesday,11,Noodles,Lunch,210,119,215
2024-11-13,Wednesday,11,Noodles,Dinner,210,128,423
2024-11-13,Wednesday,11,Ice Cream,Lunch,120,67,477
2024-11-13,Wednesday,11,Ice Cream,Dinner,120,106,441
2024-11-13,Wednesday,11,Coffee,Lunch,100,154,246
2024-11-13,Wednesday,11,Coffee,Dinner,100,175,431
2024-11-14,Thursday,11,Pizza,Lunch,350,155,331
2024-11-14,Thursday,11,Pizza,Dinner,350,177,293
2024-11-14,Thursday,11,Burger,Lunch,200,131,494
2024-11-14,Thursday,11,Burger,Dinner,200,148,367
2024-11-14,Thursday,11,Pasta,Lunch,300,117,429
2024-11-14,Thursday,11,Pasta,Dinner,300,114,321
2024-11-14,Thursday,11,Sandwich,Lunch,180,81,284
2024-11-14,Thursday,11,Sandwich,Dinner,180,116,295
2024-11-14,Thursday,11,Salad,Lunch,150,74,325
2024-11-14,Thursday,11,Salad,Dinner,150,88,410
2024-11-14,Thursday,11,Biryani,Lunch,250,182,242
2024-11-14,Thursday,11,Biryani,Dinner,250,184,350
2024-11-14,Thursday,11,Fried Rice,Lunch,220,100,338
2024-11-14,Thursday,11,Fried Rice,Dinner,220,137,296
2024-11-14,Thursday,11,Noodles,Lunch,210,129,395
2024-11-14,Thursday,11,Noodles,Dinner,210,127,299
2024-11-14,Thursday,11,Ice Cream,Lunch,120,58,245
2024-11-14,Thursday,11,Ice Cream,Dinner,120,73,352
2024-11-14,Thursday,11,Coffee,Lunch,100,158,289
2024-11-14,Thursday,11,Coffee,Dinner,100,153,400
2024-11-15,Friday,11,Pizza,Lunch,350,164,294
2024-11-15,Friday,11,Pizza,Dinner,350,189,229
2024-11-15,Friday,11,Burger,Lunch,200,143,486
2024-11-15,Friday,11,Burger,Dinner,200,166,396
2024-11-15,Friday,11,Pasta,Lunch,300,120,419
2024-11-15,Friday,11,Pasta,Dinner,300,136,225
2024-11-15,Friday,11,Sandwich,Lunch,180,78,445
2024-11-15,Friday,11,Sandwich,Dinner,180,118,482
2024-11-15,Friday,11,Salad,Lunch,150,49,452
2024-11-15,Friday,11,Salad,Dinner,150,62,396
2024-11-15,Friday,11,Biryani,Lunch,250,160,339
2024-11-15,Friday,11,Biryani,Dinner,250,191,476
2024-11-15,Friday,11,Fried Rice,Lunch,220,115,462
2024-11-15,Friday,11,Fried Rice,Dinner,220,120,321
2024-11-15,Friday,11,Noodles,Lunch,210,114,405
2024-11-15,Friday,11,Noodles,Dinner,210,119,214
2024-11-15,Friday,11,Ice Cream,Lunch,120,70,456
2024-11-15,Friday,11,Ice Cream,Dinner,120,80,439
2024-11-15,Friday,11,Coffee,Lunch,100,142,288
2024-11-15,Friday,11,Coffee,Dinner,100,171,419
2024-11-16,Saturday,11,Pizza,Lunch,350,214,367
2024-11-16,Saturday,11,Pizza,Dinner,350,253,353
2024-11-16,Saturday,11,Burger,Lunch,200,185,321
2024-11-16,Saturday,11,Burger,Dinner,200,223,329
2024-11-16,Saturday,11,Pasta,Lunch,300,159,355
2024-11-16,Saturday,11,Pasta,Dinner,300,186,206
2024-11-16,Saturday,11,Sandwich,Lunch,180,108,368
2024-11-16,Saturday,11,Sandwich,Dinner,180,158,282
2024-11-16,Saturday,11,Salad,Lunch,150,109,454
2024-11-16,Saturday,11,Salad,Dinner,150,96,340
2024-11-16,Saturday,11,Biryani,Lunch,250,240,281
2024-11-16,Saturday,11,Biryani,Dinner,250,291,245
2024-11-16,Saturday,11,Fried Rice,Lunch,220,179,379
2024-11-16,Saturday,11,Fried Rice,Dinner,220,179,336
2024-11-16,Saturday,11,Noodles,Lunch,210,141,251
2024-11-16,Saturday,11,Noodles,Dinner,210,196,309
2024-11-16,Saturday,11,Ice Cream,Lunch,120,122,260
2024-11-16,Saturday,11,Ice Cream,Dinner,120,147,286
2024-11-16,Saturday,11,Coffee,Lunch,100,190,310
2024-11-16,Saturday,11,Coffee,Dinner,100,225,285
2024-11-17,Sunday,11,Pizza,Lunch,350,216,338
2024-11-17,Sunday,11,Pizza,Dinner,350,281,374
2024-11-17,Sunday,11,Burger,Lunch,200,198,337
2024-11-17,Sunday,11,Burger,Dinner,200,203,298
2024-11-17,Sunday,11,Pasta,Lunch,300,126,486
2024-11-17,Sunday,11,Pasta,Dinner,300,165,352
2024-11-17,Sunday,11,Sandwich,Lunch,180,131,450
2024-11-17,Sunday,11,Sandwich,Dinner,180,140,377
2024-11-17,Sunday,11,Salad,Lunch,150,106,252
2024-11-17,Sunday,11,Salad,Dinner,150,106,308
2024-11-17,Sunday,11,Biryani,Lunch,250,251,377
2024-11-17,Sunday,11,Biryani,Dinner,250,276,238
2024-11-17,Sunday,11,Fried Rice,Lunch,220,176,344
2024-11-17,Sunday,11,Fried Rice,Dinner,220,190,489
2024-11-17,Sunday,11,Noodles,Lunch,210,147,419
2024-11-17,Sunday,11,Noodles,Dinner,210,168,230
2024-11-17,Sunday,11,Ice Cream,Lunch,120,127,408
2024-11-17,Sunday,11,Ice Cream,Dinner,120,126,419
2024-11-17,Sunday,11,Coffee,Lunch,100,203,452
2024-11-17,Sunday,11,Coffee,Dinner,100,246,211
2024-11-18,Monday,11,Pizza,Lunch,350,162,219
2024-11-18,Monday,11,Pizza,Dinner,350,176,347
2024-11-18,Monday,11,Burger,Lunch,200,119,334
2024-11-18,Monday,11,Burger,Dinner,200,164,497
2024-11-18,Monday,11,Pasta,Lunch,300,84,340
2024-11-18,Monday,11,Pasta,Dinner,300,123,338
2024-11-18,Monday,11,Sandwich,Lunch,180,101,341
2024-11-18,Monday,11,Sandwich,Dinner,180,92,479
2024-11-18,Monday,11,Salad,Lunch,150,84,328
2024-11-18,Monday,11,Salad,Dinner,150,66,286
2024-11-18,Monday,11,Biryani,Lunch,250,151,483
2024-11-18,Monday,11,Biryani,Dinner,250,186,317
2024-11-18,Monday,11,Fried Rice,Lunch,220,109,446
2024-11-18,Monday,11,Fried Rice,Dinner,220,121,262
2024-11-18,Monday,11,Noodles,Lunch,210,106,303
2024-11-18,Monday,11,Noodles,Dinner,210,114,350
2024-11-18,Monday,11,Ice Cream,Lunch,120,80,236
2024-11-18,Monday,11,Ice Cream,Dinner,120,80,223
2024-11-18,Monday,11,Coffee,Lunch,100,134,315
2024-11-18,Monday,11,Coffee,Dinner,100,173,477
2024-11-19,Tuesday,11,Pizza,Lunch,350,139,469
2024-11-19,Tuesday,11,Pizza,Dinner,350,181,292
2024-11-19,Tuesday,11,Burger,Lunch,200,142,438
2024-11-19,Tuesday,11,Burger,Dinner,200,154,212
2024-11-19,Tuesday,11,Pasta,Lunch,300,112,396
2024-11-19,Tuesday,11,Pasta,Dinner,300,129,416
2024-11-19,Tuesday,11,Sandwich,Lunch,180,87,481
2024-11-19,Tuesday,11,Sandwich,Dinner,180,105,418
2024-11-19,Tuesday,11,Salad,Lunch,150,58,338
2024-11-19,Tuesday,11,Salad,Dinner,150,73,288
2024-11-19,Tuesday,11,Biryani,Lunch,250,168,345
2024-11-19,Tuesday,11,Biryani,Dinner,250,194,446
2024-11-19,Tuesday,11,Fried Rice,Lunch,220,98,426
2024-11-19,Tuesday,11,Fried Rice,Dinner,220,141,230
2024-11-19,Tuesday,11,Noodles,Lunch,210,92,337
2024-11-19,Tuesday,11,Noodles,Dinner,210,112,404
2024-11-19,Tuesday,11,Ice Cream,Lunch,120,70,292
2024-11-19,Tuesday,11,Ice Cream,Dinner,120,81,499
2024-11-19,Tuesday,11,Coffee,Lunch,100,141,456
2024-11-19,Tuesday,11,Coffee,Dinner,100,160,320
2024-11-20,Wednesday,11,Pizza,Lunch,350,175,394
2024-11-20,Wednesday,11,Pizza,Dinner,350,190,300
2024-11-20,Wednesday,11,Burger,Lunch,200,129,271
2024-11-20,Wednesday,11,Burger,Dinner,200,168,395
2024-11-20,Wednesday,11,Pasta,Lunch,300,110,426
2024-11-20,Wednesday,11,Pasta,Dinner,300,113,479
2024-11-20,Wednesday,11,Sandwich,Lunch,180,87,476
2024-11-20,Wednesday,11,Sandwich,Dinner,180,95,459
2024-11-20,Wednesday,11,Salad,Lunch,150,56,207
2024-11-20,Wednesday,11,Salad,Dinner,150,79,312
2024-11-20,Wednesday,11,Biryani,Lunch,250,170,251
2024-11-20,Wednesday,11,Biryani,Dinner,250,202,245
2024-11-20,Wednesday,11,Fried Rice,Lunch,220,116,441
2024-11-20,Wednesday,11,Fried Rice,Dinner,220,159,332
2024-11-20,Wednesday,11,Noodles,Lunch,210,116,375
2024-11-20,Wednesday,11,Noodles,Dinner,210,113,421
2024-11-20,Wednesday,11,Ice Cream,Lunch,120,87,301
2024-11-20,Wednesday,11,Ice Cream,Dinner,120,98,358
2024-11-20,Wednesday,11,Coffee,Lunch,100,141,412
2024-11-20,Wednesday,11,Coffee,Dinner,100,153,246
2024-11-21,Thursday,11,Pizza,Lunch,350,174,296
2024-11-21,Thursday,11,Pizza,Dinner,350,176,426
2024-11-21,Thursday,11,Burger,Lunch,200,144,270
2024-11-21,Thursday,11,Burger,Dinner,200,170,393
2024-11-21,Thursday,11,Pasta,Lunch,300,109,374
2024-11-21,Thursday,11,Pasta,Dinner,300,104,362
2024-11-21,Thursday,11,Sandwich,Lunch,180,80,350
2024-11-21,Thursday,11,Sandwich,Dinner,180,100,267
2024-11-21,Thursday,11,Salad,Lunch,150,46,206
2024-11-21,Thursday,11,Salad,Dinner,150,58,406
2024-11-21,Thursday,11,Biryani,Lunch,250,150,401
2024-11-21,Thursday,11,Biryani,Dinner,250,213,453
2024-11-21,Thursday,11,Fried Rice,Lunch,220,106,423
2024-11-21,Thursday,11,Fried Rice,Dinner,220,144,488
2024-11-21,Thursday,11,Noodles,Lunch,210,102,498
2024-11-21,Thursday,11,Noodles,Dinner,210,135,336
2024-11-21,Thursday,11,Ice Cream,Lunch,120,68,406
2024-11-21,Thursday,11,Ice Cream,Dinner,120,86,450
2024-11-21,Thursday,11,Coffee,Lunch,100,154,328
2024-11-21,Thursday,11,Coffee,Dinner,100,168,474
2024-11-22,Friday,11,Pizza,Lunch,350,141,291
2024-11-22,Friday,11,Pizza,Dinner,350,188,303
2024-11-22,Friday,11,Burger,Lunch,200,144,310
2024-11-22,Friday,11,Burger,Dinner,200,170,282
2024-11-22,Friday,11,Pasta,Lunch,300,92,454
2024-11-22,Friday,11,Pasta,Dinner,300,117,201
2024-11-22,Friday,11,Sandwich,Lunch,180,77,394
2024-11-22,Friday,11,Sandwich,Dinner,180,105,451
2024-11-22,Friday,11,Salad,Lunch,150,81,231
2024-11-22,Friday,11,Salad,Dinner,150,88,294
2024-11-22,Friday,11,Biryani,Lunch,250,177,382
2024-11-22,Friday,11,Biryani,Dinner,250,205,260
2024-11-22,Friday,11,Fried Rice,Lunch,220,136,253
2024-11-22,Friday,11,Fried Rice,Dinner,220,128,262
2024-11-22,Friday,11,Noodles,Lunch,210,123,246
2024-11-22,Friday,11,Noodles,Dinner,210,140,214
2024-11-22,Friday,11,Ice Cream,Lunch,120,62,469
2024-11-22,Friday,11,Ice Cream,Dinner,120,88,251
2024-11-22,Friday,11,Coffee,Lunch,100,147,376
2024-11-22,Friday,11,Coffee,Dinner,100,187,333
2024-11-23,Saturday,11,Pizza,Lunch,350,201,325
2024-11-23,Saturday,11,Pizza,Dinner,350,282,499
2024-11-23,Saturday,11,Burger,Lunch,200,201,340
2024-11-23,Saturday,11,Burger,Dinner,200,235,219
2024-11-23,Saturday,11,Pasta,Lunch,300,160,375
2024-11-23,Saturday,11,Pasta,Dinner,300,154,491
2024-11-23,Saturday,11,Sandwich,Lunch,180,113,258
2024-11-23,Saturday,11,Sandwich,Dinner,180,158,329
2024-11-23,Saturday,11,Salad,Lunch,150,106,484
2024-11-23,Saturday,11,Salad,Dinner,150,123,270
2024-11-23,Saturday,11,Biryani,Lunch,250,232,203
2024-11-23,Saturday,11,Biryani,Dinner,250,291,449
2024-11-23,Saturday,11,Fried Rice,Lunch,220,180,397
2024-11-23,Saturday,11,Fried Rice,Dinner,220,182,315
2024-11-23,Saturday,11,Noodles,Lunch,210,148,213
2024-11-23,Saturday,11,Noodles,Dinner,210,202,460
2024-11-23,Saturday,11,Ice Cream,Lunch,120,113,211
2024-11-23,Saturday,11,Ice Cream,Dinner,120,135,326
2024-11-23,Saturday,11,Coffee,Lunch,100,219,417
2024-11-23,Saturday,11,Coffee,Dinner,100,256,447
2024-11-24,Sunday,11,Pizza,Lunch,350,204,466
2024-11-24,Sunday,11,Pizza,Dinner,350,244,478
2024-11-24,Sunday,11,Burger,Lunch,200,162,207
2024-11-24,Sunday,11,Burger,Dinner,200,223,259
2024-11-24,Sunday,11,Pasta,Lunch,300,145,379
2024-11-24,Sunday,11,Pasta,Dinner,300,178,390
2024-11-24,Sunday,11,Sandwich,Lunch,180,131,319
2024-11-24,Sunday,11,Sandwich,Dinner,180,161,368
2024-11-24,Sunday,11,Salad,Lunch,150,72,218
2024-11-24,Sunday,11,Salad,Dinner,150,120,241
2024-11-24,Sunday,11,Biryani,Lunch,250,237,291
2024-11-24,Sunday,11,Biryani,Dinner,250,279,217
2024-11-24,Sunday,11,Fried Rice,Lunch,220,146,471
2024-11-24,Sunday,11,Fried Rice,Dinner,220,205,225
2024-11-24,Sunday,11,Noodles,Lunch,210,151,214
2024-11-24,Sunday,11,Noodles,Dinner,210,193,366
2024-11-24,Sunday,11,Ice Cream,Lunch,120,115,467
2024-11-24,Sunday,11,Ice Cream,Dinner,120,135,306
2024-11-24,Sunday,11,Coffee,Lunch,100,207,350
2024-11-24,Sunday,11,Coffee,Dinner,100,256,443
2024-11-25,Monday,11,Pizza,Lunch,350,162,207
2024-11-25,Monday,11,Pizza,Dinner,350,192,314
2024-11-25,Monday,11,Burger,Lunch,200,150,297
2024-11-25,Monday,11,Burger,Dinner,200,154,378
2024-11-25,Monday,11,Pasta,Lunch,300,114,486
2024-11-25,Monday,11,Pasta,Dinner,300,128,397
2024-11-25,Monday,11,Sandwich,Lunch,180,78,333
2024-11-25,Monday,11,Sandwich,Dinner,180,108,301
2024-11-25,Monday,11,Salad,Lunch,150,51,217
2024-11-25,Monday,11,Salad,Dinner,150,71,302
2024-11-25,Monday,11,Biryani,Lunch,250,174,431
2024-11-25,Monday,11,Biryani,Dinner,250,220,419
2024-11-25,Monday,11,Fried Rice,Lunch,220,132,205
2024-11-25,Monday,11,Fried Rice,Dinner,220,142,450
2024-11-25,Monday,11,Noodles,Lunch,210,110,459
2024-11-25,Monday,11,Noodles,Dinner,210,134,300
2024-11-25,Monday,11,Ice Cream,Lunch,120,84,367
2024-11-25,Monday,11,Ice Cream,Dinner,120,87,358
2024-11-25,Monday,11,Coffee,Lunch,100,159,209
2024-11-25,Monday,11,Coffee,Dinner,100,190,347
2024-11-26,Tuesday,11,Pizza,Lunch,350,163,215
2024-11-26,Tuesday,11,Pizza,Dinner,350,185,363
2024-11-26,Tuesday,11,Burger,Lunch,200,137,474
2024-11-26,Tuesday,11,Burger,Dinner,200,167,268
2024-11-26,Tuesday,11,Pasta,Lunch,300,123,439
2024-11-26,Tuesday,11,Pasta,Dinner,300,115,415
2024-11-26,Tuesday,11,Sandwich,Lunch,180,75,366
2024-11-26,Tuesday,11,Sandwich,Dinner,180,112,213
2024-11-26,Tuesday,11,Salad,Lunch,150,54,222
2024-11-26,Tuesday,11,Salad,Dinner,150,98,452
2024-11-26,Tuesday,11,Biryani,Lunch,250,158,348
2024-11-26,Tuesday,11,Biryani,Dinner,250,190,360
2024-11-26,Tuesday,11,Fried Rice,Lunch,220,109,498
2024-11-26,Tuesday,11,Fried Rice,Dinner,220,126,401
2024-11-26,Tuesday,11,Noodles,Lunch,210,123,321
2024-11-26,Tuesday,11,Noodles,Dinner,210,140,350
2024-11-26,Tuesday,11,Ice Cream,Lunch,120,95,342
2024-11-26,Tuesday,11,Ice Cream,Dinner,120,87,466
2024-11-26,Tuesday,11,Coffee,Lunch,100,139,449
2024-11-26,Tuesday,11,Coffee,Dinner,100,166,200
2024-11-27,Wednesday,11,Pizza,Lunch,350,159,443
2024-11-27,Wednesday,11,Pizza,Dinner,350,188,407
2024-11-27,Wednesday,11,Burger,Lunch,200,114,452
2024-11-27,Wednesday,11,Burger,Dinner,200,152,294
2024-11-27,Wednesday,11,Pasta,Lunch,300,115,216
2024-11-27,Wednesday,11,Pasta,Dinner,300,116,222
2024-11-27,Wednesday,11,Sandwich,Lunch,180,91,311
2024-11-27,Wednesday,11,Sandwich,Dinner,180,118,498
2024-11-27,Wednesday,11,Salad,Lunch,150,62,389
2024-11-27,Wednesday,11,Salad,Dinner,150,73,482
2024-11-27,Wednesday,11,Biryani,Lunch,250,171,348
2024-11-27,Wednesday,11,Biryani,Dinner,250,216,448
2024-11-27,Wednesday,11,Fried Rice,Lunch,220,137,307
2024-11-27,Wednesday,11,Fried Rice,Dinner,220,140,340
2024-11-27,Wednesday,11,Noodles,Lunch,210,96,254
2024-11-27,Wednesday,11,Noodles,Dinner,210,123,244
2024-11-27,Wednesday,11,Ice Cream,Lunch,120,63,344
2024-11-27,Wednesday,11,Ice Cream,Dinner,120,92,345
2024-11-27,Wednesday,11,Coffee,Lunch,100,157,200
2024-11-27,Wednesday,11,Coffee,Dinner,100,162,347
2024-11-28,Thursday,11,Pizza,Lunch,350,143,299
2024-11-28,Thursday,11,Pizza,Dinner,350,186,489
2024-11-28,Thursday,11,Burger,Lunch,200,139,396
2024-11-28,Thursday,11,Burger,Dinner,200,141,396
2024-11-28,Thursday,11,Pasta,Lunch,300,84,345
2024-11-28,Thursday,11,Pasta,Dinner,300,128,475
2024-11-28,Thursday,11,Sandwich,Lunch,180,77,201
2024-11-28,Thursday,11,Sandwich,Dinner,180,97,267
2024-11-28,Thursday,11,Salad,Lunch,150,46,394
2024-11-28,Thursday,11,Salad,Dinner,150,91,426
2024-11-28,Thursday,11,Biryani,Lunch,250,161,342
2024-11-28,Thursday,11,Biryani,Dinner,250,196,286
2024-11-28,Thursday,11,Fried Rice,Lunch,220,128,422
2024-11-28,Thursday,11,Fried Rice,Dinner,220,137,434
2024-11-28,Thursday,11,Noodles,Lunch,210,116,431
2024-11-28,Thursday,11,Noodles,Dinner,210,114,454
2024-11-28,Thursday,11,Ice Cream,Lunch,120,95,439
2024-11-28,Thursday,11,Ice Cream,Dinner,120,93,389
2024-11-28,Thursday,11,Coffee,Lunch,100,148,288
2024-11-28,Thursday,11,Coffee,Dinner,100,185,493
2024-11-29,Friday,11,Pizza,Lunch,350,171,244
2024-11-29,Friday,11,Pizza,Dinner,350,177,368
2024-11-29,Friday,11,Burger,Lunch,200,148,386
2024-11-29,Friday,11,Burger,Dinner,200,145,283
2024-11-29,Friday,11,Pasta,Lunch,300,99,231
2024-11-29,Friday,11,Pasta,Dinner,300,125,245
2024-11-29,Friday,11,Sandwich,Lunch,180,111,466
2024-11-29,Friday,11,Sandwich,Dinner,180,93,316
2024-11-29,Friday,11,Salad,Lunch,150,82,438
2024-11-29,Friday,11,Salad,Dinner,150,69,320
2024-11-29,Friday,11,Biryani,Lunch,250,176,377
2024-11-29,Friday,11,Biryani,Dinner,250,213,422
2024-11-29,Friday,11,Fried Rice,Lunch,220,113,484
2024-11-29,Friday,11,Fried Rice,Dinner,220,139,239
2024-11-29,Friday,11,Noodles,Lunch,210,115,228
2024-11-29,Friday,11,Noodles,Dinner,210,130,292
2024-11-29,Friday,11,Ice Cream,Lunch,120,67,306
2024-11-29,Friday,11,Ice Cream,Dinner,120,88,407
2024-11-29,Friday,11,Coffee,Lunch,100,153,462
2024-11-29,Friday,11,Coffee,Dinner,100,184,374
2024-11-30,Saturday,11,Pizza,Lunch,350,217,267
2024-11-30,Saturday,11,Pizza,Dinner,350,271,495
2024-11-30,Saturday,11,Burger,Lunch,200,174,416
2024-11-30,Saturday,11,Burger,Dinner,200,218,356
2024-11-30,Saturday,11,Pasta,Lunch,300,157,463
2024-11-30,Saturday,11,Pasta,Dinner,300,170,335
2024-11-30,Saturday,11,Sandwich,Lunch,180,110,203
2024-11-30,Saturday,11,Sandwich,Dinner,180,136,289
2024-11-30,Saturday,11,Salad,Lunch,150,107,210
2024-11-30,Saturday,11,Salad,Dinner,150,105,276
2024-11-30,Saturday,11,Biryani,Lunch,250,234,200
2024-11-30,Saturday,11,Biryani,Dinner,250,286,304
2024-11-30,Saturday,11,Fried Rice,Lunch,220,153,452
2024-11-30,Saturday,11,Fried Rice,Dinner,220,197,211
2024-11-30,Saturday,11,Noodles,Lunch,210,156,260
2024-11-30,Saturday,11,Noodles,Dinner,210,191,268
2024-11-30,Saturday,11,Ice Cream,Lunch,120,116,214
2024-11-30,Saturday,11,Ice Cream,Dinner,120,131,451
2024-11-30,Saturday,11,Coffee,Lunch,100,193,498
2024-11-30,Saturday,11,Coffee,Dinner,100,260,267
2024-12-01,Sunday,12,Pizza,Lunch,350,208,374
2024-12-01,Sunday,12,Pizza,Dinner,350,271,312
2024-12-01,Sunday,12,Burger,Lunch,200,177,445
2024-12-01,Sunday,12,Burger,Dinner,200,228,428
2024-12-01,Sunday,12,Pasta,Lunch,300,155,417
2024-12-01,Sunday,12,Pasta,Dinner,300,184,461
2024-12-01,Sunday,12,Sandwich,Lunch,180,129,468
2024-12-01,Sunday,12,Sandwich,Dinner,180,157,335
2024-12-01,Sunday,12,Salad,Lunch,150,87,426
2024-12-01,Sunday,12,Salad,Dinner,150,89,286
2024-12-01,Sunday,12,Biryani,Lunch,250,222,341
2024-12-01,Sunday,12,Biryani,Dinner,250,276,358
2024-12-01,Sunday,12,Fried Rice,Lunch,220,152,479
2024-12-01,Sunday,12,Fried Rice,Dinner,220,198,444
2024-12-01,Sunday,12,Noodles,Lunch,210,146,463
2024-12-01,Sunday,12,Noodles,Dinner,210,174,221
2024-12-01,Sunday,12,Ice Cream,Lunch,120,118,496
2024-12-01,Sunday,12,Ice Cream,Dinner,120,150,311
2024-12-01,Sunday,12,Coffee,Lunch,100,203,411
2024-12-01,Sunday,12,Coffee,Dinner,100,225,210
2024-12-02,Monday,12,Pizza,Lunch,350,150,287
2024-12-02,Monday,12,Pizza,Dinner,350,176,210
2024-12-02,Monday,12,Burger,Lunch,200,129,261
2024-12-02,Monday,12,Burger,Dinner,200,172,450
2024-12-02,Monday,12,Pasta,Lunch,300,118,362
2024-12-02,Monday,12,Pasta,Dinner,300,125,332
2024-12-02,Monday,12,Sandwich,Lunch,180,95,399
2024-12-02,Monday,12,Sandwich,Dinner,180,106,482
2024-12-02,Monday,12,Salad,Lunch,150,78,385
2024-12-02,Monday,12,Salad,Dinner,150,68,420
2024-12-02,Monday,12,Biryani,Lunch,250,155,300
2024-12-02,Monday,12,Biryani,Dinner,250,189,360
2024-12-02,Monday,12,Fried Rice,Lunch,220,131,321
2024-12-02,Monday,12,Fried Rice,Dinner,220,151,437
2024-12-02,Monday,12,Noodles,Lunch,210,112,499
2024-12-02,Monday,12,Noodles,Dinner,210,130,221
2024-12-02,Monday,12,Ice Cream,Lunch,120,84,359
2024-12-02,Monday,12,Ice Cream,Dinner,120,94,348
2024-12-02,Monday,12,Coffee,Lunch,100,158,314
2024-12-02,Monday,12,Coffee,Dinner,100,184,394
2024-12-03,Tuesday,12,Pizza,Lunch,350,163,265
2024-12-03,Tuesday,12,Pizza,Dinner,350,187,445
2024-12-03,Tuesday,12,Burger,Lunch,200,113,437
2024-12-03,Tuesday,12,Burger,Dinner,200,174,213
2024-12-03,Tuesday,12,Pasta,Lunch,300,104,325
2024-12-03,Tuesday,12,Pasta,Dinner,300,137,238
2024-12-03,Tuesday,12,Sandwich,Lunch,180,109,218
2024-12-03,Tuesday,12,Sandwich,Dinner,180,119,350
2024-12-03,Tuesday,12,Salad,Lunch,150,78,255
2024-12-03,Tuesday,12,Salad,Dinner,150,82,223
2024-12-03,Tuesday,12,Biryani,Lunch,250,154,378
2024-12-03,Tuesday,12,Biryani,Dinner,250,199,247
2024-12-03,Tuesday,12,Fried Rice,Lunch,220,137,343
2024-12-03,Tuesday,12,Fried Rice,Dinner,220,152,369
2024-12-03,Tuesday,12,Noodles,Lunch,210,115,352
2024-12-03,Tuesday,12,Noodles,Dinner,210,152,398
2024-12-03,Tuesday,12,Ice Cream,Lunch,120,87,444
2024-12-03,Tuesday,12,Ice Cream,Dinner,120,111,480
2024-12-03,Tuesday,12,Coffee,Lunch,100,132,458
2024-12-03,Tuesday,12,Coffee,Dinner,100,165,329
2024-12-04,Wednesday,12,Pizza,Lunch,350,173,337
2024-12-04,Wednesday,12,Pizza,Dinner,350,185,241
2024-12-04,Wednesday,12,Burger,Lunch,200,114,454
2024-12-04,Wednesday,12,Burger,Dinner,200,146,379
2024-12-04,Wednesday,12,Pasta,Lunch,300,116,392
2024-12-04,Wednesday,12,Pasta,Dinner,300,136,407
2024-12-04,Wednesday,12,Sandwich,Lunch,180,107,377
2024-12-04,Wednesday,12,Sandwich,Dinner,180,124,291
2024-12-04,Wednesday,12,Salad,Lunch,150,80,290
2024-12-04,Wednesday,12,Salad,Dinner,150,67,236
2024-12-04,Wednesday,12,Biryani,Lunch,250,188,493
2024-12-04,Wednesday,12,Biryani,Dinner,250,195,497
2024-12-04,Wednesday,12,Fried Rice,Lunch,220,100,478
2024-12-04,Wednesday,12,Fried Rice,Dinner,220,159,208
2024-12-04,Wednesday,12,Noodles,Lunch,210,111,486
2024-12-04,Wednesday,12,Noodles,Dinner,210,133,314
2024-12-04,Wednesday,12,Ice Cream,Lunch,120,95,244
2024-12-04,Wednesday,12,Ice Cream,Dinner,120,93,365
2024-12-04,Wednesday,12,Coffee,Lunch,100,135,364
2024-12-04,Wednesday,12,Coffee,Dinner,100,190,351
2024-12-05,Thursday,12,Pizza,Lunch,350,154,365
2024-12-05,Thursday,12,Pizza,Dinner,350,191,455
2024-12-05,Thursday,12,Burger,Lunch,200,139,232
2024-12-05,Thursday,12,Burger,Dinner,200,150,216
2024-12-05,Thursday,12,Pasta,Lunch,300,123,351
2024-12-05,Thursday,12,Pasta,Dinner,300,131,256
2024-12-05,Thursday,12,Sandwich,Lunch,180,77,448
2024-12-05,Thursday,12,Sandwich,Dinner,180,103,209
2024-12-05,Thursday,12,Salad,Lunch,150,62,445
2024-12-05,Thursday,12,Salad,Dinner,150,96,308
2024-12-05,Thursday,12,Biryani,Lunch,250,171,411
2024-12-05,Thursday,12,Biryani,Dinner,250,212,354
2024-12-05,Thursday,12,Fried Rice,Lunch,220,116,450
2024-12-05,Thursday,12,Fried Rice,Dinner,220,153,352
2024-12-05,Thursday,12,Noodles,Lunch,210,95,457
2024-12-05,Thursday,12,Noodles,Dinner,210,147,219
2024-12-05,Thursday,12,Ice Cream,Lunch,120,98,263
2024-12-05,Thursday,12,Ice Cream,Dinner,120,75,205
2024-12-05,Thursday,12,Coffee,Lunch,100,143,430
2024-12-05,Thursday,12,Coffee,Dinner,100,166,228
2024-12-06,Friday,12,Pizza,Lunch,350,160,482
2024-12-06,Friday,12,Pizza,Dinner,350,199,234
2024-12-06,Friday,12,Burger,Lunch,200,129,460
2024-12-06,Friday,12,Burger,Dinner,200,153,208
2024-12-06,Friday,12,Pasta,Lunch,300,119,463
2024-12-06,Friday,12,Pasta,Dinner,300,132,250
2024-12-06,Friday,12,Sandwich,Lunch,180,79,215
2024-12-06,Friday,12,Sandwich,Dinner,180,100,386
2024-12-06,Friday,12,Salad,Lunch,150,71,333
2024-12-06,Friday,12,Salad,Dinner,150,76,447
2024-12-06,Friday,12,Biryani,Lunch,250,175,495
2024-12-06,Friday,12,Biryani,Dinner,250,215,316
2024-12-06,Friday,12,Fried Rice,Lunch,220,118,398
2024-12-06,Friday,12,Fried Rice,Dinner,220,159,219
2024-12-06,Friday,12,Noodles,Lunch,210,103,278
2024-12-06,Friday,12,Noodles,Dinner,210,150,450
2024-12-06,Friday,12,Ice Cream,Lunch,120,76,391
2024-12-06,Friday,12,Ice Cream,Dinner,120,79,280
2024-12-06,Friday,12,Coffee,Lunch,100,128,223
2024-12-06,Friday,12,Coffee,Dinner,100,185,356
2024-12-07,Saturday,12,Pizza,Lunch,350,229,239
2024-12-07,Saturday,12,Pizza,Dinner,350,276,273
2024-12-07,Saturday,12,Burger,Lunch,200,191,262
2024-12-07,Saturday,12,Burger,Dinner,200,236,336
2024-12-07,Saturday,12,Pasta,Lunch,300,131,261
2024-12-07,Saturday,12,Pasta,Dinner,300,160,436
2024-12-07,Saturday,12,Sandwich,Lunch,180,144,487
2024-12-07,Saturday,12,Sandwich,Dinner,180,166,443
2024-12-07,Saturday,12,Salad,Lunch,150,86,348
2024-12-07,Saturday,12,Salad,Dinner,150,92,355
2024-12-07,Saturday,12,Biryani,Lunch,250,227,483
2024-12-07,Saturday,12,Biryani,Dinner,250,298,250
2024-12-07,Saturday,12,Fried Rice,Lunch,220,166,398
2024-12-07,Saturday,12,Fried Rice,Dinner,220,199,358
2024-12-07,Saturday,12,Noodles,Lunch,210,166,269
2024-12-07,Saturday,12,Noodles,Dinner,210,197,370
2024-12-07,Saturday,12,Ice Cream,Lunch,120,103,339
2024-12-07,Saturday,12,Ice Cream,Dinner,120,111,394
2024-12-07,Saturday,12,Coffee,Lunch,100,201,367
2024-12-07,Saturday,12,Coffee,Dinner,100,234,249
2024-12-08,Sunday,12,Pizza,Lunch,350,209,493
2024-12-08,Sunday,12,Pizza,Dinner,350,276,496
2024-12-08,Sunday,12,Burger,Lunch,200,202,467
2024-12-08,Sunday,12,Burger,Dinner,200,218,455
2024-12-08,Sunday,12,Pasta,Lunch,300,147,411
2024-12-08,Sunday,12,Pasta,Dinner,300,188,392
2024-12-08,Sunday,12,Sandwich,Lunch,180,114,349
2024-12-08,Sunday,12,Sandwich,Dinner,180,137,247
2024-12-08,Sunday,12,Salad,Lunch,150,94,412
2024-12-08,Sunday,12,Salad,Dinner,150,90,498
2024-12-08,Sunday,12,Biryani,Lunch,250,250,248
2024-12-08,Sunday,12,Biryani,Dinner,250,270,500
2024-12-08,Sunday,12,Fried Rice,Lunch,220,161,300
2024-12-08,Sunday,12,Fried Rice,Dinner,220,177,344
2024-12-08,Sunday,12,Noodles,Lunch,210,134,499
2024-12-08,Sunday,12,Noodles,Dinner,210,186,491
2024-12-08,Sunday,12,Ice Cream,Lunch,120,89,366
2024-12-08,Sunday,12,Ice Cream,Dinner,120,144,339
2024-12-08,Sunday,12,Coffee,Lunch,100,187,366
2024-12-08,Sunday,12,Coffee,Dinner,100,244,214
2024-12-09,Monday,12,Pizza,Lunch,350,163,318
2024-12-09,Monday,12,Pizza,Dinner,350,167,232
2024-12-09,Monday,12,Burger,Lunch,200,119,215
2024-12-09,Monday,12,Burger,Dinner,200,154,288
2024-12-09,Monday,12,Pasta,Lunch,300,94,223
2024-12-09,Monday,12,Pasta,Dinner,300,123,492
2024-12-09,Monday,12,Sandwich,Lunch,180,108,280
2024-12-09,Monday,12,Sandwich,Dinner,180,123,404
2024-12-09,Monday,12,Salad,Lunch,150,45,478
2024-12-09,Monday,12,Salad,Dinner,150,72,217
2024-12-09,Monday,12,Biryani,Lunch,250,161,357
2024-12-09,Monday,12,Biryani,Dinner,250,212,339
2024-12-09,Monday,12,Fried Rice,Lunch,220,126,485
2024-12-09,Monday,12,Fried Rice,Dinner,220,146,397
2024-12-09,Monday,12,Noodles,Lunch,210,108,330
2024-12-09,Monday,12,Noodles,Dinner,210,123,408
2024-12-09,Monday,12,Ice Cream,Lunch,120,91,377
2024-12-09,Monday,12,Ice Cream,Dinner,120,104,348
2024-12-09,Monday,12,Coffee,Lunch,100,145,409
2024-12-09,Monday,12,Coffee,Dinner,100,177,376
2024-12-10,Tuesday,12,Pizza,Lunch,350,153,229
2024-12-10,Tuesday,12,Pizza,Dinner,350,198,325
2024-12-10,Tuesday,12,Burger,Lunch,200,124,209
2024-12-10,Tuesday,12,Burger,Dinner,200,141,453
2024-12-10,Tuesday,12,Pasta,Lunch,300,117,379
2024-12-10,Tuesday,12,Pasta,Dinner,300,126,433
2024-12-10,Tuesday,12,Sandwich,Lunch,180,77,390
2024-12-10,Tuesday,12,Sandwich,Dinner,180,116,287
2024-12-10,Tuesday,12,Salad,Lunch,150,69,434
2024-12-10,Tuesday,12,Salad,Dinner,150,72,439
2024-12-10,Tuesday,12,Biryani,Lunch,250,171,407
2024-12-10,Tuesday,12,Biryani,Dinner,250,201,204
2024-12-10,Tuesday,12,Fried Rice,Lunch,220,135,421
2024-12-10,Tuesday,12,Fried Rice,Dinner,220,123,401
2024-12-10,Tuesday,12,Noodles,Lunch,210,96,497
2024-12-10,Tuesday,12,Noodles,Dinner,210,141,353
2024-12-10,Tuesday,12,Ice Cream,Lunch,120,73,490
2024-12-10,Tuesday,12,Ice Cream,Dinner,120,84,487
2024-12-10,Tuesday,12,Coffee,Lunch,100,158,204
2024-12-10,Tuesday,12,Coffee,Dinner,100,182,248
2024-12-11,Wednesday,12,Pizza,Lunch,350,138,240
2024-12-11,Wednesday,12,Pizza,Dinner,350,202,476
2024-12-11,Wednesday,12,Burger,Lunch,200,143,421
2024-12-11,Wednesday,12,Burger,Dinner,200,152,488
2024-12-11,Wednesday,12,Pasta,Lunch,300,115,251
2024-12-11,Wednesday,12,Pasta,Dinner,300,130,382
2024-12-11,Wednesday,12,Sandwich,Lunch,180,99,400
2024-12-11,Wednesday,12,Sandwich,Dinner,180,103,463
2024-12-11,Wednesday,12,Salad,Lunch,150,54,307
2024-12-11,Wednesday,12,Salad,Dinner,150,68,271
2024-12-11,Wednesday,12,Biryani,Lunch,250,168,416
2024-12-11,Wednesday,12,Biryani,Dinner,250,201,441
2024-12-11,Wednesday,12,Fried Rice,Lunch,220,111,426
2024-12-11,Wednesday,12,Fried Rice,Dinner,220,153,232
2024-12-11,Wednesday,12,Noodles,Lunch,210,118,231
2024-12-11,Wednesday,12,Noodles,Dinner,210,152,251
2024-12-11,Wednesday,12,Ice Cream,Lunch,120,66,367
2024-12-11,Wednesday,12,Ice Cream,Dinner,120,110,205
2024-12-11,Wednesday,12,Coffee,Lunch,100,140,477
2024-12-11,Wednesday,12,Coffee,Dinner,100,178,408
2024-12-12,Thursday,12,Pizza,Lunch,350,151,224
2024-12-12,Thursday,12,Pizza,Dinner,350,194,267
2024-12-12,Thursday,12,Burger,Lunch,200,148,415
2024-12-12,Thursday,12,Burger,Dinner,200,176,374
2024-12-12,Thursday,12,Pasta,Lunch,300,122,414
2024-12-12,Thursday,12,Pasta,Dinner,300,120,455
2024-12-12,Thursday,12,Sandwich,Lunch,180,101,264
2024-12-12,Thursday,12,Sandwich,Dinner,180,105,275
2024-12-12,Thursday,12,Salad,Lunch,150,62,489
2024-12-12,Thursday,12,Salad,Dinner,150,59,315
2024-12-12,Thursday,12,Biryani,Lunch,250,168,337
2024-12-12,Thursday,12,Biryani,Dinner,250,190,398
2024-12-12,Thursday,12,Fried Rice,Lunch,220,130,206
2024-12-12,Thursday,12,Fried Rice,Dinner,220,122,466
2024-12-12,Thursday,12,Noodles,Lunch,210,91,492
2024-12-12,Thursday,12,Noodles,Dinner,210,112,279
2024-12-12,Thursday,12,Ice Cream,Lunch,120,68,238
2024-12-12,Thursday,12,Ice Cream,Dinner,120,96,460
2024-12-12,Thursday,12,Coffee,Lunch,100,127,383
2024-12-12,Thursday,12,Coffee,Dinner,100,158,390
2024-12-13,Friday,12,Pizza,Lunch,350,165,208
2024-12-13,Friday,12,Pizza,Dinner,350,194,264
2024-12-13,Friday,12,Burger,Lunch,200,112,342
2024-12-13,Friday,12,Burger,Dinner,200,152,348
2024-12-13,Friday,12,Pasta,Lunch,300,107,453
2024-12-13,Friday,12,Pasta,Dinner,300,117,200
2024-12-13,Friday,12,Sandwich,Lunch,180,95,237
2024-12-13,Friday,12,Sandwich,Dinner,180,100,234
2024-12-13,Friday,12,Salad,Lunch,150,52,430
2024-12-13,Friday,12,Salad,Dinner,150,77,359
2024-12-13,Friday,12,Biryani,Lunch,250,178,460
2024-12-13,Friday,12,Biryani,Dinner,250,189,420
2024-12-13,Friday,12,Fried Rice,Lunch,220,125,459
2024-12-13,Friday,12,Fried Rice,Dinner,220,130,378
2024-12-13,Friday,12,Noodles,Lunch,210,129,293
2024-12-13,Friday,12,Noodles,Dinner,210,151,440
2024-12-13,Friday,12,Ice Cream,Lunch,120,84,311
2024-12-13,Friday,12,Ice Cream,Dinner,120,92,371
2024-12-13,Friday,12,Coffee,Lunch,100,153,431
2024-12-13,Friday,12,Coffee,Dinner,100,158,414
2024-12-14,Saturday,12,Pizza,Lunch,350,208,351
2024-12-14,Saturday,12,Pizza,Dinner,350,275,442
2024-12-14,Saturday,12,Burger,Lunch,200,170,393
2024-12-14,Saturday,12,Burger,Dinner,200,217,331
2024-12-14,Saturday,12,Pasta,Lunch,300,148,310
2024-12-14,Saturday,12,Pasta,Dinner,300,171,354
2024-12-14,Saturday,12,Sandwich,Lunch,180,142,347
2024-12-14,Saturday,12,Sandwich,Dinner,180,140,257
2024-12-14,Saturday,12,Salad,Lunch,150,107,297
2024-12-14,Saturday,12,Salad,Dinner,150,123,382
2024-12-14,Saturday,12,Biryani,Lunch,250,240,453
2024-12-14,Saturday,12,Biryani,Dinner,250,270,433
2024-12-14,Saturday,12,Fried Rice,Lunch,220,146,362
2024-12-14,Saturday,12,Fried Rice,Dinner,220,196,240
2024-12-14,Saturday,12,Noodles,Lunch,210,136,401
2024-12-14,Saturday,12,Noodles,Dinner,210,180,247
2024-12-14,Saturday,12,Ice Cream,Lunch,120,111,402
2024-12-14,Saturday,12,Ice Cream,Dinner,120,136,331
2024-12-14,Saturday,12,Coffee,Lunch,100,195,310
2024-12-14,Saturday,12,Coffee,Dinner,100,232,429
2024-12-15,Sunday,12,Pizza,Lunch,350,235,290
2024-12-15,Sunday,12,Pizza,Dinner,350,259,256
2024-12-15,Sunday,12,Burger,Lunch,200,194,328
2024-12-15,Sunday,12,Burger,Dinner,200,219,299
2024-12-15,Sunday,12,Pasta,Lunch,300,164,399
2024-12-15,Sunday,12,Pasta,Dinner,300,181,322
2024-12-15,Sunday,12,Sandwich,Lunch,180,112,287
2024-12-15,Sunday,12,Sandwich,Dinner,180,134,306
2024-12-15,Sunday,12,Salad,Lunch,150,86,398
2024-12-15,Sunday,12,Salad,Dinner,150,90,239
2024-12-15,Sunday,12,Biryani,Lunch,250,237,280
2024-12-15,Sunday,12,Biryani,Dinner,250,285,481
2024-12-15,Sunday,12,Fried Rice,Lunch,220,162,357
2024-12-15,Sunday,12,Fried Rice,Dinner,220,184,316
2024-12-15,Sunday,12,Noodles,Lunch,210,138,478
2024-12-15,Sunday,12,Noodles,Dinner,210,174,317
2024-12-15,Sunday,12,Ice Cream,Lunch,120,109,416
2024-12-15,Sunday,12,Ice Cream,Dinner,120,145,421
2024-12-15,Sunday,12,Coffee,Lunch,100,202,437
2024-12-15,Sunday,12,Coffee,Dinner,100,234,281
2024-12-16,Monday,12,Pizza,Lunch,350,142,500
2024-12-16,Monday,12,Pizza,Dinner,350,176,331
2024-12-16,Monday,12,Burger,Lunch,200,127,367
2024-12-16,Monday,12,Burger,Dinner,200,142,454
2024-12-16,Monday,12,Pasta,Lunch,300,104,448
2024-12-16,Monday,12,Pasta,Dinner,300,130,228
2024-12-16,Monday,12,Sandwich,Lunch,180,103,252
2024-12-16,Monday,12,Sandwich,Dinner,180,105,357
2024-12-16,Monday,12,Salad,Lunch,150,51,473
2024-12-16,Monday,12,Salad,Dinner,150,76,452
2024-12-16,Monday,12,Biryani,Lunch,250,171,464
2024-12-16,Monday,12,Biryani,Dinner,250,205,411
2024-12-16,Monday,12,Fried Rice,Lunch,220,102,242
2024-12-16,Monday,12,Fried Rice,Dinner,220,122,427
2024-12-16,Monday,12,Noodles,Lunch,210,123,240
2024-12-16,Monday,12,Noodles,Dinner,210,133,366
2024-12-16,Monday,12,Ice Cream,Lunch,120,63,210
2024-12-16,Monday,12,Ice Cream,Dinner,120,92,299
2024-12-16,Monday,12,Coffee,Lunch,100,136,417
2024-12-16,Monday,12,Coffee,Dinner,100,189,228
2024-12-17,Tuesday,12,Pizza,Lunch,350,147,368
2024-12-17,Tuesday,12,Pizza,Dinner,350,184,489
2024-12-17,Tuesday,12,Burger,Lunch,200,141,345
2024-12-17,Tuesday,12,Burger,Dinner,200,148,496
2024-12-17,Tuesday,12,Pasta,Lunch,300,107,359
2024-12-17,Tuesday,12,Pasta,Dinner,300,120,438
2024-12-17,Tuesday,12,Sandwich,Lunch,180,107,321
2024-12-17,Tuesday,12,Sandwich,Dinner,180,94,391
2024-12-17,Tuesday,12,Salad,Lunch,150,77,246
2024-12-17,Tuesday,12,Salad,Dinner,150,92,405
2024-12-17,Tuesday,12,Biryani,Lunch,250,159,431
2024-12-17,Tuesday,12,Biryani,Dinner,250,182,490
2024-12-17,Tuesday,12,Fried Rice,Lunch,220,104,266
2024-12-17,Tuesday,12,Fried Rice,Dinner,220,128,272
2024-12-17,Tuesday,12,Noodles,Lunch,210,102,343
2024-12-17,Tuesday,12,Noodles,Dinner,210,118,413
2024-12-17,Tuesday,12,Ice Cream,Lunch,120,74,363
2024-12-17,Tuesday,12,Ice Cream,Dinner,120,109,431
2024-12-17,Tuesday,12,Coffee,Lunch,100,130,459
2024-12-17,Tuesday,12,Coffee,Dinner,100,175,242
2024-12-18,Wednesday,12,Pizza,Lunch,350,157,386
2024-12-18,Wednesday,12,Pizza,Dinner,350,202,367
2024-12-18,Wednesday,12,Burger,Lunch,200,146,231
2024-12-18,Wednesday,12,Burger,Dinner,200,160,411
2024-12-18,Wednesday,12,Pasta,Lunch,300,101,297
2024-12-18,Wednesday,12,Pasta,Dinner,300,129,444
2024-12-18,Wednesday,12,Sandwich,Lunch,180,103,481
2024-12-18,Wednesday,12,Sandwich,Dinner,180,110,328
2024-12-18,Wednesday,12,Salad,Lunch,150,48,463
2024-12-18,Wednesday,12,Salad,Dinner,150,81,420
2024-12-18,Wednesday,12,Biryani,Lunch,250,166,419
2024-12-18,Wednesday,12,Biryani,Dinner,250,210,291
2024-12-18,Wednesday,12,Fried Rice,Lunch,220,98,399
2024-12-18,Wednesday,12,Fried Rice,Dinner,220,130,493
2024-12-18,Wednesday,12,Noodles,Lunch,210,113,447
2024-12-18,Wednesday,12,Noodles,Dinner,210,136,267
2024-12-18,Wednesday,12,Ice Cream,Lunch,120,74,377
2024-12-18,Wednesday,12,Ice Cream,Dinner,120,101,383
2024-12-18,Wednesday,12,Coffee,Lunch,100,153,350
2024-12-18,Wednesday,12,Coffee,Dinner,100,166,474
2024-12-19,Thursday,12,Pizza,Lunch,350,164,201
2024-12-19,Thursday,12,Pizza,Dinner,350,170,490
2024-12-19,Thursday,12,Burger,Lunch,200,144,468
2024-12-19,Thursday,12,Burger,Dinner,200,146,211
2024-12-19,Thursday,12,Pasta,Lunch,300,114,255
2024-12-19,Thursday,12,Pasta,Dinner,300,129,224
2024-12-19,Thursday,12,Sandwich,Lunch,180,71,464
2024-12-19,Thursday,12,Sandwich,Dinner,180,106,293
2024-12-19,Thursday,12,Salad,Lunch,150,84,254
2024-12-19,Thursday,12,Salad,Dinner,150,73,380
2024-12-19,Thursday,12,Biryani,Lunch,250,170,279
2024-12-19,Thursday,12,Biryani,Dinner,250,184,427
2024-12-19,Thursday,12,Fried Rice,Lunch,220,131,465
2024-12-19,Thursday,12,Fried Rice,Dinner,220,129,311
2024-12-19,Thursday,12,Noodles,Lunch,210,98,458
2024-12-19,Thursday,12,Noodles,Dinner,210,125,310
2024-12-19,Thursday,12,Ice Cream,Lunch,120,67,311
2024-12-19,Thursday,12,Ice Cream,Dinner,120,92,403
2024-12-19,Thursday,12,Coffee,Lunch,100,123,287
2024-12-19,Thursday,12,Coffee,Dinner,100,182,494
2024-12-20,Friday,12,Pizza,Lunch,350,166,394
2024-12-20,Friday,12,Pizza,Dinner,350,170,271
2024-12-20,Friday,12,Burger,Lunch,200,144,407
2024-12-20,Friday,12,Burger,Dinner,200,153,307
2024-12-20,Friday,12,Pasta,Lunch,300,88,404
2024-12-20,Friday,12,Pasta,Dinner,300,118,438
2024-12-20,Friday,12,Sandwich,Lunch,180,97,281
2024-12-20,Friday,12,Sandwich,Dinner,180,110,235
2024-12-20,Friday,12,Salad,Lunch,150,83,450
2024-12-20,Friday,12,Salad,Dinner,150,84,420
2024-12-20,Friday,12,Biryani,Lunch,250,178,376
2024-12-20,Friday,12,Biryani,Dinner,250,204,207
2024-12-20,Friday,12,Fried Rice,Lunch,220,98,489
2024-12-20,Friday,12,Fried Rice,Dinner,220,152,457
2024-12-20,Friday,12,Noodles,Lunch,210,99,483
2024-12-20,Friday,12,Noodles,Dinner,210,139,468
2024-12-20,Friday,12,Ice Cream,Lunch,120,68,293
2024-12-20,Friday,12,Ice Cream,Dinner,120,106,202
2024-12-20,Friday,12,Coffee,Lunch,100,153,368
2024-12-20,Friday,12,Coffee,Dinner,100,181,423
2024-12-21,Saturday,12,Pizza,Lunch,350,227,439
2024-12-21,Saturday,12,Pizza,Dinner,350,253,497
2024-12-21,Saturday,12,Burger,Lunch,200,168,461
2024-12-21,Saturday,12,Burger,Dinner,200,215,388
2024-12-21,Saturday,12,Pasta,Lunch,300,143,231
2024-12-21,Saturday,12,Pasta,Dinner,300,162,250
2024-12-21,Saturday,12,Sandwich,Lunch,180,125,212
2024-12-21,Saturday,12,Sandwich,Dinner,180,164,360
2024-12-21,Saturday,12,Salad,Lunch,150,87,310
2024-12-21,Saturday,12,Salad,Dinner,150,96,313
2024-12-21,Saturday,12,Biryani,Lunch,250,233,233
2024-12-21,Saturday,12,Biryani,Dinner,250,274,362
2024-12-21,Saturday,12,Fried Rice,Lunch,220,160,365
2024-12-21,Saturday,12,Fried Rice,Dinner,220,204,374
2024-12-21,Saturday,12,Noodles,Lunch,210,167,253
2024-12-21,Saturday,12,Noodles,Dinner,210,201,304
2024-12-21,Saturday,12,Ice Cream,Lunch,120,123,473
2024-12-21,Saturday,12,Ice Cream,Dinner,120,112,305
2024-12-21,Saturday,12,Coffee,Lunch,100,206,320
2024-12-21,Saturday,12,Coffee,Dinner,100,220,261
2024-12-22,Sunday,12,Pizza,Lunch,350,209,281
2024-12-22,Sunday,12,Pizza,Dinner,350,250,311
2024-12-22,Sunday,12,Burger,Lunch,200,178,316
2024-12-22,Sunday,12,Burger,Dinner,200,202,483
2024-12-22,Sunday,12,Pasta,Lunch,300,152,375
2024-12-22,Sunday,12,Pasta,Dinner,300,188,219
2024-12-22,Sunday,12,Sandwich,Lunch,180,129,348
2024-12-22,Sunday,12,Sandwich,Dinner,180,169,445
2024-12-22,Sunday,12,Salad,Lunch,150,107,294
2024-12-22,Sunday,12,Salad,Dinner,150,98,222
2024-12-22,Sunday,12,Biryani,Lunch,250,249,325
2024-12-22,Sunday,12,Biryani,Dinner,250,267,209
2024-12-22,Sunday,12,Fried Rice,Lunch,220,180,405
2024-12-22,Sunday,12,Fried Rice,Dinner,220,186,262
2024-12-22,Sunday,12,Noodles,Lunch,210,151,351
2024-12-22,Sunday,12,Noodles,Dinner,210,199,498
2024-12-22,Sunday,12,Ice Cream,Lunch,120,120,233
2024-12-22,Sunday,12,Ice Cream,Dinner,120,137,474
2024-12-22,Sunday,12,Coffee,Lunch,100,199,255
2024-12-22,Sunday,12,Coffee,Dinner,100,222,380
2024-12-23,Monday,12,Pizza,Lunch,350,137,292
2024-12-23,Monday,12,Pizza,Dinner,350,167,242
2024-12-23,Monday,12,Burger,Lunch,200,130,445
2024-12-23,Monday,12,Burger,Dinner,200,154,247
2024-12-23,Monday,12,Pasta,Lunch,300,100,247
2024-12-23,Monday,12,Pasta,Dinner,300,134,484
2024-12-23,Monday,12,Sandwich,Lunch,180,89,353
2024-12-23,Monday,12,Sandwich,Dinner,180,95,307
2024-12-23,Monday,12,Salad,Lunch,150,65,452
2024-12-23,Monday,12,Salad,Dinner,150,64,235
2024-12-23,Monday,12,Biryani,Lunch,250,162,450
2024-12-23,Monday,12,Biryani,Dinner,250,216,379
2024-12-23,Monday,12,Fried Rice,Lunch,220,125,455
2024-12-23,Monday,12,Fried Rice,Dinner,220,140,313
2024-12-23,Monday,12,Noodles,Lunch,210,96,350
2024-12-23,Monday,12,Noodles,Dinner,210,123,361
2024-12-23,Monday,12,Ice Cream,Lunch,120,96,230
2024-12-23,Monday,12,Ice Cream,Dinner,120,109,373
2024-12-23,Monday,12,Coffee,Lunch,100,156,256
2024-12-23,Monday,12,Coffee,Dinner,100,156,412
2024-12-24,Tuesday,12,Pizza,Lunch,350,153,446
2024-12-24,Tuesday,12,Pizza,Dinner,350,198,298
2024-12-24,Tuesday,12,Burger,Lunch,200,142,279
2024-12-24,Tuesday,12,Burger,Dinner,200,159,227
2024-12-24,Tuesday,12,Pasta,Lunch,300,96,403
2024-12-24,Tuesday,12,Pasta,Dinner,300,116,254
2024-12-24,Tuesday,12,Sandwich,Lunch,180,98,297
2024-12-24,Tuesday,12,Sandwich,Dinner,180,107,364
2024-12-24,Tuesday,12,Salad,Lunch,150,63,248
2024-12-24,Tuesday,12,Salad,Dinner,150,95,446
2024-12-24,Tuesday,12,Biryani,Lunch,250,165,362
2024-12-24,Tuesday,12,Biryani,Dinner,250,191,443
2024-12-24,Tuesday,12,Fried Rice,Lunch,220,131,418
2024-12-24,Tuesday,12,Fried Rice,Dinner,220,142,496
2024-12-24,Tuesday,12,Noodles,Lunch,210,90,393
2024-12-24,Tuesday,12,Noodles,Dinner,210,124,499
2024-12-24,Tuesday,12,Ice Cream,Lunch,120,80,405
2024-12-24,Tuesday,12,Ice Cream,Dinner,120,91,495
2024-12-24,Tuesday,12,Coffee,Lunch,100,150,290
2024-12-24,Tuesday,12,Coffee,Dinner,100,182,291
2024-12-25,Wednesday,12,Pizza,Lunch,350,167,200
2024-12-25,Wednesday,12,Pizza,Dinner,350,195,298
2024-12-25,Wednesday,12,Burger,Lunch,200,136,431
2024-12-25,Wednesday,12,Burger,Dinner,200,141,372
2024-12-25,Wednesday,12,Pasta,Lunch,300,107,274
2024-12-25,Wednesday,12,Pasta,Dinner,300,139,400
2024-12-25,Wednesday,12,Sandwich,Lunch,180,93,486
2024-12-25,Wednesday,12,Sandwich,Dinner,180,123,277
2024-12-25,Wednesday,12,Salad,Lunch,150,70,317
2024-12-25,Wednesday,12,Salad,Dinner,150,87,352
2024-12-25,Wednesday,12,Biryani,Lunch,250,154,443
2024-12-25,Wednesday,12,Biryani,Dinner,250,191,233
2024-12-25,Wednesday,12,Fried Rice,Lunch,220,136,460
2024-12-25,Wednesday,12,Fried Rice,Dinner,220,153,435
2024-12-25,Wednesday,12,Noodles,Lunch,210,120,344
2024-12-25,Wednesday,12,Noodles,Dinner,210,132,356
2024-12-25,Wednesday,12,Ice Cream,Lunch,120,89,267
2024-12-25,Wednesday,12,Ice Cream,Dinner,120,86,380
2024-12-25,Wednesday,12,Coffee,Lunch,100,137,250
2024-12-25,Wednesday,12,Coffee,Dinner,100,152,343
2024-12-26,Thursday,12,Pizza,Lunch,350,169,371
2024-12-26,Thursday,12,Pizza,Dinner,350,192,284
2024-12-26,Thursday,12,Burger,Lunch,200,144,248
2024-12-26,Thursday,12,Burger,Dinner,200,148,243
2024-12-26,Thursday,12,Pasta,Lunch,300,92,353
2024-12-26,Thursday,12,Pasta,Dinner,300,141,301
2024-12-26,Thursday,12,Sandwich,Lunch,180,80,362
2024-12-26,Thursday,12,Sandwich,Dinner,180,95,225
2024-12-26,Thursday,12,Salad,Lunch,150,47,398
2024-12-26,Thursday,12,Salad,Dinner,150,73,435
2024-12-26,Thursday,12,Biryani,Lunch,250,162,203
2024-12-26,Thursday,12,Biryani,Dinner,250,219,201
2024-12-26,Thursday,12,Fried Rice,Lunch,220,133,359
2024-12-26,Thursday,12,Fried Rice,Dinner,220,154,422
2024-12-26,Thursday,12,Noodles,Lunch,210,103,393
2024-12-26,Thursday,12,Noodles,Dinner,210,143,374
2024-12-26,Thursday,12,Ice Cream,Lunch,120,64,233
2024-12-26,Thursday,12,Ice Cream,Dinner,120,106,467
2024-12-26,Thursday,12,Coffee,Lunch,100,132,404
2024-12-26,Thursday,12,Coffee,Dinner,100,163,396
2024-12-27,Friday,12,Pizza,Lunch,350,159,480
2024-12-27,Friday,12,Pizza,Dinner,350,201,371
2024-12-27,Friday,12,Burger,Lunch,200,130,380
2024-12-27,Friday,12,Burger,Dinner,200,161,455
2024-12-27,Friday,12,Pasta,Lunch,300,91,276
2024-12-27,Friday,12,Pasta,Dinner,300,130,373
2024-12-27,Friday,12,Sandwich,Lunch,180,106,326
2024-12-27,Friday,12,Sandwich,Dinner,180,96,416
2024-12-27,Friday,12,Salad,Lunch,150,69,318
2024-12-27,Friday,12,Salad,Dinner,150,89,240
2024-12-27,Friday,12,Biryani,Lunch,250,170,481
2024-12-27,Friday,12,Biryani,Dinner,250,216,241
2024-12-27,Friday,12,Fried Rice,Lunch,220,99,220
2024-12-27,Friday,12,Fried Rice,Dinner,220,140,355
2024-12-27,Friday,12,Noodles,Lunch,210,128,339
2024-12-27,Friday,12,Noodles,Dinner,210,134,321
2024-12-27,Friday,12,Ice Cream,Lunch,120,62,464
2024-12-27,Friday,12,Ice Cream,Dinner,120,88,364
2024-12-27,Friday,12,Coffee,Lunch,100,154,319
2024-12-27,Friday,12,Coffee,Dinner,100,174,290
2024-12-28,Saturday,12,Pizza,Lunch,350,211,347
2024-12-28,Saturday,12,Pizza,Dinner,350,276,434
2024-12-28,Saturday,12,Burger,Lunch,200,185,461
2024-12-28,Saturday,12,Burger,Dinner,200,223,366
2024-12-28,Saturday,12,Pasta,Lunch,300,145,228
2024-12-28,Saturday,12,Pasta,Dinner,300,163,298
2024-12-28,Saturday,12,Sandwich,Lunch,180,121,371
2024-12-28,Saturday,12,Sandwich,Dinner,180,141,269
2024-12-28,Saturday,12,Salad,Lunch,150,106,478
2024-12-28,Saturday,12,Salad,Dinner,150,107,334
2024-12-28,Saturday,12,Biryani,Lunch,250,222,383
2024-12-28,Saturday,12,Biryani,Dinner,250,283,364
2024-12-28,Saturday,12,Fried Rice,Lunch,220,160,326
2024-12-28,Saturday,12,Fried Rice,Dinner,220,189,432
2024-12-28,Saturday,12,Noodles,Lunch,210,160,240
2024-12-28,Saturday,12,Noodles,Dinner,210,182,344
2024-12-28,Saturday,12,Ice Cream,Lunch,120,124,309
2024-12-28,Saturday,12,Ice Cream,Dinner,120,147,408
2024-12-28,Saturday,12,Coffee,Lunch,100,197,352
2024-12-28,Saturday,12,Coffee,Dinner,100,249,209
2024-12-29,Sunday,12,Pizza,Lunch,350,214,447
2024-12-29,Sunday,12,Pizza,Dinner,350,249,427
2024-12-29,Sunday,12,Burger,Lunch,200,172,230
2024-12-29,Sunday,12,Burger,Dinner,200,200,233
2024-12-29,Sunday,12,Pasta,Lunch,300,139,459
2024-12-29,Sunday,12,Pasta,Dinner,300,167,453
2024-12-29,Sunday,12,Sandwich,Lunch,180,128,418
2024-12-29,Sunday,12,Sandwich,Dinner,180,164,420
2024-12-29,Sunday,12,Salad,Lunch,150,88,480
2024-12-29,Sunday,12,Salad,Dinner,150,96,451
2024-12-29,Sunday,12,Biryani,Lunch,250,251,315
2024-12-29,Sunday,12,Biryani,Dinner,250,296,202
2024-12-29,Sunday,12,Fried Rice,Lunch,220,170,335
2024-12-29,Sunday,12,Fried Rice,Dinner,220,187,458
2024-12-29,Sunday,12,Noodles,Lunch,210,151,334
2024-12-29,Sunday,12,Noodles,Dinner,210,188,470
2024-12-29,Sunday,12,Ice Cream,Lunch,120,106,425
2024-12-29,Sunday,12,Ice Cream,Dinner,120,132,490
2024-12-29,Sunday,12,Coffee,Lunch,100,185,242
2024-12-29,Sunday,12,Coffee,Dinner,100,236,231
2024-12-30,Monday,12,Pizza,Lunch,350,173,437
2024-12-30,Monday,12,Pizza,Dinner,350,180,415
2024-12-30,Monday,12,Burger,Lunch,200,143,469
2024-12-30,Monday,12,Burger,Dinner,200,136,456
2024-12-30,Monday,12,Pasta,Lunch,300,110,389
2024-12-30,Monday,12,Pasta,Dinner,300,115,437
2024-12-30,Monday,12,Sandwich,Lunch,180,84,251
2024-12-30,Monday,12,Sandwich,Dinner,180,106,344
2024-12-30,Monday,12,Salad,Lunch,150,75,290
2024-12-30,Monday,12,Salad,Dinner,150,60,252
2024-12-30,Monday,12,Biryani,Lunch,250,176,289
2024-12-30,Monday,12,Biryani,Dinner,250,186,240
2024-12-30,Monday,12,Fried Rice,Lunch,220,105,221
2024-12-30,Monday,12,Fried Rice,Dinner,220,132,480
2024-12-30,Monday,12,Noodles,Lunch,210,112,448
2024-12-30,Monday,12,Noodles,Dinner,210,131,332
2024-12-30,Monday,12,Ice Cream,Lunch,120,77,269
2024-12-30,Monday,12,Ice Cream,Dinner,120,94,330
2024-12-30,Monday,12,Coffee,Lunch,100,154,344
2024-12-30,Monday,12,Coffee,Dinner,100,153,429
2024-12-31,Tuesday,12,Pizza,Lunch,350,156,301
2024-12-31,Tuesday,12,Pizza,Dinner,350,205,300
2024-12-31,Tuesday,12,Burger,Lunch,200,143,246
2024-12-31,Tuesday,12,Burger,Dinner,200,162,238
2024-12-31,Tuesday,12,Pasta,Lunch,300,111,333
2024-12-31,Tuesday,12,Pasta,Dinner,300,115,495
2024-12-31,Tuesday,12,Sandwich,Lunch,180,103,359
2024-12-31,Tuesday,12,Sandwich,Dinner,180,123,380
2024-12-31,Tuesday,12,Salad,Lunch,150,65,328
2024-12-31,Tuesday,12,Salad,Dinner,150,78,239
2024-12-31,Tuesday,12,Biryani,Lunch,250,172,342
2024-12-31,Tuesday,12,Biryani,Dinner,250,217,336
2024-12-31,Tuesday,12,Fried Rice,Lunch,220,100,406
2024-12-31,Tuesday,12,Fried Rice,Dinner,220,124,387
2024-12-31,Tuesday,12,Noodles,Lunch,210,116,469
2024-12-31,Tuesday,12,Noodles,Dinner,210,142,401
2024-12-31,Tuesday,12,Ice Cream,Lunch,120,75,496
2024-12-31,Tuesday,12,Ice Cream,Dinner,120,86,317
2024-12-31,Tuesday,12,Coffee,Lunch,100,146,233
2024-12-31,Tuesday,12,Coffee,Dinner,100,152,325
